# Blender 5.0.1
# www.blender.org
mtllib pillow.mtl
o Pillow
v 1.142323 -0.029339 -1.142626
v -1.140788 -0.027869 -1.140481
v 1.140788 -0.027869 1.140481
v -1.142322 -0.029338 1.142627
v 1.080891 -0.110077 -0.000135
v 0.000061 -0.110076 -1.080890
v -1.080891 -0.110077 0.000135
v -0.000061 -0.110076 1.080890
v 0.000000 -0.499321 0.000000
v 1.104677 -0.090777 -0.596828
v -0.596592 -0.090550 -1.103756
v -1.104677 -0.090776 0.596829
v 0.596592 -0.090550 1.103756
v 1.103949 -0.090596 0.596488
v 0.596726 -0.090821 -1.104869
v -1.103949 -0.090596 -0.596488
v -0.596725 -0.090821 1.104869
v 0.000061 -0.406370 0.662755
v -0.000061 -0.406370 -0.662755
v 0.662755 -0.406370 -0.000020
v -0.662755 -0.406370 0.000020
v -0.651923 -0.343017 -0.651833
v 0.652082 -0.343275 -0.652171
v 0.651923 -0.343017 0.651834
v -0.652082 -0.343275 0.652171
v 1.134824 -0.066055 -0.892305
v -0.892038 -0.065618 -1.132882
v -1.134824 -0.066055 0.892305
v 0.892038 -0.065618 1.132882
v 1.086342 -0.105179 0.298736
v 0.298944 -0.105293 -1.086786
v -1.086342 -0.105179 -0.298736
v -0.298944 -0.105293 1.086786
v 0.000046 -0.277855 0.927138
v -0.000033 -0.477253 -0.341669
v 0.927138 -0.277856 -0.000054
v -0.341669 -0.477253 0.000011
v 1.086693 -0.105274 -0.299024
v -0.298816 -0.105159 -1.086248
v -1.086693 -0.105274 0.299024
v 0.298816 -0.105159 1.086248
v 1.133237 -0.065707 0.891875
v 0.892142 -0.066138 -1.135166
v -1.133237 -0.065707 -0.891874
v -0.892141 -0.066138 1.135166
v 0.000033 -0.477253 0.341669
v -0.000045 -0.277856 -0.927138
v 0.341669 -0.477253 -0.000010
v -0.927138 -0.277856 0.000054
v -0.660900 -0.391807 -0.330904
v -0.627547 -0.242584 -0.933974
v -0.330986 -0.391801 -0.660852
v -0.934099 -0.242610 -0.627431
v 0.661004 -0.391949 -0.331014
v 0.627673 -0.242879 -0.934681
v 0.934557 -0.242853 -0.627788
v 0.330932 -0.391954 -0.661051
v 0.627547 -0.242584 0.933974
v 0.660901 -0.391807 0.330904
v 0.934099 -0.242611 0.627431
v 0.330986 -0.391801 0.660852
v -0.627673 -0.242879 0.934681
v -0.661003 -0.391949 0.331014
v -0.330932 -0.391954 0.661052
v -0.934557 -0.242853 0.627789
v -0.929707 -0.269685 0.315131
v -0.339346 -0.457260 0.339390
v -0.315027 -0.269700 0.929772
v 0.339366 -0.457169 0.339322
v 0.929470 -0.269558 0.314970
v 0.926912 -0.184151 0.926752
v 0.315027 -0.269700 -0.929772
v 0.927416 -0.184422 -0.927575
v 0.929707 -0.269685 -0.315130
v -0.926912 -0.184151 -0.926752
v -0.315073 -0.269542 -0.929405
v -0.339366 -0.457169 -0.339322
v -0.929470 -0.269558 -0.314969
v 0.339346 -0.457260 -0.339389
v 0.315073 -0.269542 0.929405
v -0.927416 -0.184421 0.927576
v 1.142627 0.073216 -1.142322
v -1.140481 0.071747 -1.140788
v 1.140481 0.071747 1.140788
v -1.142626 0.073216 1.142323
v 1.080890 0.153954 -0.000061
v 0.000135 0.153954 -1.080891
v -1.080890 0.153954 0.000061
v -0.000135 0.153955 1.080891
v 0.000000 0.543199 0.000000
v 1.104869 0.134699 -0.596725
v -0.596488 0.134474 -1.103949
v -1.104869 0.134699 0.596725
v 0.596488 0.134474 1.103949
v 1.103756 0.134428 0.596592
v 0.596829 0.134654 -1.104677
v -1.103756 0.134428 -0.596592
v -0.596828 0.134655 1.104678
v -0.000020 0.450248 0.662755
v 0.000020 0.450248 -0.662755
v 0.662755 0.450248 0.000061
v -0.662755 0.450248 -0.000061
v -0.651833 0.386895 -0.651923
v 0.652171 0.387152 -0.652082
v 0.651834 0.386895 0.651923
v -0.652171 0.387153 0.652082
v 1.135166 0.110016 -0.892141
v -0.891874 0.109585 -1.133237
v -1.135166 0.110016 0.892142
v 0.891875 0.109585 1.133237
v 1.086248 0.149036 0.298816
v 0.299024 0.149152 -1.086693
v -1.086248 0.149037 -0.298816
v -0.299024 0.149152 1.086693
v -0.000054 0.321734 0.927138
v 0.000011 0.521131 -0.341669
v 0.927138 0.321733 0.000046
v -0.341669 0.521131 -0.000033
v 1.086786 0.149171 -0.298944
v -0.298736 0.149057 -1.086342
v -1.086786 0.149171 0.298944
v 0.298736 0.149057 1.086342
v 1.132882 0.109496 0.892038
v 0.892305 0.109933 -1.134824
v -1.132882 0.109496 -0.892038
v -0.892305 0.109933 1.134824
v -0.000010 0.521131 0.341669
v 0.000054 0.321734 -0.927138
v 0.341669 0.521131 0.000033
v -0.927138 0.321734 -0.000045
v -0.660852 0.435679 -0.330986
v -0.627431 0.286488 -0.934099
v -0.330903 0.435685 -0.660901
v -0.933974 0.286462 -0.627547
v 0.661052 0.435832 -0.330932
v 0.627789 0.286731 -0.934557
v 0.934681 0.286757 -0.627672
v 0.331014 0.435827 -0.661003
v 0.627431 0.286488 0.934099
v 0.660852 0.435679 0.330986
v 0.933974 0.286462 0.627547
v 0.330904 0.435685 0.660901
v -0.627788 0.286731 0.934557
v -0.661051 0.435832 0.330932
v -0.331014 0.435827 0.661004
v -0.934681 0.286757 0.627673
v -0.929772 0.313578 0.315027
v -0.339389 0.501138 0.339346
v -0.315130 0.313563 0.929707
v 0.339322 0.501047 0.339366
v 0.929405 0.313420 0.315073
v 0.926752 0.228029 0.926912
v 0.315131 0.313563 -0.929707
v 0.927576 0.228299 -0.927416
v 0.929772 0.313578 -0.315027
v -0.926751 0.228029 -0.926912
v -0.314969 0.313435 -0.929470
v -0.339322 0.501047 -0.339366
v -0.929405 0.313420 -0.315073
v 0.339390 0.501138 -0.339346
v 0.314970 0.313436 0.929470
v -0.927576 0.228300 0.927416
v 1.167379 0.005629 -0.889846
v 1.167468 0.038277 -0.889817
v -0.593168 0.000894 -1.135271
v -0.593147 0.043011 -1.135313
v -0.296275 -0.002058 -1.118464
v -0.296256 0.045945 -1.118484
v 1.136297 0.000848 -0.593466
v 1.136339 0.043055 -0.593445
v 1.113528 0.046943 -0.000139
v 1.113528 -0.003065 -0.000156
v 1.118957 -0.002081 -0.296572
v 1.118977 0.045968 -0.296553
v -0.000139 -0.003065 1.113528
v -0.000156 0.046943 1.113528
v -0.296554 -0.002090 1.118978
v -0.296572 0.045959 1.118957
v -1.113528 -0.003065 0.000156
v -1.113528 0.046943 0.000139
v -1.135271 0.042984 -0.593168
v -1.135313 0.000867 -0.593147
v -1.118484 -0.002067 -0.296256
v -1.118464 0.045936 -0.296275
v -0.593445 0.000823 1.136339
v -0.593466 0.043030 1.136297
v -1.152607 0.032597 1.152562
v -1.152562 0.011281 1.152608
v -0.889818 0.005601 1.167468
v -0.889846 0.038248 1.167379
v 0.296572 0.045959 -1.118957
v 0.296554 -0.002090 -1.118977
v 0.000139 -0.003065 -1.113528
v 0.000157 0.046943 -1.113528
v 0.000157 0.097226 -1.105130
v 0.000109 -0.053348 -1.105130
v 0.297206 -0.050435 -1.110833
v 0.297259 0.094300 -1.110770
v -0.889926 0.071068 1.160579
v -0.889823 -0.027249 1.160844
v -1.158241 -0.009125 1.158413
v -1.158413 0.053003 1.158241
v -0.594153 0.085554 1.128646
v -0.594086 -0.041708 1.128775
v -1.110290 0.094230 -0.296991
v -1.110353 -0.050366 -0.296937
v -1.127778 -0.041573 -0.593820
v -1.127648 0.085416 -0.593887
v -1.105130 0.097226 0.000109
v -1.105130 -0.053348 0.000157
v -0.297259 0.094300 1.110770
v -0.297206 -0.050435 1.110833
v -0.000157 0.097226 1.105131
v -0.000108 -0.053348 1.105130
v 1.110833 0.094313 -0.297206
v 1.110770 -0.050422 -0.297259
v 1.105130 -0.053348 -0.000157
v 1.105130 0.097226 -0.000108
v 1.128775 0.085586 -0.594086
v 1.128646 -0.041676 -0.594153
v -0.296937 0.094244 -1.110353
v -0.296991 -0.050352 -1.110290
v -0.593820 0.085451 -1.127778
v -0.593887 -0.041538 -1.127648
v 1.160844 0.071127 -0.889823
v 1.160579 -0.027190 -0.889926
v 1.158413 0.053003 -1.158241
v 1.158241 -0.009125 -1.158413
v -1.110833 0.094313 0.297206
v -1.110770 -0.050422 0.297259
v -1.128774 0.085586 0.594086
v -1.128645 -0.041676 0.594153
v -0.889615 0.070849 -1.158765
v -0.889719 -0.026906 -1.158491
v -1.157150 0.052112 -1.157323
v -1.157323 -0.008234 -1.157150
v 0.296938 0.094244 1.110353
v 0.296991 -0.050352 1.110290
v 0.593820 0.085451 1.127778
v 0.593887 -0.041538 1.127648
v -1.160844 0.071127 0.889823
v -1.160578 -0.027190 0.889926
v 1.158492 0.070784 0.889719
v 1.158765 -0.026971 0.889615
v 1.157323 -0.008234 1.157151
v 1.157151 0.052112 1.157323
v 1.127648 0.085416 0.593887
v 1.127779 -0.041573 0.593820
v 0.889615 0.070849 1.158765
v 0.889719 -0.026906 1.158492
v 0.889926 0.071068 -1.160578
v 0.889823 -0.027249 -1.160844
v 0.594153 0.085553 -1.128645
v 0.594086 -0.041708 -1.128774
v 1.110290 0.094230 0.296991
v 1.110353 -0.050366 0.296938
v -1.158491 0.070784 -0.889719
v -1.158764 -0.026971 -0.889615
v 1.152608 0.032597 -1.152562
v 1.152562 0.011280 -1.152608
v -1.118977 0.045968 0.296554
v -1.118957 -0.002081 0.296572
v -1.136339 0.043055 0.593445
v -1.136297 0.000848 0.593466
v -0.889542 0.038192 -1.165422
v -0.889570 0.005722 -1.165331
v -1.151700 0.032309 -1.151745
v -1.151745 0.011569 -1.151700
v 0.296257 0.045945 1.118485
v 0.296275 -0.002058 1.118464
v 0.593147 0.043011 1.135313
v 0.593168 0.000894 1.135271
v -1.167468 0.038278 0.889818
v -1.167379 0.005630 0.889846
v 1.165331 0.038156 0.889570
v 1.165422 0.005686 0.889542
v 1.151745 0.011569 1.151700
v 1.151700 0.032309 1.151745
v 1.135272 0.042984 0.593168
v 1.135314 0.000867 0.593148
v 0.889542 0.038192 1.165422
v 0.889570 0.005722 1.165331
v 0.889846 0.038248 -1.167379
v 0.889818 0.005600 -1.167468
v 0.593466 0.043029 -1.136297
v 0.593446 0.000823 -1.136338
v 1.118464 0.045936 0.296275
v 1.118485 -0.002067 0.296257
v -1.165331 0.038156 -0.889570
v -1.165421 0.005686 -0.889542
v 1.147521 -0.046978 -1.037720
v -1.037094 -0.045863 -1.144170
v -1.147520 -0.046978 1.037720
v 1.037095 -0.045863 1.144170
v 1.082138 -0.108831 0.149371
v 0.149569 -0.108886 -1.082349
v -1.082137 -0.108831 -0.149370
v -0.149569 -0.108886 1.082349
v 0.000001 -0.192438 1.021855
v -0.000016 -0.493884 -0.171926
v 1.021855 -0.192439 -0.000091
v -0.171926 -0.493884 0.000006
v 1.094092 -0.099242 -0.448136
v -0.447913 -0.099078 -1.093464
v -1.094092 -0.099241 0.448136
v 0.447914 -0.099078 1.093464
v 1.118034 -0.079735 0.744553
v 0.744806 -0.079986 -1.119150
v -1.118033 -0.079735 -0.744553
v -0.744805 -0.079986 1.119150
v 0.000049 -0.448515 0.506529
v -0.000063 -0.349602 -0.805145
v 0.506529 -0.448515 -0.000014
v -0.805145 -0.349602 0.000032
v -0.662331 -0.402786 -0.165915
v -0.641994 -0.300740 -0.801176
v -0.165997 -0.402782 -0.662306
v -0.801277 -0.300751 -0.641889
v 0.662385 -0.402858 -0.165973
v 0.642145 -0.301027 -0.801685
v 1.039977 -0.167340 -0.610662
v 0.493756 -0.372687 -0.658011
v 0.610436 -0.167091 1.039218
v 0.657801 -0.372476 0.493638
v 1.039380 -0.167132 0.610318
v 0.493722 -0.372471 0.657730
v -0.610545 -0.167379 1.040138
v -0.657941 -0.372683 0.493841
v -0.165891 -0.402861 0.662410
v -0.801585 -0.301017 0.642250
v 1.118896 -0.079924 -0.744931
v -0.744679 -0.079670 -1.117774
v -1.118896 -0.079923 0.744932
v 0.744680 -0.079670 1.117775
v 1.093607 -0.099110 0.447824
v 0.448047 -0.099273 -1.094234
v -1.093607 -0.099110 -0.447824
v -0.448047 -0.099272 1.094234
v 0.000063 -0.349602 0.805145
v -0.000049 -0.448515 -0.506529
v 0.805145 -0.349602 -0.000031
v -0.506529 -0.448515 0.000015
v 1.082303 -0.108877 -0.149644
v -0.149445 -0.108820 -1.082090
v -1.082303 -0.108877 0.149644
v 0.149446 -0.108820 1.082090
v 1.144549 -0.045937 1.036872
v 1.037498 -0.047050 -1.147892
v -1.144549 -0.045936 -1.036871
v -1.037497 -0.047049 1.147892
v 0.000016 -0.493884 0.171926
v -0.000000 -0.192438 -1.021854
v 0.171926 -0.493884 -0.000005
v -1.021855 -0.192438 0.000092
v -0.657800 -0.372476 -0.493637
v -0.610435 -0.167091 -1.039218
v -0.493722 -0.372471 -0.657730
v -1.039380 -0.167132 -0.610318
v 0.657941 -0.372683 -0.493840
v 0.610545 -0.167380 -1.040137
v 0.801585 -0.301017 -0.642250
v 0.165891 -0.402861 -0.662409
v 0.641994 -0.300740 0.801176
v 0.662331 -0.402786 0.165916
v 0.801278 -0.300751 0.641889
v 0.165997 -0.402782 0.662307
v -0.642145 -0.301027 0.801686
v -0.662385 -0.402858 0.165973
v -0.493756 -0.372687 0.658011
v -1.039977 -0.167340 0.610663
v -0.932297 -0.258968 0.472006
v -0.927837 -0.275855 0.157709
v -0.805251 -0.338508 0.323868
v -1.026593 -0.186349 0.306024
v -0.336072 -0.430974 0.504024
v -0.341113 -0.472352 0.170605
v -0.170561 -0.472352 0.341136
v -0.503979 -0.430973 0.336136
v -0.305926 -0.186368 1.026673
v -0.323771 -0.338518 0.805305
v -0.157608 -0.275863 0.927870
v -0.471897 -0.258990 0.932393
v 0.336108 -0.430847 0.503900
v 0.341122 -0.472305 0.170572
v 0.503945 -0.430849 0.336044
v 0.170616 -0.472305 0.341100
v 0.931946 -0.258780 0.471770
v 0.927719 -0.275792 0.157588
v 1.026300 -0.186240 0.305807
v 0.805077 -0.338366 0.323738
v 0.910499 -0.130109 1.053063
v 0.933734 -0.219149 0.780550
v 1.053305 -0.130156 0.910336
v 0.780678 -0.219126 0.933585
v 0.323771 -0.338518 -0.805305
v 0.305926 -0.186368 -1.026673
v 0.471898 -0.258990 -0.932392
v 0.157609 -0.275863 -0.927870
v 0.934255 -0.219422 -0.781092
v 0.910840 -0.130439 -1.054445
v 1.054209 -0.130395 -0.911003
v 0.780964 -0.219443 -0.934402
v 0.927837 -0.275855 -0.157709
v 0.932297 -0.258968 -0.472006
v 1.026593 -0.186349 -0.306024
v 0.805251 -0.338508 -0.323867
v -0.933733 -0.219149 -0.780549
v -0.910499 -0.130109 -1.053063
v -0.780678 -0.219126 -0.933585
v -1.053305 -0.130156 -0.910335
v -0.323835 -0.338355 -0.805021
v -0.305904 -0.186220 -1.026219
v -0.157689 -0.275783 -0.927685
v -0.471879 -0.258757 -0.931849
v -0.341122 -0.472305 -0.170572
v -0.336108 -0.430847 -0.503899
v -0.170616 -0.472305 -0.341100
v -0.503945 -0.430848 -0.336044
v -0.927719 -0.275792 -0.157588
v -0.931946 -0.258780 -0.471770
v -0.805076 -0.338366 -0.323738
v -1.026300 -0.186240 -0.305806
v 0.341113 -0.472352 -0.170605
v 0.336072 -0.430974 -0.504024
v 0.503979 -0.430973 -0.336136
v 0.170561 -0.472352 -0.341135
v 0.305905 -0.186220 1.026219
v 0.323835 -0.338355 0.805022
v 0.471879 -0.258757 0.931849
v 0.157689 -0.275783 0.927686
v -0.910840 -0.130439 1.054445
v -0.934255 -0.219421 0.781093
v -0.780964 -0.219443 0.934402
v -1.054209 -0.130395 0.911003
v 1.147892 0.090927 -1.037497
v -1.036871 0.089814 -1.144549
v -1.147892 0.090928 1.037498
v 1.036872 0.089814 1.144550
v 1.082090 0.152698 0.149446
v 0.149645 0.152755 -1.082303
v -1.082090 0.152698 -0.149445
v -0.149644 0.152755 1.082303
v -0.000091 0.236316 1.021855
v 0.000006 0.537762 -0.171926
v 1.021855 0.236316 0.000001
v -0.171926 0.537762 -0.000016
v 1.094234 0.143150 -0.448047
v -0.447824 0.142988 -1.093607
v -1.094234 0.143151 0.448047
v 0.447824 0.142988 1.093607
v 1.117775 0.123548 0.744680
v 0.744932 0.123801 -1.118896
v -1.117774 0.123548 -0.744680
v -0.744931 0.123802 1.118896
v -0.000014 0.492393 0.506529
v 0.000032 0.393480 -0.805145
v 0.506529 0.492393 0.000049
v -0.805145 0.393480 -0.000063
v -0.662306 0.446660 -0.165997
v -0.641889 0.344629 -0.801278
v -0.165915 0.446664 -0.662331
v -0.801176 0.344618 -0.641994
v 0.662410 0.446739 -0.165891
v 0.642250 0.344894 -0.801585
v 1.040138 0.211257 -0.610545
v 0.493841 0.416560 -0.657941
v 0.610318 0.211010 1.039380
v 0.657730 0.416349 0.493722
v 1.039218 0.210969 0.610436
v 0.493638 0.416354 0.657801
v -0.610662 0.211218 1.039977
v -0.658011 0.416565 0.493756
v -0.165972 0.446736 0.662385
v -0.801685 0.344905 0.642145
v 1.119151 0.123863 -0.744805
v -0.744553 0.123613 -1.118033
v -1.119150 0.123864 0.744805
v 0.744553 0.123613 1.118034
v 1.093464 0.142956 0.447914
v 0.448137 0.143119 -1.094092
v -1.093464 0.142956 -0.447914
v -0.448136 0.143120 1.094092
v -0.000031 0.393480 0.805145
v 0.000015 0.492393 -0.506529
v 0.805145 0.393480 0.000063
v -0.506529 0.492393 -0.000049
v 1.082349 0.152764 -0.149569
v -0.149370 0.152709 -1.082137
v -1.082349 0.152764 0.149569
v 0.149370 0.152709 1.082137
v 1.144170 0.089741 1.037095
v 1.037720 0.090856 -1.147520
v -1.144170 0.089741 -1.037094
v -1.037720 0.090856 1.147520
v -0.000005 0.537762 0.171926
v 0.000092 0.236316 -1.021855
v 0.171926 0.537762 0.000016
v -1.021854 0.236316 -0.000001
v -0.657730 0.416349 -0.493722
v -0.610318 0.211010 -1.039380
v -0.493637 0.416354 -0.657800
v -1.039218 0.210969 -0.610436
v 0.658012 0.416565 -0.493756
v 0.610663 0.211218 -1.039977
v 0.801686 0.344905 -0.642145
v 0.165973 0.446736 -0.662385
v 0.641889 0.344629 0.801278
v 0.662307 0.446660 0.165997
v 0.801176 0.344618 0.641994
v 0.165916 0.446664 0.662331
v -0.642250 0.344895 0.801585
v -0.662409 0.446739 0.165891
v -0.493840 0.416561 0.657941
v -1.040137 0.211258 0.610545
v -0.932392 0.302868 0.471898
v -0.927869 0.319741 0.157609
v -0.805305 0.382396 0.323771
v -1.026673 0.230246 0.305926
v -0.336136 0.474851 0.503979
v -0.341135 0.516230 0.170561
v -0.170605 0.516230 0.341113
v -0.504024 0.474852 0.336072
v -0.306024 0.230227 1.026593
v -0.323867 0.382386 0.805251
v -0.157709 0.319733 0.927837
v -0.472006 0.302846 0.932297
v 0.336044 0.474726 0.503945
v 0.341100 0.516183 0.170616
v 0.503900 0.474725 0.336108
v 0.170573 0.516183 0.341122
v 0.931849 0.302635 0.471879
v 0.927686 0.319661 0.157689
v 1.026219 0.230098 0.305905
v 0.805022 0.382233 0.323835
v 0.910336 0.174034 1.053305
v 0.933585 0.263004 0.780679
v 1.053063 0.173987 0.910499
v 0.780550 0.263027 0.933734
v 0.323868 0.382386 -0.805251
v 0.306024 0.230227 -1.026593
v 0.472006 0.302846 -0.932296
v 0.157709 0.319733 -0.927837
v 0.934402 0.263321 -0.780964
v 0.911004 0.174273 -1.054209
v 1.054446 0.174317 -0.910840
v 0.781093 0.263299 -0.934255
v 0.927870 0.319741 -0.157608
v 0.932393 0.302868 -0.471897
v 1.026673 0.230246 -0.305926
v 0.805305 0.382395 -0.323771
v -0.933585 0.263004 -0.780678
v -0.910335 0.174034 -1.053305
v -0.780549 0.263027 -0.933733
v -1.053063 0.173987 -0.910499
v -0.323738 0.382244 -0.805077
v -0.305806 0.230118 -1.026300
v -0.157588 0.319670 -0.927719
v -0.471770 0.302658 -0.931946
v -0.341099 0.516183 -0.170616
v -0.336044 0.474726 -0.503945
v -0.170572 0.516183 -0.341122
v -0.503899 0.474725 -0.336108
v -0.927685 0.319661 -0.157689
v -0.931849 0.302635 -0.471879
v -0.805021 0.382233 -0.323835
v -1.026219 0.230098 -0.305905
v 0.341136 0.516230 -0.170561
v 0.336136 0.474851 -0.503979
v 0.504025 0.474852 -0.336072
v 0.170605 0.516230 -0.341113
v 0.305807 0.230118 1.026300
v 0.323738 0.382244 0.805077
v 0.471770 0.302658 0.931946
v 0.157588 0.319670 0.927719
v -0.911003 0.174273 1.054209
v -0.934402 0.263321 0.780964
v -0.781093 0.263299 0.934255
v -1.054445 0.174317 0.910840
v 0.148318 -0.002821 -1.114797
v -0.742121 0.002954 1.150879
v -1.125408 -0.000839 -0.444612
v -1.114562 0.046684 -0.148039
v -0.444933 0.044733 1.126030
v -0.148335 0.046696 1.114787
v 1.120122 0.021943 -0.296471
v 0.000150 0.021939 -1.114711
v -0.296170 0.021944 -1.119627
v 1.137409 0.021951 -0.593345
v 1.168420 0.021951 -0.889748
v -1.114797 0.046699 0.148318
v -1.126061 0.044748 0.444914
v -0.741808 0.040878 -1.149697
v -1.032803 0.034748 -1.174682
v 0.148022 0.046689 1.114573
v 0.444612 0.044717 1.125409
v -1.150879 0.040924 0.742121
v -1.178044 0.034992 1.032967
v 1.174601 0.034747 1.032838
v 1.149638 0.040840 0.741831
v 0.741808 0.040878 1.149697
v 1.032803 0.034748 1.174682
v 1.151959 0.021939 -1.151959
v 0.742121 0.002954 -1.150879
v 1.136380 0.021926 0.593042
v 1.119627 0.021934 0.296171
v -1.174681 0.009130 -1.032803
v -1.174600 0.034747 -1.032838
v -1.149637 0.040840 -0.741830
v 0.444914 -0.000870 -1.126061
v 0.444934 0.044732 -1.126029
v 0.148335 0.046695 -1.114787
v -0.889748 0.021927 1.168420
v -1.125377 0.044700 -0.444631
v -0.444914 -0.000870 1.126061
v -0.148318 -0.002821 1.114797
v 1.114787 -0.002818 -0.148335
v 1.126061 0.044748 -0.444914
v -0.148021 0.046688 -1.114572
v -0.444612 0.044717 -1.125408
v 1.150879 0.040924 -0.742121
v 1.178044 0.034991 -1.032967
v -1.126030 -0.000854 0.444934
v -0.741830 0.003037 -1.149637
v -1.032837 0.009131 -1.174600
v 0.148039 -0.002806 1.114562
v 0.444632 -0.000822 1.125377
v -1.150820 0.002989 0.742143
v -1.177963 0.008883 1.033002
v -1.151959 0.021939 1.151959
v 1.149697 0.003000 0.741808
v 0.741831 0.003037 1.149638
v 1.032838 0.009131 1.174601
v 1.151143 0.021939 1.151143
v 1.033002 0.034995 -1.177963
v 0.889748 0.021926 -1.168419
v 1.125377 0.044700 0.444632
v 1.114562 0.046684 0.148039
v -1.151142 0.021939 -1.151142
v -1.149697 0.003000 -0.741808
v -1.136380 0.021926 -0.593042
v 0.593345 0.021927 -1.137409
v 0.296471 0.021935 -1.120122
v -0.742143 0.040889 1.150820
v -0.148039 -0.002806 -1.114562
v 0.593042 0.021952 1.136380
v -1.120122 0.021943 0.296471
v 1.114711 0.021939 -0.000149
v -1.166379 0.021923 -0.889458
v -1.137409 0.021951 0.593345
v 1.114573 -0.002811 0.148022
v 1.032967 0.008886 -1.178044
v 0.742143 0.040889 -1.150820
v 1.125409 -0.000839 0.444612
v -0.593345 0.021927 1.137409
v 1.174682 0.009130 1.032803
v 0.889458 0.021955 1.166380
v 1.177963 0.008883 -1.033001
v 1.166380 0.021923 0.889459
v -0.000150 0.021939 1.114711
v -1.168419 0.021952 0.889748
v -0.444631 -0.000822 -1.125377
v 0.296170 0.021944 1.119627
v -0.593042 0.021952 -1.136380
v -0.889458 0.021955 -1.166379
v -1.032967 0.008886 1.178044
v -1.114786 -0.002817 0.148335
v -1.114711 0.021939 0.000150
v 1.150821 0.002989 -0.742143
v -0.296471 0.021935 1.120122
v 1.114797 0.046699 -0.148318
v 1.126030 -0.000855 -0.444933
v -1.114572 -0.002811 -0.148022
v -1.119627 0.021934 -0.296170
v -1.033001 0.034995 1.177963
v 1.115861 -0.026522 -0.296860
v 0.445757 0.090643 -1.118071
v 1.133403 -0.020673 -0.593791
v 0.445698 -0.046787 -1.118166
v -0.000125 -0.028483 1.110353
v -1.142250 0.078987 -0.742016
v 1.155795 0.043032 -1.155691
v -1.142432 -0.035158 -0.741935
v -1.171199 0.059834 -1.036784
v 1.133489 0.064579 -0.593748
v -1.171470 -0.016008 -1.036655
v 1.115903 0.070410 -0.296823
v 1.106240 0.096458 0.148452
v 0.889977 -0.011064 -1.164995
v 1.106272 -0.052587 0.148402
v 1.117420 0.090546 0.445485
v 0.593749 -0.020701 -1.133489
v 1.117516 -0.046690 0.445426
v 0.742279 0.079135 -1.143418
v -0.000159 0.072361 1.110354
v 0.742200 -0.035304 -1.143597
v 1.036948 0.060601 -1.174816
v 0.296574 -0.026475 1.115373
v 1.036820 -0.016772 -1.175085
v 0.593508 -0.020582 1.132389
v 1.036655 0.059886 1.171471
v 0.593791 0.064551 -1.133403
v 1.036784 -0.015956 1.171199
v 0.741935 0.079036 1.142432
v 0.890042 0.054900 -1.164813
v 0.742016 -0.035109 1.142250
v 1.142250 0.078986 0.742016
v 1.132475 -0.020612 0.593465
v 1.142432 -0.035158 0.741935
v 1.171199 0.059834 1.036784
v 1.171471 -0.016008 1.036655
v 0.593465 0.064490 1.132475
v -1.175085 0.060650 1.036820
v 0.296538 0.070365 1.115415
v -1.174816 -0.016723 1.036947
v -1.143597 0.079182 0.742199
v -0.296574 -0.026475 -1.115373
v -1.143418 -0.035257 0.742279
v 0.445426 0.090568 1.117516
v -0.593507 -0.020582 -1.132389
v 0.445485 -0.046668 1.117420
v 0.148402 0.096465 1.106272
v 0.296824 -0.026532 -1.115903
v 0.148452 -0.052580 1.106240
v -1.036655 0.059886 -1.171471
v 0.000125 -0.028483 -1.110353
v -1.036783 -0.015956 -1.171199
v -0.741935 0.079036 -1.142432
v -1.133403 -0.020673 0.593791
v -0.742016 -0.035109 -1.142250
v -1.118167 0.090665 0.445698
v -1.164813 -0.011022 0.890041
v -1.118071 -0.046765 0.445757
v -1.106493 0.096498 0.148668
v 0.000159 0.072361 -1.110353
v -1.106462 -0.052614 0.148718
v 1.175086 0.060650 -1.036820
v 0.296860 0.070400 -1.115861
v 1.174816 -0.016723 -1.036947
v 1.143598 0.079181 -0.742199
v 1.115373 0.070353 0.296575
v 1.143418 -0.035257 -0.742279
v -0.445426 0.090568 -1.117516
v 1.132389 0.064460 0.593508
v -0.445485 -0.046668 -1.117420
v -0.148402 0.096465 -1.106271
v -0.593464 0.064490 -1.132475
v -0.148452 -0.052580 -1.106239
v 1.118167 0.090664 -0.445698
v -0.296538 0.070364 -1.115415
v 1.118072 -0.046765 -0.445757
v 1.106494 0.096498 -0.148668
v 1.106463 -0.052614 -0.148718
v -0.148718 0.096492 1.106463
v -1.155691 0.000846 1.155795
v -0.148668 -0.052620 1.106494
v -0.445757 0.090643 1.118071
v -0.889977 -0.011063 1.164995
v -0.445698 -0.046786 1.118167
v -1.106239 0.096458 -0.148452
v 1.115415 -0.026487 0.296538
v -1.106271 -0.052587 -0.148402
v -1.117420 0.090546 -0.445485
v -1.117516 -0.046690 -0.445426
v -0.742279 0.079135 1.143418
v 1.110353 -0.028483 -0.000159
v -0.742199 -0.035303 1.143598
v -1.036947 0.060601 1.174816
v -1.036820 -0.016772 1.175085
v 0.148718 0.096492 -1.106462
v 0.148669 -0.052620 -1.106493
v 0.000152 0.119716 -1.098103
v -0.297138 0.115791 -1.103522
v 0.297386 -0.072006 -1.103991
v 0.000091 -0.075837 -1.098103
v 0.297453 0.115867 -1.103910
v -0.297205 -0.071896 -1.103440
v 0.594074 0.104341 -1.122214
v 0.593988 -0.060502 -1.122381
v -0.889026 0.085280 1.154746
v -0.594074 0.104341 1.122214
v -1.156486 -0.017897 1.156728
v -0.888888 -0.041478 1.155070
v -1.156728 0.061775 1.156486
v -0.593987 -0.060502 1.122382
v -1.155070 0.085356 0.888888
v -1.154746 -0.041402 0.889026
v -0.297452 0.115867 1.103910
v -0.297385 -0.072005 1.103991
v -1.103440 0.115774 -0.297205
v -1.098103 0.119715 0.000091
v -1.121408 -0.060319 -0.593736
v -1.103522 -0.071913 -0.297138
v -1.121239 0.104156 -0.593823
v -1.098103 -0.075838 0.000152
v -1.152637 0.084891 -0.888813
v -1.152973 -0.041095 -0.888674
v -1.103991 0.115884 0.297386
v -1.103910 -0.071989 0.297453
v -0.000151 0.119716 1.098103
v -0.000090 -0.075837 1.098103
v 0.297138 0.115791 1.103522
v 0.297206 -0.071896 1.103440
v 1.103991 0.115883 -0.297385
v 1.122382 0.104380 -0.593987
v 1.098103 -0.075838 -0.000151
v 1.103910 -0.071989 -0.297452
v 1.098103 0.119715 -0.000090
v 1.122214 -0.060463 -0.594074
v 1.103440 0.115773 0.297206
v 1.103522 -0.071913 0.297138
v 1.155070 0.085356 -0.888888
v 1.154746 -0.041402 -0.889026
v -0.593736 0.104197 -1.121408
v -0.593823 -0.060278 -1.121239
v -0.888674 0.084973 -1.152973
v -0.888813 -0.041013 -1.152637
v 1.156729 0.061775 -1.156486
v 1.156486 -0.017897 -1.156728
v 0.889027 0.085280 -1.154746
v 0.888889 -0.041478 -1.155070
v -1.122382 0.104380 0.593987
v -1.122214 -0.060463 0.594074
v -1.155067 0.060520 -1.155310
v -1.155310 -0.016642 -1.155067
v 0.593736 0.104197 1.121408
v 0.593823 -0.060278 1.121239
v 0.888674 0.084973 1.152973
v 0.888813 -0.041013 1.152638
v 1.152637 0.084890 0.888813
v 1.121239 0.104156 0.593824
v 1.155310 -0.016642 1.155067
v 1.152973 -0.041095 0.888674
v 1.155067 0.060519 1.155310
v 1.121408 -0.060319 0.593736
v -0.889735 0.054762 -1.162935
v -1.154741 0.042448 -1.154844
v 1.155691 0.000846 -1.155795
v 1.110353 0.072361 -0.000125
v -1.154844 0.001430 -1.154741
v -0.889800 -0.010837 -1.162747
v 0.889736 0.054762 1.162935
v 1.154741 0.042448 1.154844
v -0.296860 0.070400 1.115861
v 1.154844 0.001430 1.154741
v 0.889800 -0.010837 1.162748
v -0.296823 -0.026532 1.115903
v -0.593791 0.064551 1.133403
v -1.115902 0.070410 0.296824
v -1.133489 0.064579 0.593749
v -0.593749 -0.020701 1.133489
v -1.115861 -0.026522 0.296860
v 1.162748 0.054715 0.889800
v -1.162747 0.054715 -0.889800
v -1.132389 0.064460 -0.593508
v -1.115373 0.070353 -0.296574
v -1.110353 0.072361 0.000125
v 1.162935 -0.010885 0.889736
v -1.132475 -0.020612 -0.593465
v -1.162934 -0.010885 -0.889736
v -1.110353 -0.028483 0.000159
v -1.115415 -0.026487 -0.296538
v 1.164995 0.054941 -0.889977
v -0.890041 0.054900 1.164813
v 1.164813 -0.011022 -0.890041
v -1.164995 0.054941 0.889977
v -1.155795 0.043032 1.155691
v 0.741690 -0.052042 -1.137430
v 0.741796 0.095864 -1.137202
v 1.110871 -0.067072 0.445573
v 1.110746 0.110922 0.445649
v 1.035720 -0.026791 1.166520
v 1.035542 0.070743 1.166868
v 1.136273 -0.051843 0.741443
v 1.166519 0.070669 1.035720
v 1.166868 -0.026865 1.035542
v 1.136041 0.095662 0.741549
v 0.741549 -0.051784 1.136041
v 0.741443 0.095720 1.136273
v 0.445649 -0.067044 1.110746
v 0.445573 0.110949 1.110871
v -1.166867 -0.026865 -1.035542
v -1.166519 0.070669 -1.035719
v -1.035719 -0.026791 -1.166519
v -1.035542 0.070743 -1.166868
v -1.137202 -0.051986 0.741795
v -1.137430 0.095920 0.741690
v -1.111394 -0.067175 0.445902
v -1.111517 0.111080 0.445827
v 1.035857 -0.027914 -1.170625
v 1.036033 0.071721 -1.170281
v 1.170282 -0.027843 -1.036033
v 1.170625 0.071792 -1.035857
v -0.741549 -0.051784 -1.136041
v -0.741443 0.095720 -1.136273
v -0.445648 -0.067044 -1.110746
v -0.445573 0.110949 -1.110871
v 1.137202 -0.051986 -0.741795
v 1.137430 0.095920 -0.741690
v 1.099313 -0.074836 0.148535
v 1.099271 0.118705 0.148598
v 1.111394 -0.067175 -0.445902
v 1.099533 0.118759 -0.148778
v 1.099492 -0.074873 -0.148841
v 1.111518 0.111079 -0.445827
v 0.148597 -0.074827 1.099271
v 0.148535 0.118714 1.099312
v -0.148778 -0.074881 1.099532
v -0.148841 0.118751 1.099492
v -1.099492 -0.074873 0.148841
v -1.099532 0.118759 0.148778
v -1.136272 -0.051843 -0.741443
v -1.136041 0.095662 -0.741549
v -1.099312 -0.074836 -0.148535
v -1.110746 0.110922 -0.445649
v -1.110870 -0.067071 -0.445573
v -1.099271 0.118705 -0.148597
v -0.445827 -0.067201 1.111518
v -0.445902 0.111053 1.111394
v -1.170282 -0.027843 1.036033
v -1.170625 0.071792 1.035857
v -0.741690 -0.052042 1.137430
v -1.036033 0.071721 1.170282
v -1.035857 -0.027914 1.170625
v -0.741795 0.095864 1.137202
v 0.445827 -0.067202 -1.111517
v 0.445902 0.111053 -1.111394
v -0.148597 -0.074828 -1.099271
v 0.148841 0.118751 -1.099492
v 0.148778 -0.074881 -1.099532
v -0.148534 0.118714 -1.099312
v 1.111437 -0.027973 0.148177
v -1.035099 -0.004162 1.177204
v -0.444958 0.067906 -1.122431
v 1.122367 0.067887 0.444998
v 0.148496 0.071868 -1.111639
v -1.148018 -0.016391 0.742275
v 0.148461 -0.027995 -1.111660
v -0.444998 -0.024010 -1.122367
v 0.444959 0.067906 1.122431
v 1.122431 -0.024028 0.444959
v -0.148176 0.071851 -1.111436
v 0.742275 0.060269 -1.148018
v 0.444998 -0.024010 1.122368
v -0.148211 -0.027968 -1.111415
v 0.148177 0.071851 1.111437
v 0.742225 -0.016430 -1.148138
v 1.123083 0.067969 -0.445248
v 1.035178 0.048021 -1.177028
v 0.148211 -0.027968 1.111416
v 1.123020 -0.024074 -0.445287
v -1.034948 0.047542 -1.173730
v 1.035099 -0.004163 -1.177203
v 1.111661 0.071873 -0.148461
v 1.111640 -0.027991 -0.148495
v -1.035027 -0.003641 -1.173554
v 1.034948 0.047542 1.173730
v -0.148495 0.071869 1.111639
v -0.741935 0.060213 -1.146964
v 1.035027 -0.003641 1.173554
v 0.445288 0.067952 -1.123019
v -0.148461 -0.027995 1.111660
v -0.741985 -0.016293 -1.146842
v -1.122367 0.067888 -0.444998
v 1.173730 -0.003664 1.034948
v -1.173730 -0.003664 -1.034948
v 1.177028 -0.004143 -1.035177
v 1.148139 0.060308 -0.742225
v -0.742225 -0.016430 1.148139
v -1.035177 0.048021 1.177028
v -1.148138 0.060308 0.742225
v -1.150729 0.021921 -0.741743
v 1.115739 0.021937 0.147977
v 0.742065 0.021922 -1.151914
v 1.032290 0.021936 1.175239
v 1.150730 0.021921 0.741743
v -1.178555 0.021934 1.032455
v 0.444503 0.021947 1.126521
v -1.032290 0.021936 -1.175238
v -1.127172 0.021946 0.444810
v 1.178556 0.021934 -1.032455
v -0.444503 0.021947 -1.126520
v 1.127173 0.021946 -0.444809
v -0.148276 0.021937 1.115963
v -1.115739 0.021937 -0.147977
v -0.742064 0.021923 1.151914
v 0.148277 0.021937 -1.115963
v -0.445287 0.067952 1.123020
v 0.445248 -0.024091 -1.123083
v -0.445248 -0.024091 1.123083
v 1.146842 0.060171 0.741985
v -1.146842 0.060171 -0.741985
v -1.111415 0.071846 -0.148211
v -1.111660 0.071873 0.148461
v 1.146964 -0.016335 0.741935
v -1.146963 -0.016335 -0.741935
v -1.111436 -0.027973 -0.148176
v -1.111639 -0.027990 0.148495
v 1.173554 0.047519 1.035027
v -1.173553 0.047519 -1.035027
v 1.177204 0.048040 -1.035099
v -1.122431 -0.024028 -0.444958
v -0.742275 0.060269 1.148018
v -1.177203 0.048040 1.035099
v 1.111416 0.071846 0.148211
v -1.177028 -0.004143 1.035177
v 1.148018 -0.016391 -0.742274
v 0.444810 0.021932 -1.127172
v -1.175238 0.021942 -1.032290
v 1.126521 0.021931 0.444503
v 1.032455 0.021944 -1.178555
v 0.741743 0.021957 1.150730
v 1.175239 0.021942 1.032290
v -1.151914 0.021955 0.742065
v 0.147977 0.021941 1.115739
v -0.741743 0.021957 -1.150729
v -1.115963 0.021941 0.148277
v 1.151914 0.021955 -0.742064
v -0.147977 0.021941 -1.115739
v 1.115964 0.021941 -0.148276
v -0.444809 0.021932 1.127173
v -1.126520 0.021931 -0.444503
v -1.032455 0.021944 1.178556
v 0.741935 0.060213 1.146964
v -1.123083 0.067969 0.445248
v 0.741985 -0.016293 1.146842
v -1.123019 -0.024074 0.445288
v -1.048713 0.195949 0.761751
v -0.794573 0.311568 0.794456
v -0.761885 0.195901 1.048512
v 0.162115 0.390707 0.805156
v 0.484117 0.367378 0.804228
v 0.458331 0.222288 1.031912
v 0.168772 0.488108 -0.505939
v 0.500219 0.451582 -0.500153
v 0.505963 0.488110 -0.168708
v -1.031790 0.222258 -0.458437
v -0.804148 0.367365 -0.484216
v -0.805128 0.390701 -0.162209
v -0.500047 0.451404 -0.500113
v -0.168727 0.488045 -0.505920
v -0.171595 0.532443 -0.171617
v -0.458331 0.222288 -1.031912
v -0.152942 0.234757 -1.022913
v -0.162114 0.390706 -0.805156
v -1.048740 0.138646 -1.048982
v -0.761412 0.195668 -1.047786
v -0.794015 0.311267 -0.794133
v 0.804559 0.367600 -0.484238
v 1.032461 0.222475 -0.458491
v 1.023097 0.234820 -0.153040
v 0.761886 0.195901 -1.048512
v 1.050183 0.139083 -1.049943
v 1.048714 0.195949 -0.761751
v 0.153134 0.234811 -1.023057
v 0.458598 0.222446 -1.032341
v 0.484338 0.367587 -0.804479
v 0.794015 0.311267 0.794133
v 1.047582 0.195618 0.761547
v 1.048740 0.138646 1.048982
v 0.805128 0.390701 0.162210
v 1.022873 0.234747 0.153036
v 1.031791 0.222258 0.458437
v 0.171595 0.532443 0.171617
v 0.505897 0.488043 0.168791
v 0.500047 0.451404 0.500113
v -0.484337 0.367587 0.804479
v -0.162193 0.390778 0.805245
v -0.153133 0.234811 1.023057
v -0.505962 0.488110 0.168708
v -0.171612 0.532468 0.171591
v -0.168771 0.488109 0.505939
v -1.023096 0.234820 0.153040
v -0.805272 0.390783 0.162099
v -0.804558 0.367600 0.484238
v -1.032461 0.222475 0.458492
v -0.500219 0.451582 0.500153
v -0.458597 0.222447 1.032341
v 0.168727 0.488045 0.505920
v 0.804148 0.367365 0.484217
v 0.761413 0.195668 1.047786
v 0.162194 0.390778 -0.805244
v 0.794573 0.311568 -0.794456
v 0.805272 0.390783 -0.162098
v -1.047581 0.195618 -0.761547
v -0.484117 0.367378 -0.804228
v -0.505897 0.488043 -0.168791
v -1.022872 0.234747 -0.153036
v 0.171613 0.532468 -0.171591
v 0.152943 0.234757 1.022913
v -1.050183 0.139083 1.049943
v -1.048512 -0.152023 0.761886
v -0.794456 -0.267690 0.794573
v -0.761751 -0.152071 1.048713
v 0.162210 -0.346823 0.805128
v 0.484216 -0.323487 0.804148
v 0.458437 -0.178380 1.031791
v 0.168708 -0.444232 -0.505962
v 0.500153 -0.407704 -0.500219
v 0.505939 -0.444231 -0.168772
v -1.031912 -0.178410 -0.458331
v -0.804228 -0.323500 -0.484117
v -0.805156 -0.346829 -0.162114
v -0.500113 -0.407527 -0.500047
v -0.168791 -0.444166 -0.505897
v -0.171617 -0.488565 -0.171595
v -0.458437 -0.178380 -1.031791
v -0.153036 -0.190869 -1.022872
v -0.162209 -0.346823 -0.805128
v -1.048982 -0.094768 -1.048740
v -0.761546 -0.151740 -1.047581
v -0.794133 -0.267389 -0.794015
v 0.804479 -0.323709 -0.484337
v 1.032341 -0.178569 -0.458597
v 1.023057 -0.190934 -0.153133
v 0.761751 -0.152071 -1.048713
v 1.049943 -0.095205 -1.050183
v 1.048512 -0.152023 -0.761885
v 0.153040 -0.190942 -1.023097
v 0.458492 -0.178597 -1.032461
v 0.484238 -0.323722 -0.804558
v 0.794133 -0.267389 0.794015
v 1.047786 -0.151790 0.761413
v 1.048982 -0.094768 1.048740
v 0.805156 -0.346829 0.162115
v 1.022913 -0.190879 0.152943
v 1.031912 -0.178410 0.458331
v 0.171617 -0.488565 0.171595
v 0.505920 -0.444167 0.168727
v 0.500113 -0.407527 0.500047
v -0.484238 -0.323722 0.804559
v -0.162098 -0.346905 0.805272
v -0.153040 -0.190942 1.023097
v -0.505939 -0.444231 0.168772
v -0.171591 -0.488590 0.171613
v -0.168708 -0.444232 0.505963
v -1.023057 -0.190933 0.153134
v -0.805244 -0.346900 0.162194
v -0.804479 -0.323709 0.484338
v -1.032341 -0.178569 0.458598
v -0.500153 -0.407704 0.500219
v -0.458492 -0.178597 1.032461
v 0.168791 -0.444165 0.505897
v 0.804228 -0.323500 0.484117
v 0.761547 -0.151740 1.047582
v 0.162099 -0.346905 -0.805272
v 0.794456 -0.267690 -0.794573
v 0.805245 -0.346900 -0.162193
v -1.047786 -0.151790 -0.761412
v -0.484216 -0.323487 -0.804148
v -0.505920 -0.444167 -0.168727
v -1.022913 -0.190879 -0.152942
v 0.171591 -0.488590 -0.171613
v 0.153036 -0.190869 1.022873
v -1.049943 -0.095205 1.050183
v 1.149875 -0.035884 -1.103894
v -1.102691 -0.034504 -1.147159
v -1.149875 -0.035884 1.103894
v 1.102691 -0.034504 1.147159
v 1.081171 -0.109758 0.074627
v 0.074824 -0.109785 -1.081272
v -1.081171 -0.109758 -0.074627
v -0.074823 -0.109784 1.081272
v -0.000032 -0.147240 1.056825
v -0.000008 -0.497969 -0.086094
v 1.056825 -0.147241 -0.000115
v -0.086094 -0.497969 0.000003
v 1.098944 -0.095307 -0.522546
v -0.522317 -0.095110 -1.098166
v -1.098943 -0.095307 0.522546
v 0.522317 -0.095110 1.098167
v 1.110578 -0.085472 0.670601
v 0.670848 -0.085712 -1.111589
v -1.110578 -0.085471 -0.670601
v -0.670847 -0.085712 1.111590
v 0.000056 -0.429203 0.586015
v -0.000064 -0.379863 -0.736068
v 0.586015 -0.429204 -0.000017
v -0.736068 -0.379863 0.000025
v -0.662646 -0.405471 -0.083004
v -0.647527 -0.323679 -0.728012
v -0.083086 -0.405469 -0.662634
v -0.728106 -0.323684 -0.647429
v 0.662674 -0.405507 -0.083049
v 0.647685 -0.323955 -0.728431
v 1.078561 -0.125439 -0.602633
v 0.573694 -0.359401 -0.655525
v 0.602404 -0.125200 1.077711
v 0.655292 -0.359163 0.573516
v 1.077893 -0.125245 0.602292
v 0.573602 -0.359160 0.655212
v -0.602522 -0.125482 1.078741
v -0.655445 -0.359398 0.573781
v -0.082967 -0.405508 0.662686
v -0.728337 -0.323950 0.647783
v 1.126964 -0.073481 -0.818726
v -0.818474 -0.073192 -1.125600
v -1.126963 -0.073481 0.818726
v 0.818474 -0.073192 1.125601
v 1.089607 -0.102452 0.373323
v 0.373538 -0.102589 -1.090134
v -1.089607 -0.102452 -0.373323
v -0.373538 -0.102589 1.090135
v 0.000057 -0.315560 0.869134
v -0.000041 -0.464475 -0.424917
v 0.869134 -0.315560 -0.000041
v -0.424917 -0.464475 0.000013
v 1.084118 -0.107376 -0.224359
v -0.224156 -0.107289 -1.083782
v -1.084118 -0.107376 0.224359
v 0.224157 -0.107289 1.083783
v 1.139250 -0.056662 0.964975
v 0.965321 -0.057409 -1.142115
v -1.139250 -0.056662 -0.964974
v -0.965321 -0.057409 1.142115
v 0.000025 -0.487014 0.257223
v -0.000027 -0.236688 -0.978287
v 0.257223 -0.487014 -0.000008
v -0.978288 -0.236689 0.000071
v -0.659620 -0.383277 -0.412665
v -0.619085 -0.206931 -0.990760
v -0.412749 -0.383272 -0.659561
v -0.990902 -0.206966 -0.618967
v 0.659744 -0.383453 -0.412817
v 0.619199 -0.207224 -0.991571
v 0.870787 -0.274078 -0.635528
v 0.248594 -0.398377 -0.661889
v 0.635278 -0.273802 0.870292
v 0.661773 -0.398265 0.248597
v 0.870403 -0.273821 0.635167
v 0.248679 -0.398261 0.661737
v -0.635417 -0.274096 0.870898
v -0.661853 -0.398373 0.248676
v -0.412734 -0.383458 0.659804
v -0.991430 -0.207191 0.619317
v -0.933574 -0.251672 0.550090
v -0.928645 -0.273308 0.236466
v -0.735130 -0.367117 0.327683
v -0.982039 -0.229672 0.310522
v -0.333753 -0.413166 0.583772
v -0.340396 -0.466129 0.255353
v -0.085371 -0.476041 0.341543
v -0.422367 -0.445604 0.337975
v -0.301867 -0.141887 1.062344
v -0.319535 -0.306025 0.870506
v -0.078795 -0.277369 0.927346
v -0.393556 -0.264952 0.931041
v 0.333799 -0.413024 0.583612
v 0.340410 -0.466060 0.255306
v 0.583658 -0.413027 0.333725
v 0.255349 -0.466060 0.340377
v 0.933167 -0.251455 0.549800
v 0.928467 -0.273212 0.236329
v 1.061931 -0.141766 0.301701
v 0.870239 -0.305877 0.319494
v 0.900145 -0.095416 1.100742
v 0.931420 -0.203512 0.855061
v 1.101049 -0.095488 0.899980
v 0.855201 -0.203497 0.931264
v 0.327593 -0.367125 -0.735181
v 0.310420 -0.229690 -0.982111
v 0.549978 -0.251697 -0.933684
v 0.236364 -0.273319 -0.928694
v 0.934945 -0.232252 -0.704916
v 0.920246 -0.160321 -0.994877
v 1.102312 -0.095782 -0.900520
v 0.855587 -0.203798 -0.932102
v 0.927329 -0.277366 -0.078895
v 0.930961 -0.264934 -0.393662
v 1.062255 -0.141868 -0.301956
v 0.870446 -0.306013 -0.319636
v -0.934447 -0.231990 -0.704475
v -0.919803 -0.160041 -0.993836
v -0.704596 -0.231963 -0.934310
v -0.994028 -0.160063 -0.919641
v -0.327654 -0.366965 -0.734940
v -0.310439 -0.229537 -0.981701
v -0.078883 -0.277330 -0.927253
v -0.393574 -0.264756 -0.930585
v -0.341536 -0.476018 -0.085391
v -0.337948 -0.445494 -0.422318
v -0.085434 -0.476017 -0.341524
v -0.422363 -0.445494 -0.337894
v -0.927270 -0.277334 -0.078783
v -0.930666 -0.264776 -0.393469
v -0.734991 -0.366973 -0.327563
v -0.981774 -0.229555 -0.310336
v 0.341532 -0.476041 -0.085415
v 0.337920 -0.445604 -0.422412
v 0.583726 -0.413163 -0.333826
v 0.255309 -0.466130 -0.340429
v 0.301791 -0.141745 1.061842
v 0.319595 -0.305864 0.870180
v 0.549912 -0.251430 0.933055
v 0.236431 -0.273200 0.928418
v -0.900354 -0.095850 1.102609
v -0.931947 -0.203784 0.855727
v -0.704795 -0.232277 0.935081
v -0.994687 -0.160301 0.920408
v 1.150217 0.079797 -1.103625
v -1.102420 0.078418 -1.147506
v -1.150217 0.079798 1.103625
v 1.102420 0.078418 1.147506
v 1.081147 0.153630 0.074701
v 0.074898 0.153658 -1.081249
v -1.081147 0.153630 -0.074701
v -0.074897 0.153658 1.081249
v -0.000115 0.191119 1.056825
v 0.000003 0.541847 -0.086094
v 1.056825 0.191118 -0.000032
v -0.086094 0.541847 -0.000008
v 1.099110 0.139223 -0.522451
v -0.522221 0.139027 -1.098334
v -1.099109 0.139223 0.522451
v 0.522221 0.139027 1.098334
v 1.110357 0.129295 0.670715
v 0.670961 0.129537 -1.111370
v -1.110356 0.129295 -0.670714
v -0.670961 0.129537 1.111370
v -0.000017 0.473082 0.586015
v 0.000025 0.423741 -0.736068
v 0.586015 0.473081 0.000056
v -0.736068 0.423741 -0.000064
v -0.662634 0.449347 -0.083086
v -0.647429 0.367562 -0.728106
v -0.083004 0.449349 -0.662647
v -0.728011 0.367557 -0.647527
v 0.662686 0.449386 -0.082967
v 0.647783 0.367828 -0.728337
v 1.078741 0.169360 -0.602522
v 0.573781 0.403276 -0.655445
v 0.602292 0.169122 1.077893
v 0.655212 0.403038 0.573602
v 1.077711 0.169077 0.602404
v 0.573516 0.403041 0.655292
v -0.602633 0.169317 1.078561
v -0.655525 0.403279 0.573694
v -0.083049 0.449385 0.662674
v -0.728431 0.367833 0.647685
v 1.127263 0.117432 -0.818583
v -0.818331 0.117147 -1.125909
v -1.127263 0.117433 0.818583
v 0.818331 0.117147 1.125909
v 1.089489 0.146303 0.373408
v 0.373623 0.146442 -1.090018
v -1.089488 0.146303 -0.373407
v -0.373622 0.146442 1.090018
v -0.000041 0.359438 0.869134
v 0.000013 0.508353 -0.424917
v 0.869134 0.359438 0.000057
v -0.424917 0.508353 -0.000041
v 1.084187 0.151268 -0.224282
v -0.224079 0.151182 -1.083853
v -1.084187 0.151268 0.224282
v 0.224079 0.151182 1.083853
v 1.138869 0.100450 0.965162
v 0.965508 0.101201 -1.141745
v -1.138868 0.100450 -0.965162
v -0.965508 0.101201 1.141745
v -0.000008 0.530892 0.257223
v 0.000071 0.280567 -0.978288
v 0.257223 0.530892 0.000025
v -0.978287 0.280566 -0.000027
v -0.659561 0.427150 -0.412749
v -0.618967 0.250843 -0.990902
v -0.412665 0.427155 -0.659620
v -0.990760 0.250809 -0.619085
v 0.659804 0.427336 -0.412734
v 0.619318 0.251069 -0.991430
v 0.870898 0.317973 -0.635417
v 0.248676 0.442251 -0.661853
v 0.635167 0.317699 0.870403
v 0.661737 0.442138 0.248679
v 0.870292 0.317680 0.635278
v 0.248597 0.442143 0.661774
v -0.635528 0.317956 0.870787
v -0.661889 0.442255 0.248594
v -0.412817 0.427331 0.659744
v -0.991571 0.251102 0.619199
v -0.933684 0.295574 0.549978
v -0.928694 0.317197 0.236364
v -0.735181 0.411003 0.327592
v -0.982111 0.273568 0.310419
v -0.333826 0.457040 0.583726
v -0.340429 0.510008 0.255309
v -0.085415 0.519919 0.341532
v -0.422412 0.489482 0.337920
v -0.301956 0.185746 1.062255
v -0.319636 0.349891 0.870446
v -0.078895 0.321244 0.927329
v -0.393662 0.308812 0.930961
v 0.333725 0.456905 0.583658
v 0.340377 0.509937 0.255350
v 0.583612 0.456901 0.333799
v 0.255306 0.509938 0.340410
v 0.933055 0.295308 0.549912
v 0.928418 0.317078 0.236431
v 1.061842 0.185623 0.301791
v 0.870180 0.349742 0.319595
v 0.899979 0.139366 1.101049
v 0.931264 0.247375 0.855201
v 1.100742 0.139294 0.900145
v 0.855061 0.247389 0.931420
v 0.327683 0.410995 -0.735130
v 0.310522 0.273550 -0.982039
v 0.550090 0.295550 -0.933573
v 0.236466 0.317186 -0.928645
v 0.935081 0.276155 -0.704795
v 0.920408 0.204179 -0.994687
v 1.102609 0.139728 -0.900354
v 0.855727 0.247662 -0.931947
v 0.927346 0.321247 -0.078795
v 0.931041 0.308830 -0.393556
v 1.062344 0.185765 -0.301867
v 0.870506 0.349903 -0.319535
v -0.934309 0.275841 -0.704596
v -0.919641 0.203941 -0.994029
v -0.704474 0.275867 -0.934447
v -0.993836 0.203919 -0.919803
v -0.327563 0.410851 -0.734991
v -0.310336 0.273432 -0.981774
v -0.078783 0.321212 -0.927270
v -0.393468 0.308654 -0.930666
v -0.341524 0.519895 -0.085434
v -0.337894 0.489372 -0.422363
v -0.085391 0.519895 -0.341536
v -0.422318 0.489372 -0.337948
v -0.927253 0.321207 -0.078883
v -0.930585 0.308634 -0.393574
v -0.734939 0.410843 -0.327654
v -0.981701 0.273414 -0.310439
v 0.341543 0.519919 -0.085371
v 0.337975 0.489481 -0.422367
v 0.583772 0.457044 -0.333753
v 0.255353 0.510007 -0.340396
v 0.301701 0.185644 1.061931
v 0.319494 0.349755 0.870239
v 0.549800 0.295333 0.933167
v 0.236329 0.317090 0.928467
v -0.900520 0.139660 1.102312
v -0.932102 0.247676 0.855587
v -0.704916 0.276130 0.934945
v -0.994877 0.204199 0.920246
v 0.074225 -0.003005 -1.113845
v -0.667760 0.001833 1.143107
v -1.121604 -0.001514 -0.370413
v -1.116124 0.046370 -0.222146
v -0.519181 0.043938 1.130679
v -0.222442 0.046388 1.116495
v 1.119810 0.009972 -0.296499
v 0.000145 0.009478 -1.114397
v -0.296199 0.009984 -1.119316
v 1.137106 0.011441 -0.593378
v 1.168126 0.013823 -0.889776
v -1.113845 0.046883 0.074225
v -1.122163 0.045419 0.370714
v -0.667454 0.041999 -1.142003
v -0.961572 0.036538 -1.171216
v 0.073929 0.046878 1.113742
v 0.370413 0.045392 1.121604
v -1.143107 0.042045 0.667760
v -1.174237 0.036702 0.961793
v 1.172676 0.033076 1.101091
v 1.157797 0.039586 0.816112
v 0.667454 0.041999 1.142003
v 0.961572 0.036538 1.171217
v 1.152023 0.016592 -1.152044
v 0.667760 0.001833 -1.143107
v 1.136099 0.011438 0.593067
v 1.119326 0.009974 0.296190
v -1.171216 0.007340 -0.961572
v -1.172675 0.033077 -1.101091
v -1.157797 0.039586 -0.816112
v 0.370714 -0.001541 -1.122163
v 0.519181 0.043937 -1.130679
v 0.222442 0.046388 -1.116495
v -0.889763 0.013798 1.168169
v -1.129836 0.043898 -0.518882
v -0.370714 -0.001541 1.122163
v -0.074225 -0.003005 1.113845
v 1.116495 -0.002510 -0.222442
v 1.122163 0.045419 -0.370714
v -0.073929 0.046878 -1.113742
v -0.370413 0.045392 -1.121604
v 1.143107 0.042045 -0.667760
v 1.174237 0.036702 -0.961793
v -1.130679 -0.000059 0.519181
v -0.816112 0.004292 -1.157797
v -1.101091 0.010801 -1.172676
v 0.222147 -0.002492 1.116125
v 0.518882 -0.000020 1.129836
v -1.159225 0.004236 0.816418
v -1.174970 0.010518 1.101314
v -1.152044 0.027286 1.152023
v 1.142003 0.001879 0.667454
v 0.816112 0.004292 1.157798
v 1.101091 0.010801 1.172676
v 1.151193 0.027142 1.151214
v 1.101314 0.033360 -1.174970
v 0.889763 0.013797 -1.168169
v 1.129836 0.043898 0.518883
v 1.116125 0.046370 0.222147
v -1.151214 0.016736 -1.151193
v -1.142003 0.001879 -0.667454
v -1.136078 0.032414 -0.593077
v 0.593369 0.011417 -1.137127
v 0.296499 0.033906 -1.119810
v -0.816418 0.039642 1.159225
v -0.222146 -0.002492 -1.116124
v 0.593077 0.011464 1.136078
v -1.119810 0.009972 0.296499
v 1.114397 0.034400 -0.000145
v -1.166128 0.013839 -0.889477
v -1.137106 0.011441 0.593379
v 1.113742 -0.003000 0.073929
v 0.961793 0.007176 -1.174237
v 0.816418 0.039642 -1.159225
v 1.121604 -0.001514 0.370413
v -0.593368 0.011417 1.137127
v 1.171217 0.007340 0.961573
v 0.889490 0.013871 1.166083
v 1.174970 0.010518 -1.101314
v 1.166128 0.013838 0.889477
v -0.000145 0.009478 1.114397
v -1.168126 0.013824 0.889776
v -0.518882 -0.000020 -1.129836
v 0.296199 0.009984 1.119316
v -0.593077 0.011464 -1.136078
v -0.889490 0.013871 -1.166083
v -0.961793 0.007176 1.174237
v -1.116495 -0.002510 0.222442
v -1.114397 0.009478 0.000154
v 1.159226 0.004235 -0.816418
v -0.296490 0.009964 1.119820
v 1.113845 0.046883 -0.074225
v 1.130679 -0.000060 -0.519181
v -1.113742 -0.003000 -0.073929
v -1.119326 0.009975 -0.296190
v -1.101314 0.033360 1.174970
v 1.113561 -0.038693 -0.297071
v 0.519978 0.088270 -1.122876
v 1.135070 -0.009880 -0.593603
v 0.371460 -0.048794 -1.114128
v -0.000117 -0.041140 1.107992
v -1.150597 0.075209 -0.815949
v 1.153975 0.037845 -1.153902
v -1.134600 -0.038529 -0.667918
v -1.174091 0.054520 -1.107026
v 1.131365 0.075293 -0.593955
v -1.165438 -0.021732 -0.963168
v 1.117679 0.058155 -0.296663
v 1.107872 0.095525 0.222726
v 0.889989 -0.019343 -1.163141
v 1.105375 -0.053153 0.074124
v 1.122048 0.088151 0.519709
v 0.593572 -0.009906 -1.135134
v 1.113575 -0.048712 0.371188
v 0.816193 0.075380 -1.152018
v -0.000158 0.059619 1.112188
v 0.668186 -0.038672 -1.135679
v 1.107362 0.055395 -1.176668
v 0.296794 -0.038635 1.113076
v 0.963333 -0.022253 -1.168603
v 0.593312 -0.009811 1.134050
v 0.963168 0.065610 1.165439
v 0.594010 0.075263 -1.131257
v 1.107027 -0.010642 1.174091
v 0.667918 0.082407 1.134601
v 0.889947 0.046550 -1.166284
v 0.815949 -0.031331 1.150597
v 1.150597 0.075209 0.815949
v 1.130360 -0.031303 0.593681
v 1.134601 -0.038529 0.667918
v 1.174092 0.054520 1.107027
v 1.165439 -0.021732 0.963168
v 0.593681 0.075181 1.130359
v -1.168603 0.066131 0.963333
v 0.296371 0.058121 1.117188
v -1.176668 -0.011517 1.107362
v -1.135679 0.082550 0.668186
v -0.296794 -0.038635 -1.113076
v -1.152018 -0.031502 0.816193
v 0.371188 0.092590 1.113575
v -0.593311 -0.009811 -1.134049
v 0.519709 -0.044273 1.122048
v 0.074124 0.097031 1.105375
v 0.297027 -0.038704 -1.113613
v 0.222726 -0.051647 1.107872
v -0.963168 0.065610 -1.165438
v 0.000133 -0.015741 -1.112188
v -1.107026 -0.010642 -1.174091
v -0.667918 0.082407 -1.134600
v -1.131257 -0.031385 0.594010
v -0.815949 -0.031331 -1.150597
v -1.114128 0.092672 0.371459
v -1.166284 -0.002672 0.889946
v -1.122876 -0.044392 0.519978
v -1.105478 0.097047 0.074390
v 0.000159 0.085019 -1.107993
v -1.108233 -0.051700 0.222993
v 1.168604 0.066131 -0.963332
v 0.296691 0.058146 -1.117648
v 1.176669 -0.011517 -1.107362
v 1.135679 0.082550 -0.668186
v 1.113076 0.082512 0.296794
v 1.152019 -0.031502 -0.816193
v -0.371188 0.092590 -1.113575
v 1.134050 0.053689 0.593312
v -0.519709 -0.044273 -1.122048
v -0.074124 0.097031 -1.105375
v -0.593680 0.075181 -1.130359
v -0.222726 -0.051647 -1.107872
v 1.114129 0.092672 -0.371459
v -0.296371 0.058121 -1.117188
v 1.122877 -0.044392 -0.519977
v 1.105479 0.097047 -0.074390
v 1.108233 -0.051700 -0.222992
v -0.222992 0.095578 1.108233
v -1.157371 -0.004258 1.157510
v -0.074390 -0.053169 1.105479
v -0.519977 0.088270 1.122876
v -0.889901 -0.002706 1.166420
v -0.371459 -0.048794 1.114129
v -1.107871 0.095525 -0.222726
v 1.113130 -0.038647 0.296749
v -1.105375 -0.053153 -0.074124
v -1.122048 0.088151 -0.519709
v -1.113575 -0.048712 -0.371188
v -0.816193 0.075380 1.152019
v 1.112188 -0.015741 -0.000158
v -0.668186 -0.038672 1.135679
v -1.107362 0.055395 1.176668
v -0.963333 -0.022253 1.168604
v 0.222993 0.095578 -1.108233
v 0.074390 -0.053169 -1.105478
v 0.000155 0.108703 -1.101812
v -0.297433 0.127774 -1.098471
v 0.297666 -0.084000 -1.098932
v 0.000100 -0.064824 -1.101812
v 0.297368 0.105311 -1.107530
v -0.297109 -0.061351 -1.107055
v 0.594138 0.095163 -1.125604
v 0.594324 -0.071097 -1.117491
v -0.889527 0.078366 1.157823
v -0.594419 0.114932 1.117307
v -1.152966 -0.022682 1.153248
v -0.889406 -0.034555 1.158120
v -1.158003 0.057508 1.157797
v -0.594060 -0.051321 1.125753
v -1.158119 0.078433 0.889406
v -1.149807 -0.049591 0.889099
v -0.297739 0.127860 1.098843
v -0.297307 -0.061447 1.107603
v -1.107055 0.105229 -0.297109
v -1.092960 0.132168 0.000080
v -1.116534 -0.070891 -0.594079
v -1.107128 -0.061367 -0.297049
v -1.124617 0.095002 -0.593880
v -1.101812 -0.064825 0.000155
v -1.155724 0.078030 -0.889320
v -1.148070 -0.049245 -0.888724
v -1.098932 0.127878 0.297666
v -1.107530 -0.061433 0.297368
v -0.000146 0.132168 1.092961
v -0.000100 -0.064824 1.101812
v 0.297433 0.127774 1.098471
v 0.297110 -0.061351 1.107055
v 1.107602 0.105325 -0.297307
v 1.117491 0.114975 -0.594324
v 1.092961 -0.088291 -0.000146
v 1.107530 -0.061433 -0.297367
v 1.101812 0.108702 -0.000099
v 1.125604 -0.051285 -0.594137
v 1.107055 0.105229 0.297110
v 1.098471 -0.083896 0.297433
v 1.150153 0.093553 -0.888946
v 1.157823 -0.034488 -0.889527
v -0.594079 0.114769 -1.116534
v -0.593880 -0.051124 -1.124618
v -0.888723 0.093123 -1.148070
v -0.889320 -0.034152 -1.155725
v 1.153248 0.066560 -1.152966
v 1.157797 -0.013630 -1.158003
v 0.889099 0.093469 -1.149807
v 0.889406 -0.034555 -1.158119
v -1.117491 0.114975 0.594324
v -1.125604 -0.051285 0.594138
v -1.151320 0.065129 -1.151604
v -1.156774 -0.012566 -1.156568
v 0.594080 0.114769 1.116534
v 0.593880 -0.051124 1.124618
v 0.888724 0.093123 1.148071
v 0.889320 -0.034152 1.155725
v 1.155725 0.078030 0.889320
v 1.116348 0.114725 0.594175
v 1.151604 -0.021251 1.151321
v 1.156031 -0.034226 0.889198
v 1.156568 0.056444 1.156774
v 1.124768 -0.051162 0.593802
v -0.889641 0.046453 -1.164367
v -1.156367 0.047403 -1.156504
v 1.157371 -0.004258 -1.157509
v 1.112187 0.059619 -0.000133
v -1.153071 0.006468 -1.152999
v -0.889852 -0.019059 -1.160839
v 0.889641 0.046453 1.164367
v 1.156367 0.047403 1.156505
v -0.296690 0.058146 1.117648
v 1.153071 0.006468 1.152999
v 0.889853 -0.019059 1.160839
v -0.297027 -0.038704 1.113614
v -0.593603 0.053758 1.135070
v -1.117679 0.058156 0.296663
v -1.131365 0.075293 0.593956
v -0.593955 -0.031415 1.131365
v -1.113561 -0.038693 0.297072
v 1.164228 0.046412 0.889686
v -1.164228 0.046412 -0.889686
v -1.130251 0.075149 -0.593736
v -1.117157 0.058111 -0.296398
v -1.107992 0.085018 0.000117
v 1.161072 -0.019115 0.889768
v -1.134113 -0.009839 -0.593280
v -1.161072 -0.019115 -0.889768
v -1.112188 -0.015741 0.000158
v -1.113130 -0.038647 -0.296749
v 1.166420 0.046584 -0.889901
v -0.889946 0.046550 1.166284
v 1.162915 -0.019293 -0.890073
v -1.166419 0.046585 0.889901
v -1.157509 0.048136 1.157371
v 1.141745 -0.057323 -0.965508
v -0.965162 -0.056572 -1.138869
v -1.141745 -0.057323 0.965508
v 0.965162 -0.056572 1.138869
v 1.083853 -0.107304 0.224079
v 0.224282 -0.107390 -1.084187
v -1.083853 -0.107304 -0.224079
v -0.224282 -0.107390 1.084187
v 0.000027 -0.236688 0.978288
v -0.000025 -0.487014 -0.257223
v 0.978288 -0.236689 -0.000071
v -0.257223 -0.487014 0.000008
v 1.090018 -0.102564 -0.373622
v -0.373407 -0.102425 -1.089488
v -1.090018 -0.102564 0.373623
v 0.373408 -0.102425 1.089489
v 1.125909 -0.073270 0.818331
v 0.818583 -0.073555 -1.127262
v -1.125909 -0.073269 -0.818331
v -0.818583 -0.073555 1.127263
v 0.000041 -0.464475 0.424917
v -0.000057 -0.315560 -0.869133
v 0.424917 -0.464475 -0.000012
v -0.869134 -0.315560 0.000041
v -0.661773 -0.398265 -0.248597
v -0.635278 -0.273802 -0.870291
v -0.248679 -0.398261 -0.661736
v -0.870403 -0.273821 -0.635167
v 0.661853 -0.398373 -0.248676
v 0.635418 -0.274096 -0.870897
v 0.991430 -0.207191 -0.619317
v 0.412734 -0.383458 -0.659804
v 0.619085 -0.206931 0.990761
v 0.659620 -0.383278 0.412666
v 0.990903 -0.206966 0.618967
v 0.412749 -0.383272 0.659561
v -0.619199 -0.207224 0.991571
v -0.659744 -0.383453 0.412817
v -0.248594 -0.398377 0.661889
v -0.870787 -0.274078 0.635529
v 1.111370 -0.085659 -0.670961
v -0.670714 -0.085417 -1.110357
v -1.111370 -0.085659 0.670961
v 0.670714 -0.085417 1.110357
v 1.098334 -0.095149 0.522221
v 0.522451 -0.095345 -1.099109
v -1.098333 -0.095149 -0.522221
v -0.522451 -0.095345 1.099110
v 0.000064 -0.379863 0.736068
v -0.000056 -0.429203 -0.586014
v 0.736068 -0.379863 -0.000025
v -0.586014 -0.429204 0.000017
v 1.081249 -0.109780 -0.074897
v -0.074701 -0.109752 -1.081147
v -1.081249 -0.109780 0.074897
v 0.074701 -0.109752 1.081147
v 1.147507 -0.034540 1.102420
v 1.103625 -0.035920 -1.150217
v -1.147506 -0.034540 -1.102420
v -1.103625 -0.035919 1.150217
v 0.000008 -0.497969 0.086094
v 0.000032 -0.147240 -1.056824
v 0.086094 -0.497969 -0.000003
v -1.056825 -0.147241 0.000115
v -0.655292 -0.359163 -0.573515
v -0.602403 -0.125200 -1.077711
v -0.573602 -0.359160 -0.655212
v -1.077893 -0.125244 -0.602292
v 0.655445 -0.359398 -0.573780
v 0.602522 -0.125482 -1.078741
v 0.728337 -0.323950 -0.647783
v 0.082967 -0.405508 -0.662686
v 0.647527 -0.323679 0.728012
v 0.662647 -0.405471 0.083005
v 0.728106 -0.323684 0.647430
v 0.083086 -0.405469 0.662634
v -0.647685 -0.323955 0.728431
v -0.662674 -0.405507 0.083049
v -0.573694 -0.359401 0.655525
v -1.078560 -0.125439 0.602633
v -0.930960 -0.264934 0.393662
v -0.927329 -0.277366 0.078895
v -0.870446 -0.306013 0.319636
v -1.062255 -0.141868 0.301956
v -0.337920 -0.445604 0.422412
v -0.341532 -0.476041 0.085415
v -0.255309 -0.466130 0.340430
v -0.583726 -0.413162 0.333827
v -0.310419 -0.229689 0.982111
v -0.327592 -0.367125 0.735181
v -0.236364 -0.273319 0.928694
v -0.549978 -0.251696 0.933684
v 0.337948 -0.445494 0.422318
v 0.341536 -0.476018 0.085391
v 0.422363 -0.445494 0.337894
v 0.085435 -0.476017 0.341525
v 0.930666 -0.264776 0.393469
v 0.927270 -0.277334 0.078784
v 0.981774 -0.229555 0.310337
v 0.734991 -0.366973 0.327564
v 0.919803 -0.160041 0.993836
v 0.934447 -0.231990 0.704475
v 0.994029 -0.160063 0.919641
v 0.704596 -0.231963 0.934310
v 0.319535 -0.306025 -0.870505
v 0.301867 -0.141887 -1.062343
v 0.393557 -0.264953 -0.931041
v 0.078795 -0.277369 -0.927345
v 0.931947 -0.203784 -0.855727
v 0.900355 -0.095850 -1.102608
v 0.994687 -0.160301 -0.920408
v 0.704795 -0.232277 -0.935080
v 0.928645 -0.273308 -0.236466
v 0.933574 -0.251672 -0.550089
v 0.982039 -0.229673 -0.310522
v 0.735130 -0.367118 -0.327682
v -0.931420 -0.203511 -0.855060
v -0.900144 -0.095416 -1.100742
v -0.855201 -0.203497 -0.931264
v -1.101048 -0.095488 -0.899979
v -0.319594 -0.305864 -0.870179
v -0.301790 -0.141745 -1.061842
v -0.236431 -0.273200 -0.928417
v -0.549912 -0.251430 -0.933055
v -0.340410 -0.466060 -0.255306
v -0.333799 -0.413024 -0.583611
v -0.255349 -0.466060 -0.340377
v -0.583658 -0.413027 -0.333725
v -0.928467 -0.273212 -0.236329
v -0.933166 -0.251455 -0.549800
v -0.870239 -0.305877 -0.319493
v -1.061931 -0.141766 -0.301701
v 0.340396 -0.466129 -0.255353
v 0.333753 -0.413166 -0.583772
v 0.422367 -0.445604 -0.337974
v 0.085371 -0.476041 -0.341543
v 0.310439 -0.229536 0.981702
v 0.327654 -0.366965 0.734940
v 0.393575 -0.264756 0.930585
v 0.078883 -0.277329 0.927254
v -0.920246 -0.160321 0.994877
v -0.934944 -0.232252 0.704916
v -0.855586 -0.203798 0.932102
v -1.102311 -0.095782 0.900520
v 1.142115 0.101287 -0.965320
v -0.964974 0.100540 -1.139250
v -1.142115 0.101287 0.965321
v 0.964975 0.100540 1.139250
v 1.083783 0.151167 0.224157
v 0.224359 0.151254 -1.084117
v -1.083782 0.151167 -0.224156
v -0.224359 0.151254 1.084118
v -0.000071 0.280567 0.978288
v 0.000008 0.530892 -0.257223
v 0.978288 0.280566 0.000027
v -0.257223 0.530892 -0.000025
v 1.090135 0.146467 -0.373538
v -0.373323 0.146330 -1.089607
v -1.090134 0.146467 0.373538
v 0.373323 0.146330 1.089607
v 1.125601 0.117069 0.818475
v 0.818726 0.117359 -1.126963
v -1.125600 0.117069 -0.818474
v -0.818726 0.117359 1.126964
v -0.000012 0.508353 0.424917
v 0.000041 0.359438 -0.869134
v 0.424917 0.508353 0.000041
v -0.869133 0.359438 -0.000057
v -0.661736 0.442138 -0.248679
v -0.635167 0.317699 -0.870403
v -0.248597 0.442143 -0.661773
v -0.870291 0.317680 -0.635278
v 0.661890 0.442255 -0.248594
v 0.635529 0.317956 -0.870787
v 0.991571 0.251102 -0.619199
v 0.412817 0.427331 -0.659744
v 0.618967 0.250844 0.990902
v 0.659561 0.427150 0.412749
v 0.990761 0.250809 0.619086
v 0.412666 0.427155 0.659621
v -0.619317 0.251069 0.991430
v -0.659804 0.427336 0.412734
v -0.248676 0.442251 0.661853
v -0.870897 0.317974 0.635418
v 1.111590 0.129589 -0.670847
v -0.670601 0.129349 -1.110578
v -1.111589 0.129590 0.670848
v 0.670601 0.129349 1.110578
v 1.098166 0.138988 0.522317
v 0.522547 0.139185 -1.098943
v -1.098166 0.138988 -0.522317
v -0.522546 0.139185 1.098944
v -0.000025 0.423741 0.736068
v 0.000017 0.473081 -0.586014
v 0.736068 0.423741 0.000064
v -0.586014 0.473081 -0.000056
v 1.081272 0.153662 -0.074823
v -0.074627 0.153636 -1.081171
v -1.081272 0.153663 0.074823
v 0.074627 0.153636 1.081171
v 1.147159 0.078382 1.102691
v 1.103894 0.079762 -1.149874
v -1.147159 0.078382 -1.102691
v -1.103894 0.079762 1.149875
v -0.000003 0.541847 0.086094
v 0.000115 0.191119 -1.056825
v 0.086094 0.541847 0.000008
v -1.056824 0.191118 0.000032
v -0.655212 0.403038 -0.573602
v -0.602292 0.169122 -1.077893
v -0.573515 0.403041 -0.655292
v -1.077711 0.169078 -0.602404
v 0.655525 0.403279 -0.573694
v 0.602634 0.169317 -1.078560
v 0.728431 0.367833 -0.647685
v 0.083049 0.449385 -0.662674
v 0.647430 0.367562 0.728106
v 0.662634 0.449347 0.083086
v 0.728012 0.367557 0.647527
v 0.083005 0.449349 0.662647
v -0.647783 0.367828 0.728337
v -0.662686 0.449386 0.082967
v -0.573780 0.403276 0.655445
v -1.078741 0.169360 0.602522
v -0.931041 0.308830 0.393557
v -0.927345 0.321247 0.078795
v -0.870505 0.349903 0.319535
v -1.062343 0.185765 0.301867
v -0.337974 0.489482 0.422367
v -0.341543 0.519919 0.085371
v -0.255353 0.510007 0.340396
v -0.583772 0.457044 0.333753
v -0.310522 0.273551 0.982039
v -0.327682 0.410995 0.735130
v -0.236466 0.317186 0.928645
v -0.550089 0.295550 0.933574
v 0.337894 0.489372 0.422363
v 0.341525 0.519895 0.085435
v 0.422318 0.489372 0.337948
v 0.085391 0.519896 0.341536
v 0.930585 0.308634 0.393575
v 0.927254 0.321207 0.078884
v 0.981702 0.273414 0.310439
v 0.734940 0.410843 0.327654
v 0.919641 0.203941 0.994029
v 0.934310 0.275841 0.704596
v 0.993836 0.203919 0.919804
v 0.704475 0.275867 0.934447
v 0.319636 0.349891 -0.870446
v 0.301956 0.185746 -1.062255
v 0.393662 0.308812 -0.930960
v 0.078895 0.321244 -0.927329
v 0.932102 0.247676 -0.855586
v 0.900520 0.139660 -1.102312
v 0.994877 0.204199 -0.920246
v 0.704916 0.276130 -0.934944
v 0.928694 0.317197 -0.236364
v 0.933684 0.295574 -0.549978
v 0.982111 0.273567 -0.310419
v 0.735181 0.411003 -0.327592
v -0.931264 0.247375 -0.855201
v -0.899979 0.139366 -1.101048
v -0.855060 0.247389 -0.931420
v -1.100742 0.139294 -0.900144
v -0.319493 0.349755 -0.870239
v -0.301701 0.185644 -1.061931
v -0.236329 0.317090 -0.928467
v -0.549800 0.295333 -0.933166
v -0.340377 0.509937 -0.255349
v -0.333725 0.456905 -0.583658
v -0.255305 0.509938 -0.340410
v -0.583611 0.456901 -0.333799
v -0.928417 0.317078 -0.236431
v -0.933055 0.295308 -0.549912
v -0.870179 0.349742 -0.319595
v -1.061841 0.185623 -0.301790
v 0.340430 0.510008 -0.255309
v 0.333827 0.457040 -0.583725
v 0.422412 0.489482 -0.337920
v 0.085415 0.519919 -0.341532
v 0.310337 0.273432 0.981774
v 0.327564 0.410851 0.734991
v 0.393469 0.308654 0.930666
v 0.078784 0.321212 0.927270
v -0.920408 0.204179 0.994687
v -0.935081 0.276155 0.704795
v -0.855727 0.247662 0.931947
v -1.102608 0.139728 0.900354
v 0.222425 -0.002516 -1.116510
v -0.816393 0.004200 1.159300
v -1.129873 -0.000042 -0.518862
v -1.113737 0.046876 -0.073946
v -0.370732 0.045407 1.122137
v -0.074242 0.046882 1.113840
v 1.119820 0.033914 -0.296489
v 0.000154 0.034400 -1.114397
v -0.296190 0.033903 -1.119326
v 1.137127 0.032461 -0.593368
v 1.168170 0.030080 -0.889763
v -1.116510 0.046394 0.222425
v -1.130715 0.043958 0.519161
v -0.816087 0.039627 -1.157874
v -1.101054 0.033073 -1.172738
v 0.222129 0.046377 1.116140
v 0.518862 0.043920 1.129873
v -1.159300 0.039678 0.816393
v -1.175033 0.033354 1.101277
v 1.171124 0.036519 0.961604
v 1.141955 0.041967 0.667476
v 0.816087 0.039627 1.157874
v 1.101054 0.033073 1.172738
v 1.152044 0.027286 -1.152022
v 0.816393 0.004200 -1.159300
v 1.136078 0.032414 0.593077
v 1.119316 0.033894 0.296199
v -1.172738 0.010805 -1.101054
v -1.171124 0.036519 -0.961604
v -1.141954 0.041967 -0.667475
v 0.519161 -0.000080 -1.130715
v 0.370733 0.045407 -1.122137
v 0.074242 0.046881 -1.113840
v -0.889776 0.030054 1.168126
v -1.121578 0.045380 -0.370432
v -0.519161 -0.000079 1.130715
v -0.222424 -0.002516 1.116511
v 1.113840 -0.003004 -0.074242
v 1.130716 0.043957 -0.519161
v -0.222129 0.046377 -1.116140
v -0.518862 0.043919 -1.129873
v 1.159301 0.039678 -0.816393
v 1.175033 0.033354 -1.101277
v -1.122137 -0.001529 0.370733
v -0.667475 0.001911 -1.141954
v -0.961604 0.007359 -1.171124
v 0.073946 -0.002998 1.113737
v 0.370432 -0.001502 1.121578
v -1.143058 0.001863 0.667781
v -1.174146 0.007189 0.961825
v -1.152022 0.016592 1.152044
v 1.157874 0.004251 0.816087
v 0.667476 0.001911 1.141955
v 0.961604 0.007359 1.171124
v 1.151214 0.016736 1.151193
v 0.961825 0.036689 -1.174147
v 0.889776 0.030054 -1.168126
v 1.121578 0.045380 0.370432
v 1.113737 0.046876 0.073946
v -1.151192 0.027142 -1.151214
v -1.157874 0.004251 -0.816087
v -1.136099 0.011438 -0.593066
v 0.593379 0.032437 -1.137106
v 0.296490 0.009963 -1.119820
v -0.667781 0.042015 1.143059
v -0.073946 -0.002998 -1.113737
v 0.593067 0.032440 1.136099
v -1.119820 0.033914 0.296490
v 1.114397 0.009477 -0.000153
v -1.166083 0.030007 -0.889490
v -1.137127 0.032461 0.593369
v 1.116140 -0.002499 0.222129
v 1.101277 0.010524 -1.175033
v 0.667781 0.042015 -1.143058
v 1.129873 -0.000042 0.518862
v -0.593378 0.032437 1.137106
v 1.172738 0.010805 1.101054
v 0.889477 0.030039 1.166128
v 1.174147 0.007188 -0.961825
v 1.166083 0.030007 0.889491
v -0.000153 0.034401 1.114397
v -1.168169 0.030081 0.889763
v -0.370432 -0.001502 -1.121578
v 0.296190 0.033903 1.119326
v -0.593066 0.032440 -1.136099
v -0.889477 0.030039 -1.166128
v -1.101277 0.010524 1.175033
v -1.113840 -0.003003 0.074242
v -1.114397 0.034400 0.000145
v 1.143059 0.001863 -0.667781
v -0.296499 0.033906 1.119810
v 1.116511 0.046394 -0.222424
v 1.122137 -0.001529 -0.370732
v -1.116140 -0.002499 -0.222129
v -1.119315 0.033894 -0.296199
v -0.961824 0.036690 1.174147
v 1.117648 -0.014268 -0.296690
v 0.371515 0.092655 -1.114049
v 1.131258 -0.031385 -0.594010
v 0.519915 -0.044419 -1.122988
v -0.000133 -0.015741 1.112188
v -1.134450 0.082366 -0.667991
v 1.157510 0.048136 -1.157371
v -1.150827 -0.031389 -0.815858
v -1.165149 0.065546 -0.963284
v 1.135134 0.053784 -0.593572
v -1.174315 -0.010672 -1.106884
v 1.113613 0.082582 -0.297026
v 1.105359 0.097027 0.074173
v 0.889901 -0.002707 -1.166419
v 1.107919 -0.051657 0.222675
v 1.113495 0.092572 0.371244
v 0.593956 -0.031415 -1.131365
v 1.122161 -0.044301 0.519647
v 0.668258 0.082511 -1.135530
v -0.000158 0.085019 1.107993
v 0.816102 -0.031556 -1.152242
v 0.963449 0.066073 -1.168320
v 0.296398 -0.014233 1.117157
v 1.107220 -0.011545 -1.176891
v 0.593736 -0.031271 1.130251
v 1.106884 0.054550 1.174315
v 0.593603 0.053757 -1.135070
v 0.963285 -0.021668 1.165149
v 0.815858 0.075267 1.150827
v 0.890073 0.063171 -1.162915
v 0.667991 -0.038488 1.134451
v 1.134451 0.082366 0.667991
v 1.134113 -0.009839 0.593280
v 1.150827 -0.031389 0.815858
v 1.165149 0.065546 0.963285
v 1.174315 -0.010672 1.106884
v 0.593280 0.053717 1.134113
v -1.176891 0.055423 1.107220
v 0.296749 0.082525 1.113130
v -1.168320 -0.022195 0.963448
v -1.152242 0.075434 0.816102
v -0.296398 -0.014233 -1.117157
v -1.135530 -0.038633 0.668258
v 0.519647 0.088179 1.122161
v -0.593735 -0.031271 -1.130251
v 0.371244 -0.048694 1.113495
v 0.222675 0.095535 1.107919
v 0.296663 -0.014278 -1.117679
v 0.074173 -0.053149 1.105359
v -1.106883 0.054550 -1.174315
v 0.000117 -0.041140 -1.107992
v -0.963284 -0.021668 -1.165149
v -0.815857 0.075267 -1.150827
v -1.135070 -0.009879 0.593603
v -0.667991 -0.038488 -1.134450
v -1.122988 0.088297 0.519915
v -1.162915 -0.019293 0.890073
v -1.114050 -0.048777 0.371515
v -1.108279 0.095587 0.222941
v 0.000158 0.059619 -1.112188
v -1.105463 -0.053166 0.074439
v 1.176892 0.055423 -1.107219
v 0.297072 0.082571 -1.113561
v 1.168320 -0.022195 -0.963448
v 1.152243 0.075433 -0.816102
v 1.117157 0.058111 0.296399
v 1.135530 -0.038633 -0.668258
v -0.519646 0.088179 -1.122161
v 1.130251 0.075149 0.593736
v -0.371244 -0.048694 -1.113495
v -0.222674 0.095535 -1.107919
v -0.593280 0.053717 -1.134113
v -0.074173 -0.053150 -1.105359
v 1.122988 0.088296 -0.519915
v -0.296749 0.082525 -1.113130
v 1.114050 -0.048777 -0.371515
v 1.108280 0.095587 -0.222941
v 1.105463 -0.053166 -0.074439
v -0.074439 0.097044 1.105463
v -1.153902 0.006033 1.153975
v -0.222941 -0.051709 1.108280
v -0.371515 0.092655 1.114050
v -0.889989 -0.019342 1.163141
v -0.519915 -0.044418 1.122988
v -1.105359 0.097027 -0.074173
v 1.117188 -0.014244 0.296371
v -1.107919 -0.051657 -0.222674
v -1.113495 0.092572 -0.371244
v -1.122161 -0.044301 -0.519646
v -0.668258 0.082511 1.135530
v 1.107993 -0.041141 -0.000158
v -0.816102 -0.031556 1.152242
v -0.963448 0.066073 1.168320
v -1.107220 -0.011545 1.176892
v 0.074439 0.097044 -1.105463
v 0.222941 -0.051709 -1.108279
v 0.000146 0.132168 -1.092961
v -0.297048 0.105245 -1.107128
v 0.297307 -0.061448 -1.107602
v 0.000080 -0.088290 -1.092960
v 0.297740 0.127860 -1.098843
v -0.297506 -0.083877 -1.098380
v 0.594419 0.114932 -1.117306
v 0.594061 -0.051321 -1.125753
v -0.889099 0.093469 1.149807
v -0.594137 0.095163 1.125605
v -1.157797 -0.013630 1.158003
v -0.888946 -0.049675 1.150153
v -1.153248 0.066560 1.152966
v -0.594324 -0.071097 1.117491
v -1.150153 0.093553 0.888946
v -1.157822 -0.034488 0.889528
v -0.297368 0.105311 1.107530
v -0.297666 -0.084000 1.098932
v -1.098380 0.127754 -0.297506
v -1.101812 0.108702 0.000100
v -1.124767 -0.051162 -0.593802
v -1.098471 -0.083896 -0.297433
v -1.116347 0.114725 -0.594175
v -1.092961 -0.088290 0.000146
v -1.147711 0.093033 -0.888877
v -1.156031 -0.034226 -0.889198
v -1.107602 0.105326 0.297307
v -1.098843 -0.083982 0.297739
v -0.000155 0.108703 1.101812
v -0.000079 -0.088290 1.092961
v 0.297049 0.105245 1.107128
v 0.297506 -0.083876 1.098380
v 1.098932 0.127878 -0.297666
v 1.125753 0.095199 -0.594060
v 1.101812 -0.064825 -0.000155
v 1.098843 -0.083982 -0.297739
v 1.092960 0.132168 -0.000079
v 1.117307 -0.071054 -0.594419
v 1.098380 0.127754 0.297506
v 1.107128 -0.061367 0.297049
v 1.158120 0.078433 -0.889406
v 1.149807 -0.049592 -0.889099
v -0.593802 0.095039 -1.124767
v -0.594175 -0.070847 -1.116348
v -0.889198 0.078104 -1.156031
v -0.888877 -0.049155 -1.147711
v 1.158003 0.057508 -1.157797
v 1.152967 -0.022682 -1.153248
v 0.889528 0.078366 -1.157822
v 0.888946 -0.049675 -1.150153
v -1.125753 0.095199 0.594060
v -1.117306 -0.071054 0.594419
v -1.156568 0.056444 -1.156774
v -1.151604 -0.021251 -1.151320
v 0.593802 0.095039 1.124767
v 0.594175 -0.070847 1.116348
v 0.889198 0.078104 1.156031
v 0.888878 -0.049155 1.147712
v 1.147712 0.093033 0.888878
v 1.124618 0.095002 0.593880
v 1.156774 -0.012566 1.156568
v 1.148071 -0.049245 0.888724
v 1.151320 0.065129 1.151604
v 1.116534 -0.070891 0.594080
v -0.889768 0.062993 -1.161072
v -1.152999 0.037410 -1.153071
v 1.153902 0.006033 -1.153975
v 1.107992 0.085018 -0.000117
v -1.156504 -0.003525 -1.156367
v -0.889686 -0.002534 -1.164228
v 0.889768 0.062993 1.161072
v 1.152999 0.037409 1.153071
v -0.297072 0.082571 1.113561
v 1.156505 -0.003525 1.156367
v 0.889686 -0.002534 1.164228
v -0.296663 -0.014277 1.117679
v -0.594010 0.075263 1.131258
v -1.113613 0.082582 0.297027
v -1.135134 0.053784 0.593572
v -0.593572 -0.009906 1.135134
v -1.117648 -0.014268 0.296691
v 1.160839 0.062937 0.889853
v -1.160839 0.062937 -0.889853
v -1.134049 0.053689 -0.593311
v -1.113076 0.082513 -0.296794
v -1.112187 0.059619 0.000133
v 1.164367 -0.002575 0.889641
v -1.130359 -0.031303 -0.593680
v -1.164367 -0.002575 -0.889641
v -1.107993 -0.041141 0.000159
v -1.117188 -0.014243 -0.296371
v 1.163141 0.063220 -0.889989
v -0.890073 0.063171 1.162915
v 1.166285 -0.002672 -0.889946
v -1.163141 0.063221 0.889989
v -1.153975 0.037845 1.153902
v 0.741967 -0.043881 -1.140679
v 0.741928 -0.061576 -1.132554
v 0.815344 -0.047104 -1.146225
v 0.667904 -0.056492 -1.129397
v 0.742045 0.105393 -1.132305
v 0.742061 0.087708 -1.140474
v 0.815465 0.090915 -1.145948
v 0.667998 0.100323 -1.129204
v 1.114377 -0.057103 0.445518
v 1.105894 -0.078469 0.445936
v 1.115654 -0.063921 0.519701
v 1.106824 -0.069735 0.371382
v 1.105757 0.122317 0.446018
v 1.114267 0.100956 0.445586
v 1.115507 0.107765 0.519782
v 1.106721 0.113591 0.371453
v 1.036517 -0.021520 1.169094
v 1.035216 -0.033064 1.161639
v 0.962298 -0.034217 1.159679
v 1.105712 -0.019819 1.170724
v 1.035014 0.077024 1.162020
v 1.036364 0.065462 1.169405
v 0.962141 0.078181 1.160039
v 1.105509 0.063740 1.171024
v 1.139518 -0.043709 0.741713
v 1.131404 -0.061349 0.741686
v 1.144810 -0.046873 0.815114
v 1.128337 -0.056298 0.667652
v 1.161639 0.076942 1.035216
v 1.169094 0.065398 1.036517
v 1.170724 0.063697 1.105712
v 1.159679 0.078095 0.962298
v 1.169405 -0.021584 1.036364
v 1.162020 -0.033146 1.035014
v 1.171024 -0.019862 1.105509
v 1.160039 -0.034303 0.962141
v 1.131151 0.105163 0.741803
v 1.139310 0.087533 0.741807
v 1.144524 0.090680 0.815235
v 1.128143 0.100127 0.667747
v 0.741807 -0.043655 1.139310
v 0.741803 -0.061286 1.131151
v 0.667747 -0.056249 1.128143
v 0.815235 -0.046802 1.144524
v 0.741686 0.105227 1.131404
v 0.741712 0.087587 1.139518
v 0.667652 0.100176 1.128337
v 0.815114 0.090751 1.144810
v 0.445586 -0.057078 1.114267
v 0.446018 -0.078439 1.105757
v 0.371453 -0.069713 1.106721
v 0.519782 -0.063887 1.115507
v 0.445936 0.122347 1.105895
v 0.445518 0.100981 1.114378
v 0.371382 0.113613 1.106825
v 0.519701 0.107799 1.115654
v -1.169405 -0.021584 -1.036364
v -1.162020 -0.033146 -1.035014
v -1.171024 -0.019862 -1.105509
v -1.160039 -0.034303 -0.962141
v -1.161638 0.076942 -1.035216
v -1.169094 0.065398 -1.036517
v -1.170724 0.063697 -1.105712
v -1.159679 0.078095 -0.962298
v -1.036517 -0.021520 -1.169094
v -1.035216 -0.033064 -1.161638
v -0.962298 -0.034217 -1.159679
v -1.105712 -0.019819 -1.170724
v -1.035014 0.077024 -1.162020
v -1.036364 0.065462 -1.169405
v -0.962141 0.078181 -1.160039
v -1.105509 0.063740 -1.171024
v -1.140474 -0.043830 0.742060
v -1.132305 -0.061515 0.742044
v -1.129204 -0.056445 0.667998
v -1.145948 -0.047037 0.815465
v -1.132554 0.105454 0.741928
v -1.140679 0.087759 0.741967
v -1.129397 0.100370 0.667904
v -1.146225 0.090982 0.815344
v -1.114916 -0.057193 0.445848
v -1.106400 -0.078587 0.446260
v -1.107270 -0.069824 0.371703
v -1.116322 -0.064047 0.520034
v -1.106536 0.122494 0.446178
v -1.115026 0.101094 0.445781
v -1.107372 0.113723 0.371633
v -1.116467 0.107957 0.519954
v 1.036590 -0.022488 -1.173091
v 1.035441 -0.034314 -1.165779
v 1.106114 -0.021080 -1.173862
v 0.962365 -0.035015 -1.163263
v 1.035642 0.078112 -1.165404
v 1.036742 0.066305 -1.172783
v 1.106316 0.064916 -1.173564
v 0.962521 0.078812 -1.162913
v 1.172784 -0.022428 -1.036741
v 1.165404 -0.034235 -1.035642
v 1.162913 -0.034935 -0.962520
v 1.173564 -0.021038 -1.106315
v 1.165779 0.078191 -1.035440
v 1.173092 0.066366 -1.036590
v 1.163264 0.078893 -0.962364
v 1.173862 0.064957 -1.106113
v -0.741806 -0.043655 -1.139310
v -0.741803 -0.061286 -1.131150
v -0.667747 -0.056249 -1.128142
v -0.815235 -0.046802 -1.144524
v -0.741685 0.105227 -1.131404
v -0.741712 0.087587 -1.139518
v -0.667651 0.100176 -1.128337
v -0.815113 0.090751 -1.144810
v -0.445585 -0.057078 -1.114266
v -0.446018 -0.078439 -1.105757
v -0.371452 -0.069713 -1.106721
v -0.519782 -0.063887 -1.115507
v -0.445935 0.122347 -1.105894
v -0.445517 0.100981 -1.114377
v -0.371381 0.113613 -1.106824
v -0.519701 0.107799 -1.115654
v 1.140475 -0.043830 -0.742060
v 1.132305 -0.061515 -0.742044
v 1.129205 -0.056445 -0.667998
v 1.145949 -0.047037 -0.815464
v 1.132554 0.105453 -0.741927
v 1.140679 0.087759 -0.741967
v 1.129398 0.100369 -0.667903
v 1.146226 0.090982 -0.815344
v 1.102986 -0.063942 0.148473
v 1.094204 -0.087170 0.148701
v 1.101020 -0.073613 0.222852
v 1.098369 -0.075581 0.074197
v 1.094159 0.131038 0.148769
v 1.102950 0.107812 0.148530
v 1.100958 0.117478 0.222917
v 1.098348 0.119454 0.074258
v 1.114917 -0.057193 -0.445848
v 1.106400 -0.078587 -0.446260
v 1.107270 -0.069824 -0.371703
v 1.116322 -0.064047 -0.520034
v 1.094422 0.131098 -0.148928
v 1.103207 0.107859 -0.148729
v 1.098472 0.119480 -0.074439
v 1.101372 0.117560 -0.223097
v 1.103172 -0.063974 -0.148785
v 1.094377 -0.087212 -0.148996
v 1.098453 -0.075599 -0.074501
v 1.101312 -0.073671 -0.223161
v 1.106537 0.122494 -0.446178
v 1.115027 0.101094 -0.445781
v 1.107372 0.113723 -0.371633
v 1.116467 0.107957 -0.519953
v 0.148530 -0.063934 1.102950
v 0.148769 -0.087160 1.094159
v 0.074258 -0.075576 1.098348
v 0.222917 -0.073600 1.100958
v 0.148701 0.131048 1.094204
v 0.148473 0.107820 1.102986
v 0.074197 0.119459 1.098369
v 0.222852 0.117491 1.101020
v -0.148729 -0.063981 1.103207
v -0.148928 -0.087220 1.094422
v -0.223097 -0.073683 1.101372
v -0.074439 -0.075602 1.098472
v -0.148996 0.131089 1.094377
v -0.148785 0.107852 1.103171
v -0.223161 0.117549 1.101312
v -0.074501 0.119477 1.098452
v -1.103171 -0.063974 0.148785
v -1.094377 -0.087211 0.148996
v -1.098452 -0.075599 0.074501
v -1.101311 -0.073671 0.223162
v -1.094421 0.131098 0.148928
v -1.103207 0.107859 0.148729
v -1.098472 0.119480 0.074439
v -1.101372 0.117561 0.223097
v -1.139518 -0.043709 -0.741712
v -1.131404 -0.061349 -0.741685
v -1.144810 -0.046873 -0.815114
v -1.128337 -0.056298 -0.667651
v -1.131150 0.105163 -0.741803
v -1.139310 0.087533 -0.741806
v -1.144524 0.090680 -0.815235
v -1.128142 0.100127 -0.667747
v -1.102986 -0.063942 -0.148473
v -1.094203 -0.087170 -0.148700
v -1.101020 -0.073613 -0.222852
v -1.098369 -0.075581 -0.074197
v -1.105756 0.122317 -0.446018
v -1.114266 0.100956 -0.445585
v -1.115507 0.107765 -0.519782
v -1.106721 0.113591 -0.371452
v -1.114377 -0.057103 -0.445518
v -1.105894 -0.078469 -0.445936
v -1.115653 -0.063921 -0.519701
v -1.106824 -0.069735 -0.371381
v -1.094158 0.131038 -0.148769
v -1.102949 0.107812 -0.148530
v -1.100958 0.117478 -0.222917
v -1.098348 0.119454 -0.074258
v -0.445781 -0.057216 1.115026
v -0.446178 -0.078616 1.106536
v -0.519953 -0.064079 1.116467
v -0.371633 -0.069845 1.107372
v -0.446260 0.122465 1.106400
v -0.445848 0.101071 1.114916
v -0.520034 0.107925 1.116322
v -0.371703 0.113702 1.107270
v -1.172783 -0.022427 1.036742
v -1.165404 -0.034234 1.035642
v -1.162913 -0.034934 0.962521
v -1.173564 -0.021038 1.106316
v -1.165778 0.078191 1.035441
v -1.173091 0.066366 1.036590
v -1.163263 0.078893 0.962364
v -1.173862 0.064958 1.106114
v -0.741967 -0.043881 1.140679
v -0.741927 -0.061575 1.132554
v -0.815344 -0.047104 1.146226
v -0.667903 -0.056491 1.129398
v -1.035642 0.078112 1.165404
v -1.036741 0.066305 1.172783
v -1.106316 0.064916 1.173564
v -0.962520 0.078813 1.162913
v -1.036590 -0.022488 1.173092
v -1.035441 -0.034313 1.165779
v -1.106113 -0.021079 1.173862
v -0.962364 -0.035015 1.163264
v -0.742044 0.105393 1.132305
v -0.742060 0.087708 1.140475
v -0.815464 0.090915 1.145949
v -0.667998 0.100323 1.129205
v 0.445781 -0.057216 -1.115026
v 0.446178 -0.078616 -1.106536
v 0.519954 -0.064079 -1.116467
v 0.371633 -0.069845 -1.107372
v 0.446260 0.122465 -1.106400
v 0.445848 0.101070 -1.114916
v 0.520034 0.107925 -1.116322
v 0.371704 0.113702 -1.107270
v -0.148529 -0.063934 -1.102949
v -0.148768 -0.087160 -1.094158
v -0.074258 -0.075577 -1.098348
v -0.222917 -0.073600 -1.100958
v 0.148997 0.131089 -1.094377
v 0.148785 0.107852 -1.103171
v 0.223162 0.117549 -1.101311
v 0.074501 0.119477 -1.098452
v 0.148729 -0.063981 -1.103207
v 0.148928 -0.087220 -1.094421
v 0.223097 -0.073683 -1.101372
v 0.074440 -0.075602 -1.098472
v -0.148700 0.131048 -1.094203
v -0.148473 0.107820 -1.102986
v -0.074197 0.119459 -1.098369
v -0.222852 0.117491 -1.101019
v 1.113249 -0.015359 0.148085
v 1.109103 -0.040504 0.148294
v 1.113036 -0.027351 0.222353
v 1.110580 -0.028353 0.074007
v -1.033898 0.002355 1.177684
v -1.036220 -0.010608 1.176410
v -1.104468 -0.000736 1.176413
v -0.962751 -0.007765 1.172188
v -0.444753 0.056278 -1.124151
v -0.445214 0.079453 -1.120214
v -0.519208 0.066310 -1.126966
v -0.370736 0.069258 -1.118574
v 1.124103 0.056260 0.444783
v 1.120134 0.079433 0.445264
v 1.118521 0.069243 0.370775
v 1.126891 0.066286 0.519250
v 0.148402 0.059249 -1.113457
v 0.148613 0.084404 -1.109300
v 0.074326 0.072239 -1.110673
v 0.222672 0.071256 -1.113371
v -1.149630 -0.006670 0.742206
v -1.145944 -0.026028 0.742330
v -1.140210 -0.018644 0.668038
v -1.156497 -0.013884 0.816417
v 0.148376 -0.015375 -1.113472
v 0.148570 -0.040531 -1.109326
v 0.222637 -0.027385 -1.113402
v 0.074292 -0.028363 -1.110683
v -0.444783 -0.012383 -1.124103
v -0.445264 -0.035555 -1.120133
v -0.370774 -0.025365 -1.118521
v -0.519250 -0.022409 -1.126891
v 0.444753 0.056278 1.124151
v 0.445215 0.079453 1.120214
v 0.519209 0.066310 1.126966
v 0.370737 0.069258 1.118574
v 1.124151 -0.012400 0.444754
v 1.120214 -0.035575 0.445215
v 1.126966 -0.022432 0.519209
v 1.118574 -0.025380 0.370737
v -0.148084 0.059237 -1.113248
v -0.148294 0.084382 -1.109103
v -0.222352 0.071229 -1.113036
v -0.074007 0.072230 -1.110580
v 0.742206 0.050548 -1.149630
v 0.742330 0.069906 -1.145944
v 0.668038 0.062522 -1.140210
v 0.816417 0.057762 -1.156497
v 0.444783 -0.012383 1.124103
v 0.445264 -0.035555 1.120134
v 0.370774 -0.025365 1.118521
v 0.519250 -0.022409 1.126891
v -0.148110 -0.015354 -1.113232
v -0.148336 -0.040498 -1.109076
v -0.074041 -0.028350 -1.110569
v -0.222388 -0.027343 -1.113004
v 0.148084 0.059237 1.113249
v 0.148294 0.084382 1.109103
v 0.222353 0.071229 1.113036
v 0.074007 0.072231 1.110580
v 0.742171 -0.006706 -1.149720
v 0.742265 -0.026071 -1.146095
v 0.816361 -0.013927 -1.156649
v 0.667993 -0.018678 -1.140309
v 1.124803 0.056325 -0.445050
v 1.120866 0.079533 -0.445496
v 1.127802 0.066387 -0.519494
v 1.119131 0.069312 -0.371025
v 1.033953 0.041517 -1.177557
v 1.036324 0.054451 -1.176185
v 0.962823 0.051611 -1.171997
v 1.104554 0.044605 -1.176273
v 0.148110 -0.015354 1.113233
v 0.148336 -0.040498 1.109076
v 0.074041 -0.028350 1.110570
v 0.222388 -0.027343 1.113004
v 1.124756 -0.012431 -0.445079
v 1.120786 -0.035636 -0.445545
v 1.119078 -0.025420 -0.371063
v 1.127728 -0.022487 -0.519535
v -1.033739 0.041154 -1.174272
v -1.036075 0.053857 -1.172867
v -1.104210 0.044043 -1.173999
v -0.962564 0.051304 -1.169102
v 1.033898 0.002355 -1.177684
v 1.036220 -0.010608 -1.176409
v 1.104468 -0.000736 -1.176413
v 0.962751 -0.007765 -1.172187
v 1.113473 0.059253 -0.148375
v 1.109326 0.084409 -0.148570
v 1.113402 0.071263 -0.222637
v 1.110683 0.072241 -0.074291
v 1.113457 -0.015371 -0.148401
v 1.109300 -0.040526 -0.148612
v 1.110673 -0.028361 -0.074325
v 1.113371 -0.027378 -0.222672
v -1.033794 0.002735 -1.174145
v -1.036178 -0.009941 -1.172641
v -0.962636 -0.007389 -1.168908
v -1.104296 -0.000154 -1.173860
v 1.033739 0.041154 1.174272
v 1.036075 0.053857 1.172867
v 1.104211 0.044043 1.174000
v 0.962564 0.051304 1.169102
v -0.148401 0.059249 1.113457
v -0.148612 0.084404 1.109300
v -0.074325 0.072239 1.110673
v -0.222672 0.071256 1.113371
v -0.741868 0.050514 -1.148540
v -0.741988 0.069829 -1.144925
v -0.816084 0.057698 -1.155229
v -0.667704 0.062462 -1.139215
v 1.033794 0.002735 1.174145
v 1.036179 -0.009941 1.172641
v 0.962636 -0.007389 1.168908
v 1.104296 -0.000154 1.173860
v 0.445080 0.056309 -1.124756
v 0.445545 0.079514 -1.120785
v 0.371063 0.069298 -1.119078
v 0.519536 0.066365 -1.127728
v -0.148376 -0.015375 1.113473
v -0.148570 -0.040531 1.109326
v -0.222637 -0.027385 1.113402
v -0.074292 -0.028363 1.110683
v -0.741903 -0.006597 -1.148450
v -0.742053 -0.025906 -1.144772
v -0.667750 -0.018548 -1.139116
v -0.816140 -0.013773 -1.155072
v -1.124103 0.056261 -0.444783
v -1.120133 0.079433 -0.445264
v -1.118521 0.069243 -0.370774
v -1.126891 0.066287 -0.519250
v 1.174272 0.002724 1.033739
v 1.172867 -0.009979 1.036075
v 1.174000 -0.000165 1.104211
v 1.169102 -0.007427 0.962564
v -1.174272 0.002724 -1.033739
v -1.172867 -0.009979 -1.036075
v -1.173999 -0.000165 -1.104210
v -1.169102 -0.007427 -0.962564
v 1.177558 0.002361 -1.033953
v 1.176185 -0.010574 -1.036323
v 1.171997 -0.007733 -0.962823
v 1.176273 -0.000727 -1.104554
v 1.149720 0.050584 -0.742171
v 1.146096 0.069948 -0.742265
v 1.156650 0.057805 -0.816361
v 1.140309 0.062555 -0.667993
v -0.742171 -0.006706 1.149720
v -0.742265 -0.026071 1.146095
v -0.816361 -0.013927 1.156650
v -0.667993 -0.018677 1.140309
v -1.033953 0.041517 1.177558
v -1.036323 0.054452 1.176185
v -0.962823 0.051611 1.171997
v -1.104554 0.044605 1.176273
v -1.149720 0.050584 0.742171
v -1.146095 0.069949 0.742265
v -1.156650 0.057805 0.816361
v -1.140309 0.062555 0.667993
v -1.150458 0.012502 -0.741760
v -1.150428 0.031340 -0.741771
v -1.143053 0.021923 -0.667362
v -1.158876 0.021920 -0.816051
v 1.115431 0.009604 0.147986
v 1.115425 0.034269 0.147995
v 1.114919 0.021938 0.073910
v 1.117295 0.021936 0.222062
v 0.742080 0.012480 -1.151642
v 0.742090 0.031365 -1.151613
v 0.667675 0.021924 -1.144160
v 0.816368 0.021922 -1.160304
v 1.032389 0.015533 1.175027
v 1.032372 0.028341 1.175066
v 1.100367 0.021935 1.172683
v 0.961305 0.021945 1.172082
v 1.150458 0.012502 0.741760
v 1.150429 0.031340 0.741771
v 1.143054 0.021923 0.667363
v 1.158876 0.021920 0.816051
v -1.178355 0.015408 1.032554
v -1.178395 0.028461 1.032538
v -1.174923 0.021934 1.100567
v -1.175077 0.021942 0.961538
v 0.444538 0.010603 1.126212
v 0.444528 0.033291 1.126228
v 0.518752 0.021949 1.130962
v 0.370313 0.021945 1.122733
v -1.032388 0.015533 -1.175026
v -1.032372 0.028341 -1.175066
v -1.100367 0.021935 -1.172683
v -0.961305 0.021945 -1.172082
v -1.126864 0.010587 0.444843
v -1.126879 0.033306 0.444834
v -1.131806 0.021949 0.519055
v -1.123293 0.021945 0.370617
v 1.178356 0.015408 -1.032554
v 1.178395 0.028461 -1.032537
v 1.174924 0.021934 -1.100567
v 1.175078 0.021942 -0.961538
v -0.444538 0.010603 -1.126212
v -0.444528 0.033290 -1.126227
v -0.518751 0.021949 -1.130961
v -0.370313 0.021945 -1.122733
v 1.126865 0.010587 -0.444843
v 1.126880 0.033306 -0.444833
v 1.131806 0.021948 -0.519055
v 1.123293 0.021944 -0.370617
v -0.148285 0.009599 1.115655
v -0.148293 0.034276 1.115650
v -0.074209 0.021938 1.115022
v -0.222361 0.021936 1.117667
v -1.115430 0.009604 -0.147986
v -1.115425 0.034270 -0.147995
v -1.114919 0.021938 -0.073909
v -1.117295 0.021936 -0.222061
v -0.742079 0.012480 1.151642
v -0.742090 0.031365 1.151613
v -0.667675 0.021925 1.144161
v -0.816368 0.021922 1.160304
v 0.148285 0.009599 -1.115655
v 0.148294 0.034276 -1.115650
v 0.074209 0.021938 -1.115022
v 0.222361 0.021936 -1.117666
v -0.445079 0.056309 1.124756
v -0.445545 0.079514 1.120786
v -0.371063 0.069298 1.119078
v -0.519535 0.066365 1.127728
v 0.445050 -0.012447 -1.124803
v 0.445496 -0.035655 -1.120865
v 0.519495 -0.022510 -1.127802
v 0.371025 -0.025434 -1.119130
v -0.445050 -0.012447 1.124803
v -0.445496 -0.035655 1.120865
v -0.519495 -0.022509 1.127802
v -0.371025 -0.025434 1.119131
v 1.148450 0.050475 0.741904
v 1.144772 0.069783 0.742054
v 1.139116 0.062426 0.667750
v 1.155072 0.057651 0.816141
v -1.148450 0.050475 -0.741904
v -1.144772 0.069783 -0.742054
v -1.139116 0.062426 -0.667750
v -1.155072 0.057651 -0.816141
v -1.113232 0.059232 -0.148110
v -1.109076 0.084376 -0.148336
v -1.110569 0.072228 -0.074041
v -1.113004 0.071221 -0.222388
v -1.113472 0.059253 0.148376
v -1.109326 0.084409 0.148570
v -1.113402 0.071263 0.222637
v -1.110683 0.072241 0.074292
v 1.148541 -0.006636 0.741868
v 1.144925 -0.025951 0.741988
v 1.155229 -0.013820 0.816084
v 1.139216 -0.018584 0.667705
v -1.148540 -0.006636 -0.741868
v -1.144925 -0.025951 -0.741988
v -1.155229 -0.013820 -0.816084
v -1.139215 -0.018584 -0.667704
v -1.113248 -0.015359 -0.148084
v -1.109103 -0.040504 -0.148294
v -1.113036 -0.027351 -0.222352
v -1.110580 -0.028353 -0.074007
v -1.113457 -0.015371 0.148402
v -1.109300 -0.040526 0.148612
v -1.110673 -0.028361 0.074326
v -1.113371 -0.027378 0.222672
v 1.174145 0.041143 1.033795
v 1.172641 0.053819 1.036179
v 1.168908 0.051267 0.962636
v 1.173860 0.044032 1.104297
v -1.174145 0.041143 -1.033794
v -1.172641 0.053819 -1.036179
v -1.168908 0.051267 -0.962636
v -1.173860 0.044032 -1.104296
v 1.177685 0.041523 -1.033898
v 1.176410 0.054486 -1.036220
v 1.176413 0.044614 -1.104468
v 1.172188 0.051643 -0.962751
v -1.124150 -0.012400 -0.444753
v -1.120214 -0.035575 -0.445214
v -1.126965 -0.022432 -0.519209
v -1.118574 -0.025380 -0.370736
v -0.742206 0.050548 1.149630
v -0.742329 0.069906 1.145945
v -0.668038 0.062522 1.140211
v -0.816417 0.057763 1.156497
v -1.177684 0.041523 1.033898
v -1.176409 0.054486 1.036220
v -1.176413 0.044614 1.104468
v -1.172187 0.051643 0.962751
v 1.113233 0.059232 0.148111
v 1.109077 0.084376 0.148336
v 1.110569 0.072228 0.074041
v 1.113004 0.071220 0.222388
v -1.177557 0.002361 1.033953
v -1.176185 -0.010573 1.036323
v -1.171997 -0.007733 0.962823
v -1.176273 -0.000727 1.104554
v 1.149630 -0.006670 -0.742206
v 1.145945 -0.026028 -0.742329
v 1.140211 -0.018644 -0.668038
v 1.156497 -0.013885 -0.816417
v 0.444834 0.010572 -1.126880
v 0.444844 0.033291 -1.126864
v 0.370617 0.021933 -1.123293
v 0.519055 0.021929 -1.131806
v -1.175065 0.015536 -1.032372
v -1.175026 0.028345 -1.032389
v -1.172081 0.021933 -0.961305
v -1.172682 0.021943 -1.100367
v 1.126228 0.010587 0.444529
v 1.126212 0.033275 0.444538
v 1.122733 0.021933 0.370313
v 1.130962 0.021929 0.518752
v 1.032538 0.015416 -1.178395
v 1.032554 0.028470 -1.178355
v 0.961538 0.021936 -1.175077
v 1.100567 0.021944 -1.174923
v 0.741771 0.012538 1.150429
v 0.741760 0.031376 1.150458
v 0.816051 0.021958 1.158877
v 0.667362 0.021955 1.143054
v 1.175066 0.015536 1.032373
v 1.175027 0.028345 1.032389
v 1.172082 0.021933 0.961305
v 1.172683 0.021943 1.100367
v -1.151613 0.012513 0.742090
v -1.151642 0.031398 0.742079
v -1.160304 0.021956 0.816368
v -1.144160 0.021954 0.667675
v 0.147995 0.009608 1.115425
v 0.147986 0.034274 1.115431
v 0.222061 0.021942 1.117295
v 0.073910 0.021940 1.114919
v -0.741771 0.012538 -1.150428
v -0.741760 0.031376 -1.150458
v -0.816051 0.021958 -1.158876
v -0.667362 0.021954 -1.143053
v -1.115650 0.009602 0.148293
v -1.115655 0.034279 0.148285
v -1.117667 0.021942 0.222361
v -1.115022 0.021940 0.074209
v 1.151613 0.012513 -0.742090
v 1.151642 0.031398 -0.742079
v 1.160304 0.021955 -0.816368
v 1.144161 0.021953 -0.667675
v -0.147995 0.009608 -1.115425
v -0.147986 0.034274 -1.115430
v -0.222061 0.021942 -1.117295
v -0.073909 0.021940 -1.114919
v 1.115650 0.009602 -0.148293
v 1.115655 0.034279 -0.148284
v 1.117667 0.021942 -0.222361
v 1.115022 0.021940 -0.074209
v -0.444833 0.010572 1.126880
v -0.444843 0.033291 1.126864
v -0.370617 0.021934 1.123293
v -0.519055 0.021930 1.131806
v -1.126227 0.010587 -0.444528
v -1.126211 0.033275 -0.444538
v -1.122733 0.021933 -0.370313
v -1.130961 0.021929 -0.518751
v -1.032537 0.015417 1.178395
v -1.032554 0.028470 1.178356
v -0.961538 0.021936 1.175077
v -1.100567 0.021944 1.174924
v 0.741868 0.050514 1.148541
v 0.741988 0.069829 1.144925
v 0.816084 0.057698 1.155229
v 0.667705 0.062462 1.139216
v -1.124803 0.056325 0.445050
v -1.120865 0.079533 0.445496
v -1.127802 0.066387 0.519495
v -1.119130 0.069312 0.371025
v 0.741904 -0.006597 1.148450
v 0.742054 -0.025905 1.144772
v 0.667750 -0.018548 1.139116
v 0.816141 -0.013773 1.155072
v -1.124756 -0.012431 0.445080
v -1.120785 -0.035636 0.445545
v -1.119078 -0.025420 0.371063
v -1.127728 -0.022487 0.519536
v -1.052377 0.186213 0.836756
v -1.044459 0.204196 0.686291
v -0.995779 0.232129 0.771790
v -1.090814 0.156696 0.751991
v -0.788687 0.289611 0.866612
v -0.798814 0.329808 0.719320
v -0.719429 0.329802 0.798705
v -0.866741 0.289620 0.788564
v -0.752123 0.156639 1.090579
v -0.771922 0.232093 0.995608
v -0.686416 0.204152 1.044279
v -0.836902 0.186163 1.052156
v 0.159910 0.357040 0.869425
v 0.164130 0.420566 0.735835
v 0.243029 0.387218 0.805159
v 0.081073 0.392782 0.805141
v 0.478219 0.337037 0.870986
v 0.489274 0.393743 0.732837
v 0.563466 0.357127 0.803133
v 0.404148 0.375683 0.804816
v 0.452227 0.178807 1.068598
v 0.465022 0.264292 0.985935
v 0.534408 0.217103 1.035441
v 0.382122 0.226614 1.028848
v 0.169802 0.503735 -0.424316
v 0.167499 0.469170 -0.585501
v 0.252730 0.482651 -0.505155
v 0.084475 0.491337 -0.506388
v 0.502397 0.464564 -0.418679
v 0.497396 0.435674 -0.580094
v 0.580162 0.435676 -0.497320
v 0.418744 0.464563 -0.502341
v 0.506400 0.491338 -0.084411
v 0.505190 0.482653 -0.252666
v 0.585525 0.469172 -0.167425
v 0.424339 0.503736 -0.169747
v -1.028746 0.226590 -0.382224
v -1.035299 0.217068 -0.534519
v -0.985826 0.264266 -0.465131
v -1.068462 0.178775 -0.452325
v -0.804748 0.375671 -0.404245
v -0.803041 0.357115 -0.563567
v -0.732762 0.393734 -0.489367
v -0.870898 0.337019 -0.478324
v -0.805126 0.392779 -0.081168
v -0.805117 0.387210 -0.243125
v -0.735809 0.420561 -0.164218
v -0.869395 0.357033 -0.160009
v -0.502247 0.464409 -0.418681
v -0.497206 0.435479 -0.580006
v -0.418616 0.464410 -0.502303
v -0.579938 0.435477 -0.497281
v -0.169762 0.503679 -0.424311
v -0.167448 0.469101 -0.585465
v -0.084441 0.491305 -0.506378
v -0.252666 0.482557 -0.505128
v -0.171842 0.536436 -0.085943
v -0.171177 0.525728 -0.256778
v -0.085921 0.536436 -0.171853
v -0.256756 0.525728 -0.171210
v -0.465022 0.264292 -0.985934
v -0.452226 0.178807 -1.068598
v -0.382122 0.226614 -1.028848
v -0.534408 0.217103 -1.035440
v -0.155232 0.278782 -0.979134
v -0.150870 0.189733 -1.058015
v -0.076436 0.235920 -1.022098
v -0.229406 0.232827 -1.024316
v -0.164129 0.420566 -0.735835
v -0.159910 0.357040 -0.869425
v -0.081073 0.392782 -0.805141
v -0.243029 0.387218 -0.805158
v -1.052418 0.158941 -0.982472
v -1.042444 0.112863 -1.105395
v -0.982281 0.158971 -1.052664
v -1.105076 0.112822 -1.042680
v -0.771407 0.231840 -0.994981
v -0.751701 0.156427 -1.089774
v -0.686015 0.203928 -1.043616
v -0.836340 0.185925 -1.051351
v -0.798273 0.329508 -0.719087
v -0.788129 0.289320 -0.866193
v -0.718977 0.329515 -0.798383
v -0.866062 0.289310 -0.788253
v 0.805098 0.375871 -0.404219
v 0.803507 0.357379 -0.563648
v 0.871376 0.337255 -0.478341
v 0.733107 0.393962 -0.489395
v 1.029307 0.226772 -0.382260
v 1.036095 0.217322 -0.534597
v 1.069192 0.178983 -0.452419
v 0.986434 0.264492 -0.465161
v 1.022189 0.235951 -0.076529
v 1.024596 0.232923 -0.229512
v 1.058215 0.189792 -0.151021
v 0.979302 0.278850 -0.155286
v 0.771923 0.232093 -0.995608
v 0.752123 0.156638 -1.090579
v 0.836902 0.186163 -1.052155
v 0.686416 0.204152 -1.044279
v 1.053903 0.159262 -0.982945
v 1.043622 0.113613 -1.107374
v 1.107689 0.113653 -1.043387
v 0.983136 0.159234 -1.053661
v 1.044460 0.204196 -0.686291
v 1.052377 0.186213 -0.836756
v 1.090814 0.156696 -0.751991
v 0.995780 0.232129 -0.771790
v 0.155385 0.278841 -0.979266
v 0.151106 0.189783 -1.058170
v 0.229608 0.232909 -1.024536
v 0.076622 0.235947 -1.022169
v 0.465270 0.264466 -0.986327
v 0.452517 0.178952 -1.069057
v 0.534709 0.217288 -1.035954
v 0.382362 0.226748 -1.029206
v 0.489487 0.393954 -0.733033
v 0.478446 0.337238 -0.871289
v 0.563750 0.357367 -0.803416
v 0.404317 0.375859 -0.805030
v 0.788129 0.289320 0.866193
v 0.798273 0.329508 0.719087
v 0.866063 0.289310 0.788253
v 0.718977 0.329515 0.798383
v 1.051124 0.185873 0.836487
v 1.043433 0.203882 0.686140
v 1.089536 0.156367 0.751834
v 0.994808 0.231803 0.771541
v 1.042444 0.112863 1.105395
v 1.052418 0.158941 0.982472
v 1.105076 0.112822 1.042680
v 0.982281 0.158971 1.052664
v 0.805117 0.387210 0.243125
v 0.805127 0.392779 0.081168
v 0.869395 0.357033 0.160009
v 0.735809 0.420561 0.164219
v 1.024255 0.232812 0.229502
v 1.022078 0.235914 0.076529
v 1.057971 0.189722 0.150955
v 0.979098 0.278773 0.155332
v 1.035299 0.217067 0.534519
v 1.028746 0.226590 0.382224
v 1.068462 0.178775 0.452325
v 0.985826 0.264266 0.465131
v 0.171177 0.525728 0.256778
v 0.171842 0.536436 0.085943
v 0.256756 0.525728 0.171210
v 0.085921 0.536436 0.171853
v 0.505094 0.482555 0.252730
v 0.506366 0.491304 0.084505
v 0.585442 0.469099 0.167521
v 0.424289 0.503678 0.169816
v 0.497206 0.435479 0.580006
v 0.502247 0.464409 0.418681
v 0.579939 0.435477 0.497282
v 0.418616 0.464410 0.502303
v -0.478446 0.337238 0.871289
v -0.489487 0.393954 0.733033
v -0.404316 0.375860 0.805030
v -0.563749 0.357367 0.803416
v -0.160007 0.357108 0.869529
v -0.164195 0.420638 0.735907
v -0.081140 0.392818 0.805185
v -0.243129 0.387325 0.805290
v -0.151106 0.189783 1.058171
v -0.155385 0.278842 0.979266
v -0.076621 0.235947 1.022169
v -0.229608 0.232909 1.024536
v -0.505189 0.482653 0.252666
v -0.506399 0.491338 0.084411
v -0.424338 0.503736 0.169747
v -0.585524 0.469172 0.167425
v -0.171202 0.525764 0.256759
v -0.171851 0.536449 0.085912
v -0.085933 0.536449 0.171840
v -0.256781 0.525764 0.171170
v -0.167498 0.469170 0.585501
v -0.169801 0.503735 0.424316
v -0.084474 0.491337 0.506388
v -0.252730 0.482651 0.505156
v -1.024596 0.232923 0.229513
v -1.022188 0.235951 0.076529
v -0.979302 0.278850 0.155286
v -1.058214 0.189793 0.151022
v -0.805332 0.387333 0.243033
v -0.805199 0.392820 0.081046
v -0.735932 0.420642 0.164107
v -0.869559 0.357115 0.159908
v -0.803506 0.357379 0.563648
v -0.805097 0.375871 0.404219
v -0.733107 0.393962 0.489395
v -0.871375 0.337255 0.478341
v -1.036094 0.217322 0.534597
v -1.029306 0.226772 0.382260
v -0.986434 0.264492 0.465161
v -1.069191 0.178983 0.452419
v -0.497395 0.435674 0.580094
v -0.502397 0.464564 0.418679
v -0.418744 0.464563 0.502342
v -0.580162 0.435676 0.497320
v -0.452517 0.178952 1.069058
v -0.465270 0.264466 0.986327
v -0.382361 0.226749 1.029206
v -0.534708 0.217288 1.035955
v 0.167448 0.469101 0.585465
v 0.169763 0.503679 0.424312
v 0.252666 0.482557 0.505128
v 0.084442 0.491305 0.506378
v 0.803042 0.357114 0.563567
v 0.804749 0.375671 0.404245
v 0.870898 0.337019 0.478324
v 0.732763 0.393734 0.489367
v 0.751702 0.156427 1.089775
v 0.771408 0.231840 0.994981
v 0.836341 0.185925 1.051351
v 0.686015 0.203928 1.043616
v 0.164196 0.420638 -0.735907
v 0.160007 0.357108 -0.869529
v 0.243129 0.387325 -0.805290
v 0.081140 0.392818 -0.805185
v 0.798815 0.329808 -0.719320
v 0.788688 0.289611 -0.866612
v 0.866741 0.289620 -0.788563
v 0.719430 0.329801 -0.798704
v 0.805199 0.392820 -0.081045
v 0.805332 0.387333 -0.243033
v 0.869560 0.357114 -0.159908
v 0.735933 0.420642 -0.164107
v -1.043433 0.203882 -0.686140
v -1.051124 0.185873 -0.836486
v -0.994807 0.231803 -0.771540
v -1.089536 0.156367 -0.751834
v -0.489274 0.393743 -0.732837
v -0.478219 0.337037 -0.870986
v -0.404147 0.375683 -0.804816
v -0.563465 0.357127 -0.803133
v -0.506366 0.491304 -0.084505
v -0.505093 0.482555 -0.252730
v -0.424289 0.503678 -0.169816
v -0.585441 0.469099 -0.167521
v -1.022078 0.235915 -0.076529
v -1.024255 0.232812 -0.229501
v -0.979097 0.278773 -0.155332
v -1.057970 0.189722 -0.150955
v 0.171851 0.536449 -0.085912
v 0.171203 0.525764 -0.256759
v 0.256782 0.525764 -0.171170
v 0.085934 0.536449 -0.171840
v 0.150870 0.189733 1.058015
v 0.155233 0.278783 0.979135
v 0.229406 0.232827 1.024316
v 0.076437 0.235920 1.022099
v -1.043621 0.113613 1.107375
v -1.053903 0.159263 0.982945
v -0.983135 0.159234 1.053661
v -1.107689 0.113653 1.043387
v -1.090579 -0.112760 0.752123
v -0.995608 -0.188215 0.771923
v -1.044279 -0.160274 0.686416
v -1.052156 -0.142285 0.836902
v -0.866612 -0.245733 0.788687
v -0.719320 -0.285930 0.798814
v -0.798704 -0.285923 0.719430
v -0.788564 -0.245742 0.866741
v -0.836756 -0.142335 1.052377
v -0.686291 -0.160318 1.044460
v -0.771789 -0.188251 0.995779
v -0.751991 -0.112818 1.090814
v 0.081168 -0.348901 0.805127
v 0.243125 -0.343332 0.805117
v 0.164218 -0.376683 0.735809
v 0.160009 -0.313155 0.869395
v 0.404245 -0.331793 0.804748
v 0.563567 -0.313237 0.803042
v 0.489367 -0.349856 0.732763
v 0.478324 -0.293141 0.870898
v 0.382224 -0.182712 1.028746
v 0.534519 -0.173190 1.035299
v 0.465131 -0.220388 0.985827
v 0.452325 -0.134897 1.068462
v 0.084411 -0.447460 -0.506399
v 0.252666 -0.438775 -0.505189
v 0.167425 -0.425294 -0.585525
v 0.169747 -0.459858 -0.424338
v 0.418679 -0.420686 -0.502397
v 0.580094 -0.391796 -0.497395
v 0.497320 -0.391798 -0.580162
v 0.502342 -0.420685 -0.418744
v 0.424316 -0.459857 -0.169801
v 0.585501 -0.425292 -0.167498
v 0.505156 -0.438773 -0.252730
v 0.506388 -0.447459 -0.084474
v -1.068598 -0.134929 -0.452226
v -0.985934 -0.220414 -0.465022
v -1.035440 -0.173225 -0.534408
v -1.028847 -0.182736 -0.382122
v -0.870986 -0.293159 -0.478219
v -0.732837 -0.349865 -0.489274
v -0.803133 -0.313249 -0.563465
v -0.804816 -0.331805 -0.404147
v -0.869425 -0.313162 -0.159910
v -0.735835 -0.376688 -0.164129
v -0.805158 -0.343341 -0.243029
v -0.805141 -0.348904 -0.081073
v -0.580006 -0.391601 -0.497206
v -0.418681 -0.420531 -0.502247
v -0.497281 -0.391599 -0.579938
v -0.502303 -0.420533 -0.418616
v -0.252730 -0.438677 -0.505093
v -0.084505 -0.447426 -0.506366
v -0.167521 -0.425221 -0.585441
v -0.169816 -0.459800 -0.424289
v -0.256778 -0.481850 -0.171177
v -0.085943 -0.492558 -0.171842
v -0.171210 -0.481850 -0.256756
v -0.171853 -0.492558 -0.085921
v -0.534519 -0.173190 -1.035299
v -0.382224 -0.182712 -1.028746
v -0.452325 -0.134897 -1.068462
v -0.465131 -0.220388 -0.985826
v -0.229501 -0.188934 -1.024255
v -0.076529 -0.192037 -1.022078
v -0.150955 -0.145845 -1.057970
v -0.155332 -0.234895 -0.979098
v -0.243125 -0.343332 -0.805117
v -0.081168 -0.348901 -0.805126
v -0.160009 -0.313155 -0.869395
v -0.164218 -0.376683 -0.735809
v -1.105395 -0.068985 -1.042444
v -0.982472 -0.115063 -1.052418
v -1.042679 -0.068944 -1.105076
v -1.052663 -0.115093 -0.982281
v -0.836486 -0.141995 -1.051124
v -0.686140 -0.160004 -1.043433
v -0.751834 -0.112489 -1.089536
v -0.771540 -0.187925 -0.994807
v -0.866193 -0.245442 -0.788129
v -0.719087 -0.285630 -0.798273
v -0.788253 -0.245432 -0.866062
v -0.798383 -0.285637 -0.718977
v 0.733033 -0.350076 -0.489487
v 0.871289 -0.293360 -0.478446
v 0.803416 -0.313489 -0.563749
v 0.805030 -0.331982 -0.404316
v 0.986327 -0.220588 -0.465270
v 1.069058 -0.135074 -0.452517
v 1.035955 -0.173410 -0.534708
v 1.029206 -0.182871 -0.382361
v 0.979266 -0.234964 -0.155385
v 1.058171 -0.145905 -0.151106
v 1.024536 -0.189031 -0.229608
v 1.022169 -0.192069 -0.076621
v 0.686291 -0.160318 -1.044459
v 0.836756 -0.142335 -1.052377
v 0.751991 -0.112818 -1.090814
v 0.771790 -0.188251 -0.995779
v 0.982945 -0.115385 -1.053903
v 1.107375 -0.069735 -1.043621
v 1.043387 -0.069775 -1.107689
v 1.053661 -0.115356 -0.983135
v 0.995609 -0.188215 -0.771922
v 1.090579 -0.112761 -0.752123
v 1.052156 -0.142285 -0.836902
v 1.044279 -0.160274 -0.686416
v 0.076529 -0.192073 -1.022188
v 0.229513 -0.189045 -1.024595
v 0.151022 -0.145915 -1.058214
v 0.155286 -0.234972 -0.979302
v 0.382260 -0.182894 -1.029306
v 0.534597 -0.173444 -1.036094
v 0.452419 -0.135105 -1.069191
v 0.465161 -0.220614 -0.986434
v 0.404219 -0.331993 -0.805097
v 0.563648 -0.313502 -0.803506
v 0.478341 -0.293377 -0.871376
v 0.489395 -0.350084 -0.733107
v 0.719087 -0.285630 0.798273
v 0.866193 -0.245443 0.788129
v 0.798383 -0.285637 0.718978
v 0.788253 -0.245432 0.866063
v 0.994981 -0.187962 0.771408
v 1.089774 -0.112549 0.751702
v 1.043616 -0.160050 0.686015
v 1.051351 -0.142047 0.836341
v 0.982472 -0.115063 1.052418
v 1.105395 -0.068985 1.042444
v 1.052664 -0.115093 0.982281
v 1.042680 -0.068944 1.105076
v 0.735835 -0.376688 0.164130
v 0.869425 -0.313162 0.159910
v 0.805141 -0.348904 0.081073
v 0.805159 -0.343341 0.243029
v 0.979135 -0.234905 0.155233
v 1.058015 -0.145855 0.150871
v 1.022098 -0.192042 0.076437
v 1.024316 -0.188949 0.229406
v 0.985934 -0.220415 0.465022
v 1.068598 -0.134929 0.452227
v 1.028848 -0.182736 0.382122
v 1.035441 -0.173225 0.534408
v 0.085943 -0.492558 0.171842
v 0.256778 -0.481850 0.171177
v 0.171853 -0.492558 0.085921
v 0.171210 -0.481850 0.256756
v 0.424312 -0.459801 0.169763
v 0.585465 -0.425223 0.167448
v 0.506378 -0.447427 0.084442
v 0.505128 -0.438679 0.252666
v 0.418681 -0.420531 0.502247
v 0.580006 -0.391601 0.497206
v 0.502303 -0.420533 0.418616
v 0.497282 -0.391599 0.579939
v -0.563648 -0.313501 0.803507
v -0.404219 -0.331993 0.805098
v -0.489395 -0.350084 0.733107
v -0.478341 -0.293377 0.871376
v -0.243033 -0.343455 0.805332
v -0.081045 -0.348942 0.805199
v -0.164107 -0.376764 0.735933
v -0.159908 -0.313236 0.869560
v -0.229512 -0.189045 1.024596
v -0.076529 -0.192073 1.022189
v -0.155286 -0.234972 0.979302
v -0.151021 -0.145914 1.058215
v -0.585501 -0.425292 0.167498
v -0.424316 -0.459857 0.169801
v -0.506388 -0.447459 0.084475
v -0.505155 -0.438773 0.252730
v -0.256759 -0.481886 0.171203
v -0.085912 -0.492571 0.171851
v -0.171840 -0.492571 0.085934
v -0.171170 -0.481886 0.256782
v -0.252666 -0.438775 0.505190
v -0.084411 -0.447460 0.506399
v -0.169747 -0.459858 0.424339
v -0.167425 -0.425294 0.585525
v -1.058170 -0.145905 0.151106
v -0.979266 -0.234964 0.155385
v -1.022169 -0.192069 0.076622
v -1.024536 -0.189031 0.229608
v -0.869529 -0.313230 0.160007
v -0.735907 -0.376760 0.164196
v -0.805185 -0.348940 0.081140
v -0.805290 -0.343447 0.243129
v -0.871289 -0.293360 0.478446
v -0.733033 -0.350076 0.489487
v -0.805030 -0.331982 0.404317
v -0.803416 -0.313489 0.563749
v -1.069057 -0.135074 0.452517
v -0.986327 -0.220588 0.465270
v -1.029206 -0.182870 0.382361
v -1.035954 -0.173410 0.534708
v -0.580094 -0.391796 0.497396
v -0.418679 -0.420686 0.502397
v -0.502341 -0.420685 0.418744
v -0.497320 -0.391798 0.580162
v -0.534597 -0.173444 1.036095
v -0.382260 -0.182894 1.029306
v -0.465161 -0.220614 0.986434
v -0.452419 -0.135105 1.069191
v 0.084505 -0.447426 0.506366
v 0.252730 -0.438677 0.505094
v 0.169816 -0.459800 0.424289
v 0.167521 -0.425221 0.585442
v 0.732837 -0.349865 0.489274
v 0.870986 -0.293159 0.478219
v 0.804816 -0.331805 0.404148
v 0.803133 -0.313249 0.563466
v 0.686140 -0.160004 1.043433
v 0.836487 -0.141995 1.051124
v 0.771541 -0.187925 0.994808
v 0.751834 -0.112489 1.089536
v 0.081046 -0.348942 -0.805199
v 0.243033 -0.343455 -0.805332
v 0.159908 -0.313237 -0.869559
v 0.164107 -0.376764 -0.735932
v 0.719320 -0.285930 -0.798814
v 0.866612 -0.245733 -0.788687
v 0.788564 -0.245742 -0.866741
v 0.798705 -0.285924 -0.719429
v 0.735907 -0.376760 -0.164195
v 0.869529 -0.313230 -0.160007
v 0.805290 -0.343447 -0.243128
v 0.805185 -0.348940 -0.081140
v -1.089774 -0.112549 -0.751701
v -0.994981 -0.187962 -0.771408
v -1.051350 -0.142047 -0.836340
v -1.043616 -0.160050 -0.686015
v -0.563567 -0.313237 -0.803041
v -0.404245 -0.331793 -0.804748
v -0.478324 -0.293141 -0.870898
v -0.489367 -0.349856 -0.732762
v -0.585465 -0.425223 -0.167448
v -0.424311 -0.459801 -0.169762
v -0.505128 -0.438679 -0.252666
v -0.506378 -0.447427 -0.084441
v -1.058015 -0.145855 -0.150870
v -0.979135 -0.234905 -0.155233
v -1.024316 -0.188949 -0.229406
v -1.022098 -0.192042 -0.076436
v 0.085912 -0.492571 -0.171851
v 0.256759 -0.481886 -0.171202
v 0.171170 -0.481886 -0.256781
v 0.171840 -0.492571 -0.085934
v 0.076529 -0.192036 1.022078
v 0.229502 -0.188934 1.024255
v 0.155332 -0.234895 0.979098
v 0.150955 -0.145844 1.057970
v -1.107374 -0.069735 1.043622
v -0.982945 -0.115384 1.053903
v -1.053661 -0.115356 0.983136
v -1.043387 -0.069775 1.107689
v -1.106152 -0.051714 1.106450
v 0.075471 -0.146882 1.057073
v 0.086045 -0.496628 -0.086056
v -1.057096 -0.146887 -0.075388
v -0.585876 -0.428206 -0.083786
v -0.569068 -0.338051 -0.730812
v -1.083607 -0.119310 -0.677091
v 0.736041 -0.379102 -0.082149
v 0.724475 -0.306654 -0.724577
v 0.082060 -0.379104 -0.736054
v 0.677212 -0.119258 1.083399
v 0.730897 -0.338058 0.568974
v 0.083860 -0.428205 0.585865
v -0.527537 -0.130653 1.073618
v -0.577303 -0.377122 0.577381
v -1.073461 -0.130617 0.527642
v -0.871326 -0.284665 0.557297
v -0.869949 -0.310257 0.239889
v -1.059866 -0.144226 0.226558
v -0.250819 -0.420306 0.584836
v -0.256169 -0.475385 0.256202
v -0.584800 -0.420303 0.250892
v -0.226471 -0.144240 1.059933
v -0.239789 -0.310266 0.869994
v -0.557189 -0.284683 0.871425
v 0.416026 -0.403560 0.582058
v 0.423525 -0.453902 0.254151
v 0.085737 -0.485725 0.257105
v 0.988389 -0.214281 0.542118
v 0.980240 -0.232685 0.232822
v 0.735522 -0.372687 0.245989
v 0.973020 -0.083921 1.103892
v 0.995524 -0.175498 0.846422
v 0.712510 -0.260978 0.868827
v 0.408792 -0.359615 -0.734377
v 0.387855 -0.225650 -0.984115
v 0.077640 -0.236270 -0.978566
v 0.993832 -0.198543 -0.695891
v 0.990324 -0.140760 -0.990516
v 0.695767 -0.198578 -0.993988
v 0.978548 -0.236266 -0.077738
v 0.984025 -0.225628 -0.387960
v 0.734314 -0.359606 -0.408883
v -0.868948 -0.260994 -0.712393
v -0.846565 -0.175465 -0.995338
v -1.104214 -0.083985 -0.972829
v -0.246078 -0.372681 -0.735483
v -0.232923 -0.232671 -0.980185
v -0.542231 -0.214251 -0.988263
v -0.257116 -0.485726 -0.085704
v -0.254204 -0.453901 -0.423491
v -0.582115 -0.403563 -0.415951
v -0.869197 -0.314955 -0.079957
v -0.870682 -0.300253 -0.399006
v -1.064935 -0.138698 -0.377011
v 0.424770 -0.463335 -0.085002
v 0.420773 -0.434570 -0.420828
v 0.084948 -0.463335 -0.424781
v 0.377105 -0.138672 1.064823
v 0.399109 -0.300237 0.870608
v 0.080056 -0.314952 0.869182
v -0.826389 -0.105063 1.097140
v -0.862125 -0.226850 0.862261
v -1.096872 -0.104998 0.826536
v -1.106450 0.095592 1.106152
v 0.075388 0.190765 1.057096
v 0.086056 0.540505 -0.086045
v -1.057073 0.190760 -0.075471
v -0.585864 0.472083 -0.083859
v -0.568973 0.381936 -0.730897
v -1.083399 0.163136 -0.677212
v 0.736054 0.422982 -0.082060
v 0.724577 0.350531 -0.724475
v 0.082149 0.422980 -0.736041
v 0.677091 0.163188 1.083607
v 0.730812 0.381929 0.569068
v 0.083787 0.472084 0.585877
v -0.527641 0.174495 1.073461
v -0.577380 0.421000 0.577303
v -1.073617 0.174531 0.527537
v -0.871425 0.328561 0.557189
v -0.869993 0.354144 0.239789
v -1.059932 0.188118 0.226471
v -0.250892 0.464181 0.584800
v -0.256201 0.519263 0.256169
v -0.584835 0.464184 0.250819
v -0.226558 0.188104 1.059867
v -0.239889 0.354135 0.869949
v -0.557296 0.328543 0.871326
v 0.415951 0.447441 0.582115
v 0.423492 0.497779 0.254205
v 0.085704 0.529604 0.257116
v 0.988263 0.258129 0.542231
v 0.980185 0.276549 0.232923
v 0.735483 0.416558 0.246078
v 0.972829 0.127863 1.104214
v 0.995339 0.219343 0.846566
v 0.712394 0.304872 0.868949
v 0.408883 0.403484 -0.734314
v 0.387961 0.269506 -0.984025
v 0.077738 0.280144 -0.978548
v 0.993988 0.242456 -0.695766
v 0.990516 0.184638 -0.990324
v 0.695891 0.242421 -0.993832
v 0.978566 0.280147 -0.077640
v 0.984115 0.269527 -0.387855
v 0.734377 0.403492 -0.408792
v -0.868826 0.304856 -0.712510
v -0.846421 0.219376 -0.995524
v -1.103892 0.127798 -0.973020
v -0.245988 0.416565 -0.735522
v -0.232822 0.276563 -0.980240
v -0.542117 0.258159 -0.988388
v -0.257104 0.529603 -0.085737
v -0.254150 0.497780 -0.423525
v -0.582057 0.447438 -0.416025
v -0.869181 0.358830 -0.080056
v -0.870608 0.344115 -0.399109
v -1.064822 0.182550 -0.377104
v 0.424782 0.507213 -0.084948
v 0.420828 0.478448 -0.420773
v 0.085002 0.507212 -0.424770
v 0.377011 0.182576 1.064935
v 0.399006 0.344131 0.870682
v 0.079957 0.358833 0.869197
v -0.826536 0.148877 1.096872
v -0.862261 0.270728 0.862125
v -1.097139 0.148942 0.826390
v -1.129429 -0.011240 0.519328
v 0.816137 -0.004711 1.156638
v -1.120882 0.057332 0.370840
v 0.667562 0.052198 1.140824
v -1.100670 0.016222 1.174891
v -1.130674 0.010985 -0.518777
v -0.519079 0.010967 1.131519
v 1.114708 0.009509 -0.074219
v -0.073921 0.009512 -1.114604
v 1.143859 0.011949 -0.667705
v -1.114707 0.009509 0.074219
v -0.667395 0.011974 -1.142753
v 0.073921 0.009512 1.114605
v -1.143859 0.011950 0.667706
v 1.172635 0.016361 1.100464
v 0.667395 0.011974 1.142753
v 1.100670 0.016222 -1.174891
v 1.130675 0.010985 0.518777
v -1.172634 0.016361 -1.100464
v 0.519080 0.010966 -1.131518
v 1.158064 -0.004794 -0.816429
v -1.175523 0.004871 1.102713
v 1.114806 0.058762 0.222246
v -1.173365 0.044161 0.962222
v -0.816429 0.048672 1.158064
v -1.120324 -0.013414 -0.370544
v 1.173365 0.044161 -0.962222
v -1.173174 0.038579 -1.102473
v 1.173175 0.038579 1.102473
v -1.115175 -0.014911 0.222537
v -1.112407 -0.015643 -0.073960
v -1.140824 -0.008320 -0.667562
v 1.140824 -0.008320 0.667562
v -1.112510 0.059529 0.074252
v -1.114805 0.058762 -0.222246
v -1.156637 0.048589 -0.816137
v 1.156638 0.048589 0.816137
v -0.370840 -0.013454 1.120882
v 0.370840 -0.013454 -1.120882
v -0.519328 0.055118 1.129429
v 0.222375 0.009751 -1.117361
v -0.816377 0.013102 1.160041
v -1.116990 0.009759 -0.222076
v -0.222374 0.009751 1.117361
v 1.122982 0.010249 -0.370649
v -0.370345 0.010263 -1.122423
v 1.174806 0.014583 -0.961597
v -1.122982 0.010249 0.370649
v -0.961367 0.014669 -1.171803
v 0.370345 0.010263 1.122423
v -1.174806 0.014583 0.961597
v 1.158614 0.013126 0.816063
v 0.961367 0.014669 1.171803
v 0.816377 0.013101 -1.160041
v 1.116990 0.009759 0.222076
v -1.158614 0.013126 -0.816062
v -1.141923 0.052268 0.667861
v -1.102713 0.039007 1.175523
v -0.667860 -0.008390 1.141923
v 1.141923 0.052268 -0.667860
v 1.175523 0.004871 -1.102713
v -1.170315 -0.000033 -0.962016
v 1.170315 -0.000033 0.962016
v -1.128588 0.055059 -0.519035
v -0.816136 -0.004711 -1.156637
v -0.074251 -0.015651 1.112510
v 0.519328 0.055118 -1.129429
v 1.102473 0.005298 1.173175
v -0.667562 0.052198 -1.140824
v -0.222537 0.058789 1.115175
v 0.962016 0.043911 1.170315
v -1.102473 0.005299 -1.173175
v 1.115175 -0.014911 -0.222537
v 1.112510 0.059529 -0.074251
v 0.962222 -0.000284 -1.173365
v -0.962016 0.043911 -1.170315
v 1.129429 -0.011240 -0.519328
v 0.222246 -0.014884 1.114806
v 1.102713 0.039006 -1.175523
v 1.120882 0.057331 -0.370840
v 0.667861 -0.008390 -1.141923
v 0.073960 0.059521 1.112407
v -0.222246 -0.014884 -1.114805
v 0.519035 -0.011181 1.128589
v 0.816429 0.048672 -1.158064
v -0.073960 0.059521 -1.112407
v 1.120324 -0.013414 0.370545
v 0.370545 0.057292 1.120324
v -0.519035 -0.011181 -1.128588
v 0.074252 -0.015651 -1.112510
v -1.158064 -0.004794 0.816429
v 0.222537 0.058789 -1.115175
v 1.128589 0.055059 0.519035
v -0.370544 0.057291 -1.120324
v -0.962222 -0.000283 1.173365
v 1.112407 -0.015643 0.073961
v -0.223088 0.129678 -1.095938
v 0.074417 -0.064617 -1.102170
v 0.074578 0.131901 -1.093318
v -0.222829 -0.062853 -1.104607
v 0.372035 0.125434 -1.102235
v 0.371561 -0.059545 -1.110938
v -0.668305 0.110414 1.124313
v -0.962979 -0.028804 1.166110
v -0.962443 0.086191 1.157969
v -0.668069 -0.047794 1.132708
v -1.169301 0.070263 1.104764
v -1.175471 -0.016404 1.107218
v -0.372035 0.125434 1.102235
v -0.371561 -0.059544 1.110938
v -1.093214 0.131876 -0.074351
v -1.110387 -0.059449 -0.371299
v -1.101691 0.125309 -0.371797
v -1.102067 -0.064598 -0.074162
v -1.123264 0.110194 -0.668059
v -1.131638 -0.047626 -0.667810
v -1.096285 0.129756 0.223318
v -1.104964 -0.062915 0.223086
v -0.074577 0.131901 1.093318
v -0.074417 -0.064617 1.102171
v 0.223088 0.129678 1.095939
v 0.222829 -0.062853 1.104607
v 1.111536 0.118992 -0.520308
v 1.104965 -0.062915 -0.223085
v 1.096285 0.129756 -0.223318
v 1.119779 -0.054439 -0.520027
v 1.093214 0.131876 0.074352
v 1.102067 -0.064599 0.074162
v 1.141330 0.099886 -0.815503
v 1.149144 -0.039474 -0.815851
v -0.520065 0.118814 -1.110733
v -0.519767 -0.054300 -1.118957
v -0.815276 0.099623 -1.139920
v -0.815616 -0.039271 -1.147722
v 1.169301 0.070263 -1.104764
v 1.175471 -0.016404 -1.107217
v 0.962443 0.086191 -1.157969
v 0.962979 -0.028804 -1.166110
v -1.111535 0.118992 0.520308
v -1.119779 -0.054438 0.520028
v -1.141330 0.099886 0.815503
v -1.149144 -0.039473 0.815852
v -1.103948 0.068885 -1.166352
v -1.106771 -0.015363 -1.172776
v -1.154761 0.085397 -0.962179
v -1.162912 -0.028188 -0.962792
v 0.520065 0.118814 1.110733
v 0.519768 -0.054300 1.118957
v 0.815276 0.099623 1.139920
v 0.815616 -0.039271 1.147722
v 1.123264 0.110194 0.668059
v 1.162912 -0.028188 0.962792
v 1.154761 0.085397 0.962180
v 1.131639 -0.047626 0.667810
v 1.103948 0.068885 1.166352
v 1.106771 -0.015363 1.172776
v 1.101691 0.125309 0.371797
v 1.110387 -0.059449 0.371299
v 0.668305 0.110414 -1.124313
v 0.668069 -0.047794 -1.132708
v 0.815745 -0.039533 -1.149396
v 0.815503 -0.056008 -1.141330
v 0.668201 -0.066587 -1.124525
v 0.815637 0.099813 -1.141032
v 0.815852 0.083351 -1.149144
v 0.668153 0.091629 -1.132537
v 1.119087 -0.054330 0.519695
v 1.110733 -0.074936 0.520065
v 1.101805 -0.081455 0.371720
v 1.110572 0.118776 0.520153
v 1.118957 0.098177 0.519768
v 1.110295 0.103307 0.371363
v 0.962929 -0.028113 1.162585
v 0.962180 -0.041519 1.154761
v 1.104186 -0.024960 1.166013
v 0.962004 0.085491 1.155148
v 0.962792 0.072066 1.162912
v 1.106600 0.059277 1.173038
v 1.147982 -0.039335 0.815509
v 1.139920 -0.055745 0.815277
v 1.123478 -0.066368 0.667954
v 1.166013 0.068838 1.104186
v 1.172776 0.059241 1.106771
v 1.162585 0.071991 0.962929
v 1.173038 -0.015399 1.106600
v 1.166352 -0.025007 1.103948
v 1.155148 -0.041613 0.962005
v 1.139613 0.099546 0.815411
v 1.147722 0.083149 0.815616
v 1.131466 0.091459 0.667895
v 0.667895 -0.047581 1.131466
v 0.668059 -0.066316 1.123264
v 0.815411 -0.055668 1.139613
v 0.667954 0.110246 1.123478
v 0.667810 0.091504 1.131638
v 0.815509 0.083213 1.147982
v 0.371363 -0.059429 1.110296
v 0.371797 -0.081431 1.101691
v 0.520153 -0.074899 1.110572
v 0.371720 0.125333 1.101805
v 0.371299 0.103327 1.110387
v 0.519695 0.098208 1.119087
v -1.173037 -0.015399 -1.106600
v -1.166351 -0.025007 -1.103948
v -1.155148 -0.041613 -0.962004
v -1.166012 0.068838 -1.104186
v -1.172776 0.059241 -1.106771
v -1.162585 0.071991 -0.962929
v -0.962929 -0.028113 -1.162585
v -0.962179 -0.041519 -1.154761
v -1.104186 -0.024960 -1.166012
v -0.962004 0.085491 -1.155148
v -0.962792 0.072066 -1.162912
v -1.106599 0.059277 -1.173037
v -1.132537 -0.047751 0.668153
v -1.124313 -0.066536 0.668305
v -1.141032 -0.055935 0.815637
v -1.124525 0.110465 0.668200
v -1.132708 0.091672 0.668069
v -1.149396 0.083411 0.815745
v -1.110847 -0.059526 0.371625
v -1.102235 -0.081556 0.372035
v -1.111375 -0.075078 0.520396
v -1.102347 0.125458 0.371958
v -1.110938 0.103423 0.371561
v -1.119907 0.098346 0.519956
v 1.107047 -0.016439 -1.175731
v 1.104764 -0.026385 -1.169301
v 0.962269 -0.042403 -1.158344
v 1.105001 0.070217 -1.168965
v 1.107218 0.060281 -1.175471
v 0.963116 0.072612 -1.165790
v 1.165790 -0.028734 -0.963115
v 1.157969 -0.042314 -0.962443
v 1.168966 -0.026340 -1.105001
v 1.158345 0.086281 -0.962268
v 1.166110 0.072682 -0.962979
v 1.175732 0.060316 -1.107046
v -0.667894 -0.047581 -1.131466
v -0.668059 -0.066316 -1.123264
v -0.815410 -0.055668 -1.139613
v -0.667954 0.110246 -1.123478
v -0.667810 0.091504 -1.131638
v -0.815509 0.083213 -1.147981
v -0.371363 -0.059429 -1.110295
v -0.371797 -0.081431 -1.101691
v -0.520153 -0.074899 -1.110571
v -0.371720 0.125333 -1.101805
v -0.371299 0.103327 -1.110387
v -0.519695 0.098208 -1.119087
v 1.132537 -0.047751 -0.668153
v 1.124313 -0.066536 -0.668305
v 1.141032 -0.055936 -0.815636
v 1.124525 0.110465 -0.668200
v 1.132708 0.091672 -0.668069
v 1.149396 0.083411 -0.815745
v 1.104662 -0.062864 0.222771
v 1.095939 -0.085800 0.223088
v 1.093237 -0.088003 0.074285
v 1.095871 0.129663 0.223159
v 1.104607 0.106731 0.222829
v 1.102048 0.108472 0.074218
v 1.110847 -0.059526 -0.371624
v 1.102235 -0.081556 -0.372035
v 1.111376 -0.075078 -0.520396
v 1.093340 0.131905 -0.074510
v 1.102171 0.108495 -0.074417
v 1.105019 0.106803 -0.223027
v 1.102153 -0.064614 -0.074473
v 1.093318 -0.088023 -0.074577
v 1.096219 -0.085865 -0.223388
v 1.102347 0.125457 -0.371958
v 1.110938 0.103422 -0.371561
v 1.119908 0.098346 -0.519955
v 0.074218 -0.064594 1.102048
v 0.074352 -0.087998 1.093214
v 0.223159 -0.085785 1.095871
v 0.074285 0.131881 1.093237
v 0.074162 0.108476 1.102067
v 0.222771 0.106742 1.104662
v -0.223027 -0.062925 1.105019
v -0.223318 -0.085878 1.096285
v -0.074511 -0.088027 1.093340
v -0.223388 0.129743 1.096218
v -0.223085 0.106793 1.104965
v -0.074473 0.108492 1.102153
v -1.102153 -0.064614 0.074473
v -1.093318 -0.088023 0.074578
v -1.096218 -0.085865 0.223388
v -1.093340 0.131905 0.074511
v -1.102170 0.108495 0.074417
v -1.105018 0.106803 0.223028
v -1.147981 -0.039335 -0.815509
v -1.139920 -0.055745 -0.815276
v -1.123478 -0.066368 -0.667954
v -1.139612 0.099546 -0.815411
v -1.147722 0.083149 -0.815616
v -1.131466 0.091459 -0.667894
v -1.104662 -0.062864 -0.222771
v -1.095938 -0.085800 -0.223088
v -1.093237 -0.088003 -0.074284
v -1.110571 0.118777 -0.520153
v -1.118956 0.098178 -0.519767
v -1.110295 0.103307 -0.371363
v -1.119086 -0.054330 -0.519695
v -1.110733 -0.074936 -0.520065
v -1.101805 -0.081455 -0.371720
v -1.095870 0.129663 -0.223158
v -1.104607 0.106731 -0.222829
v -1.102048 0.108472 -0.074218
v -0.519956 -0.054468 1.119908
v -0.520308 -0.075114 1.111536
v -0.371958 -0.081580 1.102347
v -0.520396 0.118956 1.111376
v -0.520027 0.098317 1.119779
v -0.371624 0.103404 1.110847
v -1.165790 -0.028734 0.963116
v -1.157969 -0.042313 0.962443
v -1.168965 -0.026339 1.105001
v -1.158345 0.086281 0.962269
v -1.166110 0.072682 0.962979
v -1.175731 0.060317 1.107046
v -0.815745 -0.039533 1.149396
v -0.815503 -0.056008 1.141330
v -0.668200 -0.066587 1.124525
v -1.105001 0.070218 1.168966
v -1.107217 0.060282 1.175471
v -0.963116 0.072612 1.165791
v -1.107046 -0.016439 1.175732
v -1.104764 -0.026385 1.169301
v -0.962269 -0.042403 1.158345
v -0.815637 0.099814 1.141032
v -0.815852 0.083351 1.149144
v -0.668153 0.091629 1.132537
v 0.519956 -0.054468 -1.119907
v 0.520309 -0.075114 -1.111535
v 0.371958 -0.081580 -1.102347
v 0.520396 0.118956 -1.111376
v 0.520028 0.098316 -1.119779
v 0.371625 0.103404 -1.110847
v -0.074218 -0.064594 -1.102048
v -0.074351 -0.087998 -1.093214
v -0.223158 -0.085786 -1.095870
v 0.223388 0.129743 -1.096218
v 0.223086 0.106793 -1.104964
v 0.074473 0.108492 -1.102152
v 0.223028 -0.062925 -1.105018
v 0.223318 -0.085878 -1.096285
v 0.074511 -0.088027 -1.093340
v -0.074284 0.131881 -1.093237
v -0.074162 0.108476 -1.102067
v -0.222771 0.106742 -1.104661
v 1.114830 -0.014892 0.222220
v 1.110725 -0.039727 0.222521
v 1.108228 -0.040978 0.074068
v -1.102653 0.004871 1.175623
v -1.106206 -0.006264 1.177002
v -0.963202 -0.015173 1.170622
v -0.519005 0.055081 -1.128644
v -0.519457 0.077458 -1.124800
v -0.370978 0.081143 -1.116318
v 1.120285 0.057278 0.370573
v 1.116251 0.081126 0.371026
v 1.124706 0.077432 0.519509
v 0.074277 0.059527 -1.112502
v 0.074385 0.084866 -1.108318
v 0.222841 0.083639 -1.111049
v -1.141850 -0.008358 0.667893
v -1.138100 -0.028846 0.668194
v -1.154480 -0.022892 0.816365
v 0.222511 -0.014917 -1.115198
v 0.222798 -0.039770 -1.111089
v 0.074344 -0.040990 -1.108331
v -0.370573 -0.013400 -1.120284
v -0.371025 -0.037249 -1.116251
v -0.519509 -0.033555 -1.124706
v 0.519005 0.055081 1.128644
v 0.519457 0.077458 1.124800
v 0.370979 0.081143 1.116318
v 1.128644 -0.011204 0.519005
v 1.124800 -0.033580 0.519457
v 1.116318 -0.037265 0.370979
v -0.222219 0.058770 -1.114829
v -0.222521 0.083604 -1.110725
v -0.074067 0.084855 -1.108227
v 0.667893 0.052236 -1.141850
v 0.668195 0.072724 -1.138100
v 0.816365 0.066770 -1.154480
v 0.370573 -0.013400 1.120285
v 0.371026 -0.037249 1.116251
v 0.519509 -0.033554 1.124706
v -0.073986 -0.015641 -1.112399
v -0.074109 -0.040974 -1.108214
v -0.222564 -0.039717 -1.110685
v 0.222220 0.058770 1.114829
v 0.222521 0.083604 1.110725
v 0.074068 0.084855 1.108228
v 0.816390 -0.004833 -1.158178
v 0.816291 -0.022940 -1.154670
v 0.668136 -0.028882 -1.138224
v 1.129484 0.055139 -0.519298
v 1.125633 0.077555 -0.519735
v 1.116873 0.081210 -0.371259
v 0.962273 0.044141 -1.173224
v 0.963296 0.059006 -1.170382
v 1.106321 0.050124 -1.176819
v 0.073986 -0.015641 1.112399
v 0.074109 -0.040974 1.108214
v 0.222565 -0.039717 1.110685
v 1.120843 -0.013441 -0.370868
v 1.116807 -0.037317 -0.371306
v 1.125539 -0.033653 -0.519786
v -1.102413 0.038582 -1.173273
v -1.105926 0.049424 -1.174516
v -0.963033 0.058623 -1.167496
v 1.102653 0.004871 -1.175622
v 1.106207 -0.006265 -1.177002
v 0.963202 -0.015174 -1.170622
v 1.115198 0.058795 -0.222511
v 1.111089 0.083647 -0.222797
v 1.108331 0.084868 -0.074343
v 1.112502 -0.015649 -0.074277
v 1.108318 -0.040988 -0.074385
v 1.111050 -0.039762 -0.222841
v -0.962067 -0.000007 -1.170173
v -0.963128 -0.014694 -1.167251
v -1.106040 -0.005526 -1.174334
v 1.102413 0.038582 1.173274
v 1.105926 0.049424 1.174516
v 0.963034 0.058623 1.167496
v -0.074277 0.059527 1.112502
v -0.074385 0.084866 1.108318
v -0.222841 0.083640 1.111050
v -0.816096 0.048632 -1.156754
v -0.816031 0.066682 -1.153253
v -0.667858 0.072642 -1.137138
v 0.962067 -0.000007 1.170173
v 0.963128 -0.014694 1.167252
v 1.106040 -0.005526 1.174334
v 0.370869 0.057319 -1.120843
v 0.371306 0.081195 -1.116807
v 0.519787 0.077531 -1.125539
v -0.222511 -0.014917 1.115198
v -0.222797 -0.039770 1.111089
v -0.074343 -0.040990 1.108331
v -0.667595 -0.008287 -1.140750
v -0.667917 -0.028726 -1.137012
v -0.816106 -0.022751 -1.153057
v -1.120284 0.057278 -0.370573
v -1.116251 0.081127 -0.371025
v -1.124705 0.077432 -0.519509
v 1.173274 0.005296 1.102414
v 1.174516 -0.005546 1.105926
v 1.167496 -0.014745 0.963034
v -1.173273 0.005296 -1.102413
v -1.174516 -0.005546 -1.105926
v -1.167496 -0.014745 -0.963033
v 1.173225 -0.000263 -0.962273
v 1.170382 -0.015128 -0.963296
v 1.176820 -0.006246 -1.106320
v 1.158179 0.048711 -0.816389
v 1.154670 0.066818 -0.816290
v 1.138225 0.072760 -0.668136
v -0.816389 -0.004833 1.158178
v -0.816291 -0.022940 1.154670
v -0.668136 -0.028882 1.138225
v -0.962273 0.044141 1.173225
v -0.963296 0.059006 1.170382
v -1.106320 0.050124 1.176820
v -1.158178 0.048711 0.816390
v -1.154670 0.066818 0.816291
v -1.138224 0.072760 0.668136
v -1.142776 0.011943 -0.667384
v -1.142752 0.031904 -0.667395
v -1.158576 0.030713 -0.816074
v 1.114607 0.009509 0.073912
v 1.114605 0.034366 0.073921
v 1.116982 0.034112 0.222085
v 0.667695 0.011920 -1.143883
v 0.667706 0.031928 -1.143859
v 0.816389 0.030742 -1.160004
v 1.100481 0.016354 1.172605
v 1.100464 0.027517 1.172635
v 0.961353 0.029223 1.171848
v 1.142777 0.011943 0.667385
v 1.142753 0.031904 0.667395
v 1.158576 0.030713 0.816074
v -1.174861 0.016213 1.100688
v -1.174891 0.027656 1.100671
v -1.174850 0.029303 0.961582
v 0.518787 0.011006 1.130657
v 0.518777 0.032893 1.130675
v 0.370336 0.033628 1.122436
v -1.100481 0.016354 -1.172605
v -1.100464 0.027517 -1.172635
v -0.961352 0.029223 -1.171848
v -1.131500 0.010986 0.519089
v -1.131518 0.032912 0.519079
v -1.122995 0.033641 0.370639
v 1.174861 0.016213 -1.100688
v 1.174891 0.027656 -1.100670
v 1.174850 0.029302 -0.961582
v -0.518787 0.011006 -1.130656
v -0.518777 0.032893 -1.130674
v -0.370336 0.033627 -1.122435
v 1.131501 0.010986 -0.519089
v 1.131519 0.032911 -0.519079
v 1.122995 0.033640 -0.370639
v -0.074211 0.009507 1.114710
v -0.074219 0.034369 1.114707
v -0.222383 0.034121 1.117354
v -1.114607 0.009510 -0.073912
v -1.114604 0.034366 -0.073921
v -1.116982 0.034112 -0.222085
v -0.667695 0.011920 1.143883
v -0.667705 0.031928 1.143859
v -0.816389 0.030743 1.160004
v 0.074211 0.009507 -1.114710
v 0.074220 0.034369 -1.114707
v 0.222384 0.034121 -1.117353
v -0.370868 0.057319 1.120843
v -0.371306 0.081195 1.116807
v -0.519786 0.077531 1.125539
v 0.519298 -0.011261 -1.129484
v 0.519735 -0.033677 -1.125632
v 0.371259 -0.037332 -1.116873
v -0.519298 -0.011261 1.129484
v -0.519735 -0.033677 1.125632
v -0.371259 -0.037332 1.116873
v 1.140750 0.052164 0.667595
v 1.137013 0.072604 0.667917
v 1.153057 0.066629 0.816106
v -1.140750 0.052165 -0.667595
v -1.137012 0.072604 -0.667917
v -1.153057 0.066629 -0.816106
v -1.112399 0.059519 -0.073986
v -1.108214 0.084852 -0.074109
v -1.110685 0.083595 -0.222565
v -1.115198 0.058795 0.222511
v -1.111088 0.083648 0.222797
v -1.108331 0.084868 0.074343
v 1.156755 -0.004754 0.816097
v 1.153253 -0.022804 0.816032
v 1.137138 -0.028764 0.667858
v -1.156754 -0.004754 -0.816097
v -1.153252 -0.022804 -0.816032
v -1.137138 -0.028764 -0.667858
v -1.114829 -0.014892 -0.222219
v -1.110725 -0.039726 -0.222521
v -1.108227 -0.040977 -0.074067
v -1.112502 -0.015649 0.074277
v -1.108318 -0.040988 0.074385
v -1.111049 -0.039762 0.222841
v 1.170173 0.043885 0.962067
v 1.167252 0.058572 0.963129
v 1.174334 0.049404 1.106040
v -1.170173 0.043885 -0.962067
v -1.167251 0.058572 -0.963128
v -1.174333 0.049404 -1.106040
v 1.175623 0.039007 -1.102653
v 1.177002 0.050142 -1.106206
v 1.170622 0.059051 -0.963202
v -1.128644 -0.011203 -0.519005
v -1.124800 -0.033580 -0.519457
v -1.116318 -0.037265 -0.370978
v -0.667893 0.052236 1.141850
v -0.668194 0.072724 1.138100
v -0.816364 0.066770 1.154480
v -1.175622 0.039007 1.102653
v -1.177002 0.050143 1.106206
v -1.170622 0.059051 0.963202
v 1.112399 0.059519 0.073986
v 1.108214 0.084852 0.074109
v 1.110685 0.083595 0.222565
v -1.173225 -0.000263 0.962273
v -1.170382 -0.015128 0.963296
v -1.176819 -0.006246 1.106321
v 1.141850 -0.008358 -0.667893
v 1.138100 -0.028846 -0.668194
v 1.154480 -0.022892 -0.816364
v 0.370639 0.010237 -1.122995
v 0.370649 0.033629 -1.122982
v 0.519090 0.032892 -1.131500
v -1.171848 0.014655 -0.961352
v -1.171803 0.029209 -0.961367
v -1.172605 0.027524 -1.100481
v 1.122435 0.010250 0.370336
v 1.122423 0.033615 0.370345
v 1.130657 0.032872 0.518787
v 0.961582 0.014575 -1.174850
v 0.961597 0.029295 -1.174806
v 1.100688 0.027665 -1.174861
v 0.816074 0.013165 1.158576
v 0.816063 0.030752 1.158614
v 0.667385 0.031935 1.142777
v 1.171848 0.014655 0.961353
v 1.171803 0.029209 0.961368
v 1.172605 0.027524 1.100481
v -1.160004 0.013136 0.816389
v -1.160041 0.030776 0.816377
v -1.143883 0.031958 0.667695
v 0.222085 0.009766 1.116982
v 0.222076 0.034119 1.116990
v 0.073912 0.034368 1.114607
v -0.816074 0.013165 -1.158576
v -0.816062 0.030752 -1.158614
v -0.667384 0.031935 -1.142776
v -1.117353 0.009757 0.222384
v -1.117361 0.034127 0.222375
v -1.114710 0.034371 0.074211
v 1.160004 0.013135 -0.816388
v 1.160041 0.030776 -0.816377
v 1.143883 0.031958 -0.667695
v -0.222085 0.009766 -1.116982
v -0.222076 0.034119 -1.116990
v -0.073912 0.034368 -1.114607
v 1.117354 0.009756 -0.222383
v 1.117361 0.034127 -0.222374
v 1.114710 0.034370 -0.074211
v -0.370639 0.010238 1.122995
v -0.370649 0.033629 1.122982
v -0.519089 0.032892 1.131500
v -1.122435 0.010250 -0.370336
v -1.122422 0.033615 -0.370345
v -1.130656 0.032872 -0.518787
v -0.961582 0.014575 1.174850
v -0.961597 0.029295 1.174806
v -1.100688 0.027665 1.174861
v 0.816097 0.048632 1.156755
v 0.816032 0.066682 1.153253
v 0.667858 0.072642 1.137138
v -1.129484 0.055139 0.519298
v -1.125632 0.077555 0.519735
v -1.116873 0.081210 0.371259
v 0.667595 -0.008287 1.140750
v 0.667917 -0.028726 1.137013
v 0.816106 -0.022751 1.153057
v -1.120843 -0.013441 0.370869
v -1.116807 -0.037317 0.371306
v -1.125539 -0.033653 0.519787
v -0.996367 0.219660 0.846905
v -0.993988 0.242456 0.695766
v -1.084547 0.163445 0.677349
v -0.712845 0.305150 0.869358
v -0.724577 0.350532 0.724475
v -0.869478 0.305165 0.712729
v -0.677469 0.163394 1.084341
v -0.695891 0.242421 0.993832
v -0.847049 0.219629 0.996185
v 0.239774 0.354033 0.869793
v 0.245989 0.416565 0.735522
v 0.082096 0.422943 0.736005
v 0.557009 0.328311 0.870979
v 0.568974 0.381936 0.730897
v 0.408723 0.403306 0.734145
v 0.527329 0.174323 1.072896
v 0.542118 0.258159 0.988389
v 0.387748 0.269360 0.983697
v 0.254207 0.497863 -0.423530
v 0.250893 0.464181 -0.584800
v 0.083825 0.472119 -0.585895
v 0.582252 0.447610 -0.416018
v 0.577381 0.421000 -0.577303
v 0.416092 0.447607 -0.582194
v 0.585907 0.472120 -0.083751
v 0.584836 0.464183 -0.250819
v 0.423564 0.497864 -0.254153
v -0.983606 0.269338 -0.387853
v -0.988263 0.258129 -0.542231
v -1.072737 0.174285 -0.527433
v -0.734081 0.403297 -0.408814
v -0.730812 0.381929 -0.569068
v -0.870879 0.328293 -0.557117
v -0.735992 0.422941 -0.082184
v -0.735483 0.416559 -0.246078
v -0.869748 0.354022 -0.239873
v -0.420715 0.478314 -0.420771
v -0.415951 0.447441 -0.582115
v -0.577133 0.420780 -0.577211
v -0.084973 0.507184 -0.424768
v -0.083786 0.472084 -0.585876
v -0.250820 0.464078 -0.584747
v -0.086049 0.540499 -0.086061
v -0.085704 0.529603 -0.257116
v -0.256164 0.519209 -0.256198
v -0.387747 0.269360 -0.983697
v -0.377011 0.182576 -1.064935
v -0.527328 0.174323 -1.072896
v -0.077594 0.280114 -0.978483
v -0.075388 0.190765 -1.057096
v -0.226314 0.188027 -1.059623
v -0.082095 0.422943 -0.736005
v -0.079957 0.358833 -0.869197
v -0.239773 0.354033 -0.869793
v -0.989535 0.184412 -0.989728
v -0.972829 0.127863 -1.104214
v -1.104295 0.094456 -1.104596
v -0.695467 0.242177 -0.993249
v -0.677091 0.163188 -1.083607
v -0.826063 0.148651 -1.095927
v -0.724135 0.350245 -0.724238
v -0.712393 0.304872 -0.868948
v -0.861577 0.270433 -0.861714
v 0.871012 0.344315 -0.399083
v 0.871426 0.328561 -0.557189
v 0.731199 0.382184 -0.569156
v 1.065433 0.182724 -0.377189
v 1.073618 0.174531 -0.527537
v 0.988975 0.258390 -0.542297
v 1.057193 0.190794 -0.075535
v 1.059933 0.188118 -0.226471
v 0.980493 0.276664 -0.232887
v 0.847049 0.219629 -0.996185
v 0.826536 0.148876 -1.096872
v 0.677470 0.163394 -1.084341
v 1.106288 0.128386 -0.973325
v 1.106450 0.095592 -1.106152
v 0.973517 0.128324 -1.105974
v 1.084547 0.163444 -0.677348
v 1.097140 0.148941 -0.826389
v 0.996368 0.219660 -0.846905
v 0.232988 0.276652 -0.980438
v 0.226558 0.188104 -1.059866
v 0.075619 0.190790 -1.057171
v 0.542411 0.258360 -0.988850
v 0.527642 0.174494 -1.073461
v 0.377282 0.182699 -1.065322
v 0.569251 0.382177 -0.731114
v 0.557297 0.328542 -0.871326
v 0.399186 0.344300 -0.870938
v 0.861578 0.270433 0.861714
v 0.868827 0.304856 0.712510
v 0.724136 0.350245 0.724238
v 1.095652 0.148582 0.826210
v 1.083399 0.163136 0.677212
v 0.993091 0.242140 0.695592
v 1.104295 0.094456 1.104596
v 1.103892 0.127798 0.973020
v 0.989536 0.184411 0.989728
v 0.869748 0.354022 0.239874
v 0.869182 0.358829 0.080056
v 0.735992 0.422941 0.082185
v 1.059556 0.188011 0.226401
v 1.057074 0.190759 0.075471
v 0.978464 0.280109 0.077692
v 1.072737 0.174285 0.527433
v 1.064823 0.182550 0.377105
v 0.983606 0.269338 0.387853
v 0.256165 0.519209 0.256198
v 0.257105 0.529603 0.085737
v 0.086050 0.540499 0.086061
v 0.584712 0.464075 0.250894
v 0.585865 0.472083 0.083860
v 0.424757 0.507184 0.085027
v 0.577134 0.420780 0.577211
v 0.582058 0.447438 0.416026
v 0.420716 0.478315 0.420771
v -0.399186 0.344300 0.870938
v -0.408883 0.403484 0.734314
v -0.569250 0.382177 0.731114
v -0.080043 0.358867 0.869249
v -0.082149 0.422980 0.736041
v -0.246076 0.416674 0.735628
v -0.075619 0.190790 1.057171
v -0.077738 0.280144 0.978548
v -0.232988 0.276652 0.980439
v -0.423563 0.497864 0.254153
v -0.424781 0.507213 0.084948
v -0.585906 0.472120 0.083751
v -0.085722 0.529622 0.257106
v -0.086056 0.540506 0.086045
v -0.257117 0.529622 0.085690
v -0.083824 0.472119 0.585895
v -0.085002 0.507213 0.424770
v -0.254207 0.497863 0.423530
v -0.980492 0.276664 0.232887
v -0.978566 0.280148 0.077640
v -1.057192 0.190794 0.075535
v -0.735667 0.416680 0.245987
v -0.736054 0.422982 0.082060
v -0.869263 0.358870 0.079945
v -0.731198 0.382184 0.569156
v -0.734377 0.403493 0.408792
v -0.871011 0.344315 0.399083
v -0.988974 0.258390 0.542297
v -0.984114 0.269528 0.387855
v -1.065433 0.182724 0.377189
v -0.416092 0.447608 0.582195
v -0.420828 0.478448 0.420773
v -0.582251 0.447610 0.416018
v -0.377282 0.182699 1.065322
v -0.387960 0.269506 0.984025
v -0.542411 0.258361 0.988850
v 0.250821 0.464078 0.584747
v 0.254151 0.497780 0.423525
v 0.084974 0.507184 0.424768
v 0.870879 0.328292 0.557117
v 0.870608 0.344115 0.399109
v 0.734082 0.403297 0.408814
v 0.826064 0.148651 1.095927
v 0.846422 0.219376 0.995524
v 0.695468 0.242177 0.993249
v 0.246077 0.416674 -0.735628
v 0.239889 0.354135 -0.869949
v 0.080043 0.358867 -0.869249
v 0.869478 0.305165 -0.712729
v 0.862261 0.270727 -0.862125
v 0.712846 0.305149 -0.869357
v 0.869264 0.358870 -0.079944
v 0.869994 0.354144 -0.239789
v 0.735667 0.416679 -0.245987
v -0.993091 0.242140 -0.695592
v -0.995338 0.219343 -0.846565
v -1.095652 0.148582 -0.826210
v -0.408722 0.403306 -0.734145
v -0.399006 0.344131 -0.870682
v -0.557009 0.328312 -0.870979
v -0.424756 0.507184 -0.085027
v -0.423491 0.497779 -0.254204
v -0.584712 0.464075 -0.250894
v -0.978464 0.280109 -0.077692
v -0.980185 0.276549 -0.232923
v -1.059556 0.188011 -0.226401
v 0.257118 0.529622 -0.085690
v 0.256202 0.519263 -0.256168
v 0.085723 0.529622 -0.257106
v 0.226314 0.188027 1.059623
v 0.232822 0.276563 0.980240
v 0.077594 0.280114 0.978483
v -0.973516 0.128324 1.105974
v -0.990516 0.184638 0.990324
v -1.106287 0.128386 0.973325
v -1.084341 -0.119516 0.677469
v -0.993832 -0.198543 0.695891
v -0.996185 -0.175751 0.847049
v -0.869357 -0.261271 0.712846
v -0.724475 -0.306654 0.724577
v -0.712729 -0.261287 0.869478
v -0.846905 -0.175782 0.996368
v -0.695766 -0.198578 0.993988
v -0.677348 -0.119566 1.084547
v 0.082184 -0.379063 0.735992
v 0.246078 -0.372681 0.735483
v 0.239874 -0.310144 0.869748
v 0.408814 -0.359419 0.734082
v 0.569068 -0.338051 0.730812
v 0.557117 -0.284415 0.870879
v 0.387853 -0.225460 0.983607
v 0.542231 -0.214251 0.988264
v 0.527433 -0.130407 1.072737
v 0.083751 -0.428242 -0.585907
v 0.250819 -0.420306 -0.584835
v 0.254153 -0.453986 -0.423563
v 0.416018 -0.403733 -0.582252
v 0.577303 -0.377122 -0.577380
v 0.582195 -0.403730 -0.416092
v 0.423530 -0.453985 -0.254207
v 0.584800 -0.420303 -0.250892
v 0.585895 -0.428241 -0.083824
v -1.072895 -0.130445 -0.527328
v -0.988388 -0.214281 -0.542118
v -0.983697 -0.225482 -0.387748
v -0.870979 -0.284433 -0.557009
v -0.730897 -0.338058 -0.568973
v -0.734145 -0.359428 -0.408723
v -0.869793 -0.310155 -0.239773
v -0.735522 -0.372687 -0.245989
v -0.736005 -0.379065 -0.082095
v -0.577211 -0.376902 -0.577133
v -0.416025 -0.403560 -0.582057
v -0.420770 -0.434437 -0.420716
v -0.250894 -0.420197 -0.584712
v -0.083859 -0.428205 -0.585864
v -0.085027 -0.463306 -0.424756
v -0.256198 -0.475331 -0.256165
v -0.085737 -0.485725 -0.257104
v -0.086061 -0.496621 -0.086049
v -0.527433 -0.130407 -1.072737
v -0.377104 -0.138672 -1.064823
v -0.387853 -0.225460 -0.983606
v -0.226401 -0.144134 -1.059556
v -0.075471 -0.146882 -1.057073
v -0.077692 -0.236231 -0.978464
v -0.239873 -0.310144 -0.869748
v -0.080056 -0.314952 -0.869181
v -0.082184 -0.379063 -0.735992
v -1.104596 -0.050578 -1.104295
v -0.973020 -0.083921 -1.103892
v -0.989728 -0.140534 -0.989535
v -0.826210 -0.104704 -1.095652
v -0.677212 -0.119258 -1.083399
v -0.695592 -0.198263 -0.993091
v -0.861714 -0.226555 -0.861577
v -0.712510 -0.260978 -0.868827
v -0.724238 -0.306367 -0.724135
v 0.731114 -0.338299 -0.569250
v 0.871326 -0.284665 -0.557296
v 0.870938 -0.300422 -0.399185
v 0.988850 -0.214483 -0.542411
v 1.073461 -0.130617 -0.527641
v 1.065322 -0.138821 -0.377282
v 0.980439 -0.232774 -0.232988
v 1.059867 -0.144226 -0.226558
v 1.057171 -0.146912 -0.075619
v 0.677349 -0.119567 -1.084547
v 0.826390 -0.105064 -1.097139
v 0.846905 -0.175782 -0.996367
v 0.973326 -0.084508 -1.106287
v 1.106152 -0.051714 -1.106449
v 1.105974 -0.084446 -0.973516
v 0.996185 -0.175751 -0.847049
v 1.096872 -0.104999 -0.826536
v 1.084341 -0.119516 -0.677469
v 0.075536 -0.146916 -1.057192
v 0.226472 -0.144240 -1.059933
v 0.232888 -0.232786 -0.980493
v 0.377189 -0.138846 -1.065433
v 0.527537 -0.130654 -1.073617
v 0.542297 -0.214512 -0.988974
v 0.399083 -0.300437 -0.871011
v 0.557189 -0.284683 -0.871425
v 0.569156 -0.338306 -0.731198
v 0.724238 -0.306367 0.724136
v 0.868949 -0.260994 0.712394
v 0.861714 -0.226555 0.861577
v 0.993249 -0.198299 0.695468
v 1.083607 -0.119310 0.677091
v 1.095927 -0.104773 0.826064
v 0.989728 -0.140534 0.989536
v 1.104214 -0.083985 0.972829
v 1.104596 -0.050578 1.104295
v 0.736006 -0.379065 0.082096
v 0.869197 -0.314956 0.079957
v 0.869793 -0.310155 0.239774
v 0.978483 -0.236236 0.077594
v 1.057096 -0.146887 0.075388
v 1.059623 -0.144149 0.226315
v 0.983697 -0.225482 0.387748
v 1.064935 -0.138698 0.377011
v 1.072896 -0.130445 0.527328
v 0.086061 -0.496621 0.086050
v 0.257116 -0.485726 0.085704
v 0.256198 -0.475331 0.256165
v 0.424768 -0.463306 0.084974
v 0.585877 -0.428206 0.083787
v 0.584748 -0.420200 0.250821
v 0.420771 -0.434437 0.420716
v 0.582115 -0.403563 0.415951
v 0.577211 -0.376902 0.577134
v -0.569156 -0.338306 0.731199
v -0.408792 -0.359614 0.734377
v -0.399083 -0.300437 0.871012
v -0.245987 -0.372802 0.735667
v -0.082060 -0.379104 0.736054
v -0.079944 -0.314992 0.869264
v -0.232887 -0.232786 0.980493
v -0.077640 -0.236270 0.978566
v -0.075535 -0.146916 1.057193
v -0.585895 -0.428241 0.083825
v -0.424770 -0.463335 0.085002
v -0.423530 -0.453985 0.254207
v -0.257106 -0.485744 0.085723
v -0.086045 -0.496628 0.086056
v -0.085690 -0.485744 0.257118
v -0.254153 -0.453986 0.423564
v -0.084948 -0.463335 0.424782
v -0.083751 -0.428242 0.585907
v -1.057171 -0.146912 0.075619
v -0.978548 -0.236266 0.077738
v -0.980439 -0.232774 0.232988
v -0.869249 -0.314989 0.080043
v -0.736041 -0.379102 0.082149
v -0.735628 -0.372796 0.246077
v -0.870938 -0.300422 0.399186
v -0.734314 -0.359606 0.408883
v -0.731114 -0.338299 0.569251
v -1.065322 -0.138821 0.377282
v -0.984025 -0.225628 0.387961
v -0.988850 -0.214483 0.542411
v -0.582195 -0.403729 0.416092
v -0.420773 -0.434570 0.420828
v -0.416018 -0.403732 0.582252
v -0.542297 -0.214512 0.988974
v -0.387855 -0.225650 0.984115
v -0.377189 -0.138846 1.065433
v 0.085027 -0.463306 0.424757
v 0.254205 -0.453901 0.423492
v 0.250894 -0.420197 0.584712
v 0.734145 -0.359428 0.408723
v 0.870682 -0.300253 0.399006
v 0.870979 -0.284434 0.557009
v 0.695592 -0.198263 0.993091
v 0.846566 -0.175465 0.995339
v 0.826210 -0.104704 1.095652
v 0.079945 -0.314992 -0.869263
v 0.239789 -0.310266 -0.869994
v 0.245987 -0.372802 -0.735667
v 0.712730 -0.261287 -0.869478
v 0.862125 -0.226850 -0.862261
v 0.869358 -0.261272 -0.712845
v 0.735628 -0.372796 -0.246076
v 0.869949 -0.310257 -0.239889
v 0.869249 -0.314989 -0.080043
v -1.095926 -0.104773 -0.826063
v -0.995524 -0.175498 -0.846421
v -0.993249 -0.198299 -0.695468
v -0.557117 -0.284415 -0.870879
v -0.399109 -0.300237 -0.870608
v -0.408814 -0.359419 -0.734081
v -0.584747 -0.420200 -0.250820
v -0.423525 -0.453902 -0.254150
v -0.424768 -0.463306 -0.084973
v -1.059623 -0.144149 -0.226314
v -0.980240 -0.232685 -0.232822
v -0.978483 -0.236236 -0.077594
v 0.085690 -0.485744 -0.257117
v 0.256169 -0.475385 -0.256201
v 0.257106 -0.485744 -0.085722
v 0.077692 -0.236231 0.978464
v 0.232923 -0.232671 0.980185
v 0.226401 -0.144133 1.059556
v -1.105974 -0.084446 0.973517
v -0.990324 -0.140760 0.990516
v -0.973325 -0.084508 1.106288
vn 0.2927 -0.9106 -0.2917
vn -0.2897 -0.9119 -0.2907
vn 0.2897 -0.9119 0.2907
vn -0.2927 -0.9106 0.2917
vn 0.8575 -0.5145 0.0005
vn -0.0008 -0.5145 -0.8575
vn -0.8575 -0.5145 -0.0005
vn 0.0008 -0.5145 0.8575
vn -0.0000 -1.0000 -0.0000
vn 0.8188 -0.5732 0.0308
vn 0.0295 -0.5723 -0.8195
vn -0.8188 -0.5732 -0.0308
vn -0.0295 -0.5723 0.8195
vn 0.8195 -0.5723 -0.0298
vn -0.0311 -0.5732 -0.8188
vn -0.8195 -0.5723 0.0298
vn 0.0311 -0.5732 0.8188
vn 0.0003 -0.9500 0.3124
vn -0.0003 -0.9500 -0.3124
vn 0.3124 -0.9500 0.0003
vn -0.3124 -0.9500 -0.0003
vn -0.2281 -0.9465 -0.2281
vn 0.2277 -0.9467 -0.2277
vn 0.2281 -0.9465 0.2281
vn -0.2277 -0.9467 0.2277
vn 0.7152 -0.6989 -0.0077
vn -0.0160 -0.6939 -0.7199
vn -0.7152 -0.6989 0.0077
vn 0.0160 -0.6939 0.7199
vn 0.8503 -0.5261 -0.0155
vn -0.0168 -0.5265 -0.8500
vn -0.8503 -0.5261 0.0155
vn 0.0168 -0.5265 0.8500
vn 0.0006 -0.8100 0.5864
vn -0.0002 -0.9911 -0.1331
vn 0.5864 -0.8100 0.0004
vn -0.1331 -0.9911 -0.0001
vn 0.8500 -0.5265 0.0165
vn 0.0152 -0.5261 -0.8503
vn -0.8500 -0.5265 -0.0165
vn -0.0152 -0.5261 0.8503
vn 0.7195 -0.6944 0.0157
vn 0.0074 -0.6993 -0.7148
vn -0.7195 -0.6944 -0.0157
vn -0.0074 -0.6993 0.7148
vn 0.0002 -0.9911 0.1331
vn -0.0006 -0.8100 -0.5864
vn 0.1331 -0.9911 0.0001
vn -0.5864 -0.8100 -0.0004
vn -0.2931 -0.9518 -0.0903
vn -0.1038 -0.8634 -0.4937
vn -0.0904 -0.9518 -0.2932
vn -0.4935 -0.8635 -0.1037
vn 0.2929 -0.9519 -0.0898
vn 0.1030 -0.8639 -0.4931
vn 0.4932 -0.8638 -0.1031
vn 0.0898 -0.9519 -0.2929
vn 0.1038 -0.8634 0.4937
vn 0.2931 -0.9518 0.0903
vn 0.4935 -0.8635 0.1037
vn 0.0904 -0.9518 0.2932
vn -0.1030 -0.8639 0.4931
vn -0.2929 -0.9519 0.0898
vn -0.0898 -0.9519 0.2929
vn -0.4932 -0.8638 0.1031
vn -0.5669 -0.8230 0.0351
vn -0.1225 -0.9849 0.1225
vn -0.0350 -0.8231 0.5669
vn 0.1228 -0.9848 0.1228
vn 0.5671 -0.8229 0.0359
vn 0.3057 -0.9016 0.3060
vn 0.0350 -0.8231 -0.5669
vn 0.3057 -0.9018 -0.3054
vn 0.5669 -0.8230 -0.0351
vn -0.3057 -0.9016 -0.3060
vn -0.0360 -0.8228 -0.5672
vn -0.1228 -0.9848 -0.1228
vn -0.5671 -0.8229 -0.0359
vn 0.1225 -0.9849 -0.1225
vn 0.0360 -0.8228 0.5672
vn -0.3057 -0.9018 0.3054
vn 0.2917 0.9106 -0.2927
vn -0.2907 0.9119 -0.2897
vn 0.2907 0.9119 0.2897
vn -0.2917 0.9106 0.2927
vn 0.8575 0.5145 0.0008
vn -0.0005 0.5145 -0.8575
vn -0.8575 0.5145 -0.0008
vn 0.0005 0.5145 0.8575
vn -0.0000 1.0000 -0.0000
vn 0.8188 0.5732 0.0311
vn 0.0298 0.5723 -0.8195
vn -0.8188 0.5732 -0.0311
vn -0.0298 0.5723 0.8195
vn 0.8195 0.5723 -0.0295
vn -0.0308 0.5732 -0.8188
vn -0.8195 0.5723 0.0295
vn 0.0308 0.5732 0.8188
vn 0.0003 0.9500 0.3124
vn -0.0003 0.9500 -0.3124
vn 0.3124 0.9500 0.0003
vn -0.3124 0.9500 -0.0003
vn -0.2281 0.9465 -0.2281
vn 0.2277 0.9467 -0.2277
vn 0.2281 0.9465 0.2281
vn -0.2277 0.9467 0.2277
vn 0.7148 0.6993 -0.0074
vn -0.0157 0.6944 -0.7195
vn -0.7148 0.6993 0.0074
vn 0.0157 0.6944 0.7195
vn 0.8503 0.5261 -0.0152
vn -0.0165 0.5265 -0.8500
vn -0.8503 0.5261 0.0152
vn 0.0165 0.5265 0.8500
vn 0.0004 0.8100 0.5864
vn -0.0001 0.9911 -0.1331
vn 0.5864 0.8100 0.0006
vn -0.1331 0.9911 -0.0002
vn 0.8500 0.5265 0.0168
vn 0.0155 0.5261 -0.8503
vn -0.8500 0.5265 -0.0168
vn -0.0155 0.5261 0.8503
vn 0.7199 0.6939 0.0160
vn 0.0077 0.6989 -0.7152
vn -0.7199 0.6939 -0.0160
vn -0.0077 0.6989 0.7152
vn 0.0001 0.9911 0.1331
vn -0.0004 0.8100 -0.5864
vn 0.1331 0.9911 0.0002
vn -0.5864 0.8100 -0.0006
vn -0.2932 0.9518 -0.0904
vn -0.1037 0.8635 -0.4935
vn -0.0903 0.9518 -0.2931
vn -0.4937 0.8634 -0.1038
vn 0.2929 0.9519 -0.0898
vn 0.1031 0.8638 -0.4932
vn 0.4931 0.8639 -0.1030
vn 0.0898 0.9519 -0.2929
vn 0.1037 0.8635 0.4935
vn 0.2932 0.9518 0.0904
vn 0.4937 0.8634 0.1038
vn 0.0903 0.9518 0.2931
vn -0.1031 0.8638 0.4932
vn -0.2929 0.9519 0.0898
vn -0.0898 0.9519 0.2929
vn -0.4931 0.8639 0.1030
vn -0.5669 0.8231 0.0350
vn -0.1225 0.9849 0.1225
vn -0.0351 0.8230 0.5669
vn 0.1228 0.9848 0.1228
vn 0.5672 0.8228 0.0360
vn 0.3060 0.9016 0.3057
vn 0.0351 0.8230 -0.5669
vn 0.3054 0.9018 -0.3057
vn 0.5669 0.8231 -0.0350
vn -0.3060 0.9016 -0.3057
vn -0.0359 0.8229 -0.5671
vn -0.1228 0.9848 -0.1228
vn -0.5672 0.8228 -0.0360
vn 0.1225 0.9849 -0.1225
vn 0.0359 0.8229 0.5671
vn -0.3054 0.9018 0.3057
vn 0.9888 -0.1111 0.0993
vn 0.9894 0.1054 0.0996
vn 0.0796 -0.0954 -0.9923
vn 0.0797 0.0933 -0.9924
vn 0.0360 -0.0889 -0.9954
vn 0.0361 0.0880 -0.9955
vn 0.9921 -0.0955 0.0814
vn 0.9923 0.0934 0.0815
vn 0.9962 0.0872 0.0007
vn 0.9962 -0.0872 0.0007
vn 0.9953 -0.0890 0.0373
vn 0.9954 0.0881 0.0373
vn 0.0007 -0.0872 0.9962
vn 0.0007 0.0872 0.9962
vn 0.0373 -0.0881 0.9954
vn 0.0373 0.0890 0.9953
vn -0.9962 -0.0872 -0.0007
vn -0.9962 0.0872 -0.0007
vn -0.9923 0.0954 0.0796
vn -0.9924 -0.0933 0.0797
vn -0.9955 -0.0880 0.0361
vn -0.9954 0.0889 0.0360
vn 0.0815 -0.0934 0.9923
vn 0.0814 0.0955 0.9921
vn -0.6852 -0.2453 0.6858
vn -0.6857 0.2453 0.6852
vn 0.0996 -0.1054 0.9894
vn 0.0993 0.1111 0.9888
vn -0.0373 0.0889 -0.9953
vn -0.0373 -0.0881 -0.9954
vn -0.0007 -0.0872 -0.9962
vn -0.0007 0.0872 -0.9962
vn -0.0006 0.2532 -0.9674
vn -0.0008 -0.2531 -0.9674
vn -0.0330 -0.2565 -0.9660
vn -0.0327 0.2573 -0.9658
vn 0.0847 0.3149 0.9453
vn 0.0856 -0.3104 0.9468
vn -0.7061 0.0615 0.7054
vn -0.7054 -0.0616 0.7061
vn 0.0711 0.2739 0.9591
vn 0.0715 -0.2719 0.9597
vn -0.9658 0.2572 0.0314
vn -0.9661 -0.2564 0.0317
vn -0.9599 -0.2717 0.0698
vn -0.9593 0.2737 0.0695
vn -0.9674 0.2531 -0.0008
vn -0.9674 -0.2531 -0.0006
vn 0.0327 0.2573 0.9658
vn 0.0330 -0.2565 0.9660
vn 0.0006 0.2531 0.9674
vn 0.0008 -0.2531 0.9674
vn 0.9660 0.2565 0.0330
vn 0.9658 -0.2573 0.0327
vn 0.9674 -0.2531 0.0006
vn 0.9674 0.2532 0.0008
vn 0.9597 0.2719 0.0715
vn 0.9591 -0.2739 0.0711
vn 0.0317 0.2564 -0.9661
vn 0.0314 -0.2572 -0.9658
vn 0.0698 0.2717 -0.9599
vn 0.0695 -0.2737 -0.9593
vn 0.9468 0.3104 0.0856
vn 0.9453 -0.3149 0.0847
vn 0.7054 -0.0616 -0.7061
vn 0.7061 0.0616 -0.7054
vn -0.9660 0.2565 -0.0330
vn -0.9658 -0.2573 -0.0327
vn -0.9597 0.2719 -0.0715
vn -0.9591 -0.2739 -0.0711
vn 0.0731 0.3142 -0.9465
vn 0.0723 -0.3188 -0.9451
vn -0.7071 -0.0308 -0.7065
vn -0.7064 0.0308 -0.7071
vn -0.0317 0.2564 0.9661
vn -0.0314 -0.2572 0.9658
vn -0.0698 0.2717 0.9599
vn -0.0695 -0.2737 0.9593
vn -0.9468 0.3104 -0.0856
vn -0.9453 -0.3149 -0.0847
vn 0.9450 0.3189 -0.0723
vn 0.9465 -0.3142 -0.0731
vn 0.7064 0.0308 0.7071
vn 0.7071 -0.0308 0.7064
vn 0.9593 0.2737 -0.0695
vn 0.9599 -0.2717 -0.0698
vn -0.0731 0.3142 0.9465
vn -0.0723 -0.3188 0.9451
vn -0.0847 0.3149 -0.9453
vn -0.0856 -0.3104 -0.9468
vn -0.0711 0.2739 -0.9591
vn -0.0715 -0.2719 -0.9597
vn 0.9658 0.2572 -0.0314
vn 0.9661 -0.2564 -0.0317
vn -0.9450 0.3189 0.0723
vn -0.9465 -0.3142 0.0731
vn 0.6852 -0.2454 -0.6857
vn 0.6857 0.2453 -0.6852
vn -0.9954 0.0881 -0.0373
vn -0.9953 -0.0890 -0.0373
vn -0.9923 0.0934 -0.0815
vn -0.9921 -0.0955 -0.0814
vn 0.0886 0.1068 -0.9903
vn 0.0883 -0.1127 -0.9897
vn -0.6862 -0.2428 -0.6857
vn -0.6857 0.2428 -0.6862
vn -0.0361 0.0880 0.9955
vn -0.0360 -0.0889 0.9954
vn -0.0797 0.0933 0.9924
vn -0.0796 -0.0954 0.9923
vn -0.9894 0.1054 -0.0996
vn -0.9888 -0.1111 -0.0993
vn 0.9897 0.1127 -0.0883
vn 0.9903 -0.1069 -0.0886
vn 0.6857 0.2428 0.6862
vn 0.6862 -0.2428 0.6857
vn 0.9923 0.0954 -0.0796
vn 0.9924 -0.0933 -0.0797
vn -0.0886 0.1068 0.9903
vn -0.0883 -0.1127 0.9897
vn -0.0993 0.1111 -0.9888
vn -0.0996 -0.1054 -0.9894
vn -0.0814 0.0955 -0.9921
vn -0.0815 -0.0934 -0.9923
vn 0.9954 0.0889 -0.0360
vn 0.9955 -0.0880 -0.0361
vn -0.9897 0.1127 0.0883
vn -0.9903 -0.1069 0.0886
vn 0.5468 -0.8284 -0.1211
vn -0.1238 -0.8207 -0.5578
vn -0.5468 -0.8284 0.1211
vn 0.1238 -0.8207 0.5578
vn 0.8560 -0.5169 -0.0069
vn -0.0084 -0.5170 -0.8559
vn -0.8560 -0.5169 0.0069
vn 0.0084 -0.5170 0.8559
vn 0.0007 -0.6582 0.7528
vn -0.0001 -0.9980 -0.0638
vn 0.7528 -0.6582 0.0005
vn -0.0638 -0.9980 -0.0001
vn 0.8387 -0.5441 0.0234
vn 0.0218 -0.5437 -0.8390
vn -0.8387 -0.5441 -0.0234
vn -0.0218 -0.5437 0.8390
vn 0.7833 -0.6211 -0.0262
vn -0.0280 -0.6219 -0.7826
vn -0.7833 -0.6211 0.0262
vn 0.0280 -0.6219 0.7826
vn 0.0002 -0.9769 0.2138
vn -0.0004 -0.9002 -0.4354
vn 0.2138 -0.9769 0.0002
vn -0.4354 -0.9002 -0.0003
vn -0.3077 -0.9505 -0.0426
vn -0.1736 -0.9248 -0.3386
vn -0.0427 -0.9505 -0.3077
vn -0.3385 -0.9248 -0.1736
vn 0.3076 -0.9506 -0.0421
vn 0.1731 -0.9251 -0.3381
vn 0.6887 -0.7246 -0.0248
vn 0.1488 -0.9522 -0.2670
vn 0.0258 -0.7239 0.6895
vn 0.2673 -0.9520 0.1493
vn 0.6892 -0.7241 0.0256
vn 0.1493 -0.9520 0.2673
vn -0.0246 -0.7248 0.6885
vn -0.2670 -0.9521 0.1488
vn -0.0420 -0.9506 0.3076
vn -0.3382 -0.9250 0.1730
vn 0.7827 -0.6218 0.0275
vn 0.0256 -0.6209 -0.7834
vn -0.7827 -0.6218 -0.0275
vn -0.0256 -0.6209 0.7834
vn 0.8390 -0.5437 -0.0222
vn -0.0237 -0.5440 -0.8387
vn -0.8390 -0.5437 0.0222
vn 0.0237 -0.5440 0.8387
vn 0.0004 -0.9002 0.4354
vn -0.0002 -0.9769 -0.2138
vn 0.4354 -0.9002 0.0003
vn -0.2138 -0.9769 -0.0002
vn 0.8559 -0.5170 0.0081
vn 0.0066 -0.5169 -0.8560
vn -0.8559 -0.5170 -0.0081
vn -0.0066 -0.5169 0.8560
vn 0.5571 -0.8210 0.1245
vn 0.1216 -0.8288 -0.5462
vn -0.5571 -0.8210 -0.1245
vn -0.1216 -0.8288 0.5462
vn 0.0001 -0.9980 0.0638
vn -0.0007 -0.6582 -0.7528
vn 0.0638 -0.9980 0.0001
vn -0.7528 -0.6582 -0.0005
vn -0.2673 -0.9520 -0.1493
vn -0.0258 -0.7239 -0.6895
vn -0.1493 -0.9520 -0.2673
vn -0.6892 -0.7241 -0.0256
vn 0.2670 -0.9521 -0.1488
vn 0.0246 -0.7248 -0.6885
vn 0.3382 -0.9250 -0.1730
vn 0.0420 -0.9506 -0.3076
vn 0.1736 -0.9248 0.3386
vn 0.3077 -0.9505 0.0426
vn 0.3385 -0.9248 0.1736
vn 0.0427 -0.9505 0.3077
vn -0.1731 -0.9251 0.3381
vn -0.3076 -0.9506 0.0421
vn -0.1488 -0.9522 0.2670
vn -0.6887 -0.7246 0.0248
vn -0.5393 -0.8399 0.0617
vn -0.5817 -0.8132 0.0158
vn -0.4140 -0.9080 0.0648
vn -0.7401 -0.6725 0.0044
vn -0.1091 -0.9740 0.1983
vn -0.1304 -0.9897 0.0584
vn -0.0584 -0.9897 0.1304
vn -0.1983 -0.9740 0.1091
vn -0.0042 -0.6726 0.7400
vn -0.0647 -0.9080 0.4140
vn -0.0156 -0.8133 0.5817
vn -0.0616 -0.8399 0.5392
vn 0.1095 -0.9739 0.1986
vn 0.1306 -0.9897 0.0586
vn 0.1986 -0.9739 0.1095
vn 0.0587 -0.9897 0.1306
vn 0.5395 -0.8397 0.0624
vn 0.5818 -0.8132 0.0165
vn 0.7403 -0.6722 0.0053
vn 0.4142 -0.9078 0.0654
vn 0.1478 -0.8322 0.5344
vn 0.4198 -0.8905 0.1753
vn 0.5337 -0.8326 0.1479
vn 0.1752 -0.8904 0.4200
vn 0.0647 -0.9080 -0.4140
vn 0.0042 -0.6726 -0.7400
vn 0.0616 -0.8399 -0.5392
vn 0.0156 -0.8133 -0.5817
vn 0.4194 -0.8908 -0.1749
vn 0.1468 -0.8351 -0.5302
vn 0.5308 -0.8347 -0.1466
vn 0.1750 -0.8909 -0.4192
vn 0.5817 -0.8132 -0.0158
vn 0.5393 -0.8399 -0.0617
vn 0.7401 -0.6725 -0.0044
vn 0.4140 -0.9080 -0.0648
vn -0.4198 -0.8905 -0.1753
vn -0.1478 -0.8322 -0.5344
vn -0.1752 -0.8904 -0.4200
vn -0.5337 -0.8326 -0.1479
vn -0.0655 -0.9078 -0.4142
vn -0.0055 -0.6721 -0.7404
vn -0.0167 -0.8131 -0.5818
vn -0.0626 -0.8396 -0.5396
vn -0.1306 -0.9897 -0.0586
vn -0.1095 -0.9739 -0.1986
vn -0.0587 -0.9897 -0.1306
vn -0.1986 -0.9739 -0.1095
vn -0.5818 -0.8132 -0.0165
vn -0.5395 -0.8397 -0.0624
vn -0.4142 -0.9078 -0.0654
vn -0.7403 -0.6722 -0.0053
vn 0.1304 -0.9897 -0.0584
vn 0.1091 -0.9740 -0.1983
vn 0.1983 -0.9740 -0.1091
vn 0.0584 -0.9897 -0.1304
vn 0.0055 -0.6721 0.7404
vn 0.0655 -0.9078 0.4142
vn 0.0626 -0.8396 0.5396
vn 0.0167 -0.8131 0.5818
vn -0.1468 -0.8351 0.5302
vn -0.4194 -0.8908 0.1749
vn -0.1750 -0.8909 0.4192
vn -0.5308 -0.8347 0.1466
vn 0.5462 0.8288 -0.1216
vn -0.1245 0.8210 -0.5571
vn -0.5462 0.8288 0.1216
vn 0.1245 0.8210 0.5571
vn 0.8560 0.5169 -0.0066
vn -0.0081 0.5170 -0.8559
vn -0.8560 0.5169 0.0066
vn 0.0081 0.5170 0.8559
vn 0.0005 0.6582 0.7528
vn -0.0001 0.9980 -0.0638
vn 0.7528 0.6582 0.0007
vn -0.0638 0.9980 -0.0001
vn 0.8387 0.5440 0.0237
vn 0.0222 0.5437 -0.8390
vn -0.8387 0.5440 -0.0237
vn -0.0222 0.5437 0.8390
vn 0.7834 0.6209 -0.0256
vn -0.0275 0.6218 -0.7827
vn -0.7834 0.6209 0.0256
vn 0.0275 0.6218 0.7827
vn 0.0002 0.9769 0.2138
vn -0.0003 0.9002 -0.4354
vn 0.2138 0.9769 0.0002
vn -0.4354 0.9002 -0.0004
vn -0.3077 0.9505 -0.0427
vn -0.1736 0.9248 -0.3385
vn -0.0426 0.9505 -0.3077
vn -0.3386 0.9248 -0.1736
vn 0.3076 0.9506 -0.0420
vn 0.1730 0.9250 -0.3382
vn 0.6885 0.7248 -0.0246
vn 0.1488 0.9521 -0.2670
vn 0.0256 0.7241 0.6892
vn 0.2673 0.9520 0.1493
vn 0.6895 0.7239 0.0258
vn 0.1493 0.9520 0.2673
vn -0.0248 0.7246 0.6887
vn -0.2670 0.9522 0.1488
vn -0.0421 0.9506 0.3076
vn -0.3381 0.9251 0.1731
vn 0.7826 0.6219 0.0280
vn 0.0262 0.6211 -0.7833
vn -0.7826 0.6219 -0.0280
vn -0.0262 0.6211 0.7833
vn 0.8390 0.5437 -0.0218
vn -0.0234 0.5441 -0.8387
vn -0.8390 0.5437 0.0218
vn 0.0234 0.5441 0.8387
vn 0.0003 0.9002 0.4354
vn -0.0002 0.9769 -0.2138
vn 0.4354 0.9002 0.0004
vn -0.2138 0.9769 -0.0002
vn 0.8559 0.5170 0.0084
vn 0.0069 0.5169 -0.8560
vn -0.8559 0.5170 -0.0084
vn -0.0069 0.5169 0.8560
vn 0.5578 0.8207 0.1238
vn 0.1211 0.8284 -0.5468
vn -0.5578 0.8206 -0.1238
vn -0.1211 0.8284 0.5468
vn 0.0001 0.9980 0.0638
vn -0.0005 0.6582 -0.7528
vn 0.0638 0.9980 0.0001
vn -0.7528 0.6582 -0.0007
vn -0.2673 0.9520 -0.1493
vn -0.0256 0.7241 -0.6892
vn -0.1493 0.9520 -0.2673
vn -0.6895 0.7239 -0.0258
vn 0.2670 0.9522 -0.1488
vn 0.0248 0.7246 -0.6887
vn 0.3381 0.9251 -0.1731
vn 0.0421 0.9506 -0.3076
vn 0.1736 0.9248 0.3385
vn 0.3077 0.9505 0.0427
vn 0.3386 0.9248 0.1736
vn 0.0426 0.9505 0.3077
vn -0.1730 0.9250 0.3382
vn -0.3076 0.9506 0.0420
vn -0.1488 0.9521 0.2670
vn -0.6885 0.7248 0.0246
vn -0.5392 0.8399 0.0616
vn -0.5817 0.8133 0.0156
vn -0.4140 0.9080 0.0647
vn -0.7400 0.6726 0.0042
vn -0.1091 0.9740 0.1983
vn -0.1304 0.9897 0.0584
vn -0.0584 0.9897 0.1304
vn -0.1983 0.9740 0.1091
vn -0.0044 0.6725 0.7401
vn -0.0648 0.9080 0.4140
vn -0.0158 0.8132 0.5817
vn -0.0617 0.8399 0.5393
vn 0.1095 0.9739 0.1986
vn 0.1306 0.9897 0.0587
vn 0.1986 0.9739 0.1095
vn 0.0586 0.9897 0.1306
vn 0.5396 0.8396 0.0626
vn 0.5818 0.8131 0.0167
vn 0.7404 0.6721 0.0055
vn 0.4142 0.9078 0.0655
vn 0.1479 0.8326 0.5337
vn 0.4200 0.8904 0.1752
vn 0.5344 0.8322 0.1478
vn 0.1753 0.8905 0.4198
vn 0.0648 0.9080 -0.4140
vn 0.0044 0.6725 -0.7401
vn 0.0617 0.8399 -0.5393
vn 0.0158 0.8132 -0.5817
vn 0.4192 0.8909 -0.1750
vn 0.1466 0.8347 -0.5308
vn 0.5302 0.8351 -0.1468
vn 0.1749 0.8908 -0.4194
vn 0.5817 0.8133 -0.0156
vn 0.5392 0.8399 -0.0616
vn 0.7400 0.6726 -0.0042
vn 0.4140 0.9080 -0.0647
vn -0.4200 0.8904 -0.1752
vn -0.1479 0.8326 -0.5337
vn -0.1753 0.8905 -0.4198
vn -0.5344 0.8322 -0.1478
vn -0.0654 0.9078 -0.4142
vn -0.0053 0.6722 -0.7403
vn -0.0165 0.8132 -0.5818
vn -0.0624 0.8397 -0.5395
vn -0.1306 0.9897 -0.0587
vn -0.1095 0.9739 -0.1986
vn -0.0586 0.9897 -0.1306
vn -0.1986 0.9739 -0.1095
vn -0.5818 0.8131 -0.0167
vn -0.5396 0.8396 -0.0626
vn -0.4142 0.9078 -0.0655
vn -0.7404 0.6721 -0.0055
vn 0.1304 0.9897 -0.0584
vn 0.1091 0.9740 -0.1983
vn 0.1983 0.9740 -0.1091
vn 0.0584 0.9897 -0.1304
vn 0.0053 0.6722 0.7403
vn 0.0654 0.9078 0.4142
vn 0.0624 0.8397 0.5395
vn 0.0165 0.8132 0.5818
vn -0.1466 0.8347 0.5308
vn -0.4192 0.8909 0.1750
vn -0.1749 0.8908 0.4194
vn -0.5302 0.8351 0.1468
vn -0.0176 -0.0870 -0.9961
vn 0.1062 -0.0995 0.9894
vn -0.9944 -0.0903 0.0545
vn -0.9960 0.0875 0.0157
vn 0.0563 0.0915 0.9942
vn 0.0175 0.0874 0.9960
vn 0.9993 -0.0004 0.0379
vn -0.0007 -0.0000 -1.0000
vn 0.0366 -0.0004 -0.9993
vn 0.9966 -0.0011 0.0828
vn 0.9949 -0.0028 0.1011
vn -0.9961 0.0870 -0.0176
vn -0.9943 0.0901 -0.0564
vn 0.1041 0.0996 -0.9896
vn 0.0092 0.0628 -0.9980
vn -0.0158 0.0870 0.9961
vn -0.0545 0.0903 0.9944
vn -0.9894 0.0995 -0.1062
vn -0.9985 0.0549 -0.0044
vn 0.9975 0.0698 -0.0093
vn 0.9893 0.1029 -0.1038
vn -0.1041 0.0996 0.9896
vn -0.0092 0.0628 0.9980
vn 0.7071 -0.0000 -0.7071
vn -0.1062 -0.0995 -0.9894
vn 0.9967 0.0010 -0.0810
vn 0.9993 0.0004 -0.0366
vn -0.9980 -0.0628 0.0092
vn -0.9975 0.0698 0.0093
vn -0.9893 0.1029 0.1038
vn -0.0564 -0.0901 -0.9943
vn -0.0563 0.0915 -0.9942
vn -0.0175 0.0874 -0.9960
vn 0.1011 0.0028 0.9949
vn -0.9943 0.0917 0.0544
vn 0.0564 -0.0901 0.9943
vn 0.0176 -0.0870 0.9961
vn 0.9960 -0.0874 0.0175
vn 0.9943 0.0901 0.0564
vn 0.0158 0.0870 -0.9961
vn 0.0545 0.0903 -0.9944
vn 0.9894 0.0995 0.1062
vn 0.9985 0.0549 0.0044
vn -0.9942 -0.0915 -0.0563
vn 0.1038 -0.1029 -0.9893
vn 0.0093 -0.0698 -0.9975
vn -0.0157 -0.0875 0.9960
vn -0.0544 -0.0917 0.9943
vn -0.9891 -0.1027 -0.1059
vn -0.9981 -0.0616 -0.0044
vn -0.7071 -0.0000 0.7071
vn 0.9896 -0.0996 -0.1041
vn -0.1038 -0.1029 0.9893
vn -0.0093 -0.0698 0.9975
vn 0.7071 -0.0000 0.7071
vn -0.0044 0.0616 -0.9981
vn -0.1011 0.0028 -0.9949
vn 0.9943 0.0917 -0.0544
vn 0.9960 0.0875 -0.0157
vn -0.7071 -0.0000 -0.7071
vn -0.9896 -0.0996 0.1041
vn -0.9967 0.0010 0.0810
vn -0.0828 0.0010 -0.9966
vn -0.0379 0.0005 -0.9993
vn 0.1059 0.1027 0.9891
vn 0.0157 -0.0875 -0.9960
vn -0.0810 -0.0010 0.9967
vn -0.9993 -0.0004 -0.0379
vn 1.0000 -0.0000 0.0007
vn -0.9959 0.0028 0.0903
vn -0.9966 -0.0010 -0.0828
vn 0.9961 -0.0870 -0.0158
vn -0.0044 -0.0549 -0.9985
vn -0.1059 0.1027 -0.9891
vn 0.9944 -0.0903 -0.0545
vn 0.0828 0.0010 0.9966
vn 0.9980 -0.0628 -0.0092
vn -0.0903 -0.0028 0.9959
vn 0.9981 -0.0616 0.0044
vn 0.9959 0.0029 -0.0903
vn 0.0007 -0.0000 1.0000
vn -0.9949 -0.0028 -0.1011
vn 0.0544 -0.0917 -0.9943
vn -0.0366 -0.0004 0.9993
vn 0.0810 -0.0010 -0.9967
vn 0.0903 -0.0028 -0.9959
vn 0.0044 -0.0549 0.9985
vn -0.9960 -0.0874 -0.0175
vn -1.0000 -0.0000 -0.0007
vn 0.9891 -0.1027 0.1059
vn 0.0379 0.0004 0.9993
vn 0.9961 0.0870 0.0176
vn 0.9942 -0.0915 0.0563
vn -0.9961 -0.0870 0.0158
vn -0.9993 0.0005 0.0366
vn 0.0044 0.0616 0.9981
vn 0.9856 -0.1655 0.0357
vn -0.0494 0.2638 -0.9633
vn 0.9814 -0.1756 0.0779
vn -0.0497 -0.2625 -0.9637
vn 0.0008 -0.1630 0.9866
vn -0.9520 0.2928 0.0896
vn 0.6391 -0.4265 -0.6400
vn -0.9528 -0.2898 0.0904
vn -0.9558 0.2923 0.0328
vn 0.9817 0.1735 0.0781
vn -0.9579 -0.2852 0.0329
vn 0.9857 0.1646 0.0359
vn 0.9672 0.2537 -0.0138
vn -0.0957 -0.1928 -0.9766
vn 0.9673 -0.2533 -0.0140
vn 0.9633 0.2641 -0.0476
vn -0.0781 -0.1735 -0.9817
vn 0.9637 -0.2627 -0.0479
vn -0.0920 0.2921 -0.9519
vn 0.0006 0.1630 0.9866
vn -0.0927 -0.2892 -0.9528
vn -0.0304 0.2751 -0.9609
vn -0.0344 -0.1654 0.9856
vn -0.0305 -0.2682 -0.9629
vn -0.0761 -0.1753 0.9816
vn -0.0329 0.2852 0.9579
vn -0.0779 0.1756 -0.9814
vn -0.0328 -0.2923 0.9558
vn -0.0904 0.2898 0.9528
vn -0.0952 0.1983 -0.9755
vn -0.0896 -0.2928 0.9520
vn 0.9520 0.2928 -0.0896
vn 0.9819 -0.1733 -0.0764
vn 0.9528 -0.2898 -0.0904
vn 0.9558 0.2923 -0.0328
vn 0.9579 -0.2852 -0.0329
vn -0.0764 0.1732 0.9819
vn -0.9629 0.2682 -0.0305
vn -0.0346 0.1646 0.9858
vn -0.9609 -0.2751 -0.0304
vn -0.9528 0.2892 -0.0927
vn 0.0344 -0.1654 -0.9856
vn -0.9519 -0.2922 -0.0920
vn -0.0479 0.2627 0.9637
vn 0.0761 -0.1754 -0.9816
vn -0.0476 -0.2641 0.9633
vn -0.0140 0.2533 0.9673
vn -0.0359 -0.1646 -0.9857
vn -0.0138 -0.2537 0.9672
vn 0.0329 0.2851 -0.9579
vn -0.0008 -0.1630 -0.9866
vn 0.0328 -0.2923 -0.9558
vn 0.0904 0.2898 -0.9528
vn -0.9814 -0.1756 -0.0779
vn 0.0896 -0.2928 -0.9520
vn -0.9637 0.2624 -0.0497
vn -0.9755 -0.1983 -0.0952
vn -0.9633 -0.2638 -0.0494
vn -0.9673 0.2532 -0.0157
vn -0.0006 0.1630 -0.9866
vn -0.9672 -0.2536 -0.0155
vn 0.9629 0.2682 0.0305
vn -0.0357 0.1655 -0.9856
vn 0.9609 -0.2751 0.0304
vn 0.9528 0.2892 0.0927
vn 0.9856 0.1654 -0.0344
vn 0.9519 -0.2922 0.0920
vn 0.0479 0.2627 -0.9637
vn 0.9816 0.1753 -0.0761
vn 0.0476 -0.2641 -0.9633
vn 0.0140 0.2533 -0.9673
vn 0.0764 0.1733 -0.9819
vn 0.0138 -0.2537 -0.9672
vn 0.9637 0.2624 0.0497
vn 0.0346 0.1645 -0.9858
vn 0.9633 -0.2638 0.0494
vn 0.9673 0.2532 0.0157
vn 0.9672 -0.2536 0.0155
vn 0.0155 0.2536 0.9672
vn -0.6400 0.4265 0.6391
vn 0.0157 -0.2533 0.9673
vn 0.0494 0.2638 0.9633
vn 0.0957 -0.1928 0.9766
vn 0.0497 -0.2625 0.9637
vn -0.9672 0.2537 0.0138
vn 0.9858 -0.1645 -0.0346
vn -0.9673 -0.2533 0.0140
vn -0.9633 0.2641 0.0476
vn -0.9637 -0.2627 0.0479
vn 0.0920 0.2922 0.9519
vn 0.9866 -0.1630 0.0006
vn 0.0927 -0.2892 0.9528
vn 0.0304 0.2751 0.9609
vn 0.0305 -0.2682 0.9629
vn -0.0155 0.2536 -0.9672
vn -0.0157 -0.2532 -0.9673
vn -0.0006 0.3507 -0.9365
vn 0.0270 0.3566 -0.9339
vn -0.0284 -0.3567 -0.9338
vn -0.0009 -0.3507 -0.9365
vn -0.0281 0.3575 -0.9335
vn 0.0267 -0.3573 -0.9336
vn -0.0601 0.3840 -0.9214
vn -0.0605 -0.3824 -0.9220
vn 0.0635 0.4601 0.8856
vn 0.0601 0.3840 0.9214
vn -0.5956 -0.5389 0.5957
vn 0.0644 -0.4573 0.8870
vn -0.5957 0.5389 0.5956
vn 0.0605 -0.3824 0.9220
vn -0.8870 0.4572 -0.0644
vn -0.8856 -0.4601 -0.0635
vn 0.0281 0.3575 0.9335
vn 0.0284 -0.3568 0.9338
vn -0.9336 0.3573 0.0267
vn -0.9365 0.3507 -0.0009
vn -0.9222 -0.3821 0.0589
vn -0.9339 -0.3566 0.0270
vn -0.9216 0.3838 0.0584
vn -0.9365 -0.3507 -0.0006
vn -0.8848 0.4632 0.0509
vn -0.8863 -0.4601 0.0518
vn -0.9338 0.3568 -0.0284
vn -0.9335 -0.3574 -0.0281
vn 0.0006 0.3507 0.9365
vn 0.0009 -0.3507 0.9365
vn -0.0270 0.3566 0.9339
vn -0.0267 -0.3574 0.9336
vn 0.9338 0.3568 0.0284
vn 0.9220 0.3824 0.0605
vn 0.9365 -0.3507 0.0006
vn 0.9335 -0.3575 0.0281
vn 0.9365 0.3507 0.0009
vn 0.9214 -0.3840 0.0601
vn 0.9336 0.3573 -0.0267
vn 0.9339 -0.3566 -0.0270
vn 0.8870 0.4572 0.0644
vn 0.8856 -0.4601 0.0635
vn 0.0589 0.3821 -0.9222
vn 0.0584 -0.3838 -0.9216
vn 0.0518 0.4601 -0.8863
vn 0.0508 -0.4632 -0.8848
vn 0.5957 0.5389 -0.5955
vn 0.5956 -0.5390 -0.5957
vn -0.0635 0.4601 -0.8856
vn -0.0644 -0.4573 -0.8870
vn -0.9220 0.3824 -0.0605
vn -0.9214 -0.3840 -0.0601
vn -0.5726 0.5864 -0.5729
vn -0.5729 -0.5865 -0.5726
vn -0.0589 0.3821 0.9222
vn -0.0584 -0.3838 0.9216
vn -0.0518 0.4601 0.8863
vn -0.0508 -0.4632 0.8848
vn 0.8848 0.4632 -0.0509
vn 0.9216 0.3838 -0.0584
vn 0.5729 -0.5865 0.5726
vn 0.8863 -0.4601 -0.0518
vn 0.5726 0.5864 0.5729
vn 0.9222 -0.3821 -0.0589
vn 0.0841 0.1952 -0.9771
vn -0.6402 -0.4261 -0.6392
vn 0.6400 0.4265 -0.6391
vn 0.9866 0.1630 0.0008
vn -0.6392 0.4261 -0.6402
vn 0.0835 -0.2009 -0.9760
vn -0.0841 0.1952 0.9771
vn 0.6402 -0.4261 0.6392
vn 0.0357 0.1655 0.9856
vn 0.6392 0.4261 0.6402
vn -0.0835 -0.2009 0.9760
vn 0.0359 -0.1646 0.9857
vn 0.0779 0.1756 0.9814
vn -0.9857 0.1646 -0.0359
vn -0.9817 0.1735 -0.0781
vn 0.0781 -0.1735 0.9817
vn -0.9856 -0.1655 -0.0357
vn 0.9760 0.2009 -0.0835
vn -0.9760 0.2009 0.0835
vn -0.9816 0.1753 0.0761
vn -0.9856 0.1654 0.0344
vn -0.9866 0.1630 -0.0008
vn 0.9771 -0.1952 -0.0841
vn -0.9819 -0.1733 0.0764
vn -0.9771 -0.1952 0.0841
vn -0.9866 -0.1630 -0.0006
vn -0.9858 -0.1645 0.0346
vn 0.9766 0.1928 0.0957
vn 0.0952 0.1983 0.9755
vn 0.9755 -0.1983 0.0952
vn -0.9766 0.1928 -0.0957
vn -0.6391 -0.4265 0.6400
vn -0.0768 -0.4119 -0.9080
vn -0.0760 0.4141 -0.9071
vn 0.9294 -0.3668 -0.0408
vn 0.9290 0.3679 -0.0404
vn -0.0105 -0.5284 0.8489
vn -0.0106 0.5239 0.8517
vn 0.9079 -0.4126 -0.0745
vn 0.8489 0.5284 -0.0105
vn 0.8517 -0.5239 -0.0106
vn 0.9069 0.4148 -0.0736
vn -0.0736 -0.4148 0.9069
vn -0.0745 0.4126 0.9079
vn -0.0404 -0.3679 0.9290
vn -0.0408 0.3668 0.9294
vn -0.8517 -0.5239 0.0106
vn -0.8489 0.5284 0.0105
vn 0.0105 -0.5284 -0.8489
vn 0.0106 0.5239 -0.8517
vn -0.9071 -0.4141 -0.0760
vn -0.9080 0.4119 -0.0768
vn -0.9290 -0.3676 -0.0422
vn -0.9294 0.3665 -0.0425
vn -0.0123 -0.5106 -0.8598
vn -0.0121 0.5148 -0.8572
vn 0.8572 -0.5148 0.0121
vn 0.8598 0.5106 0.0123
vn 0.0736 -0.4148 -0.9069
vn 0.0745 0.4126 -0.9079
vn 0.0404 -0.3679 -0.9290
vn 0.0408 0.3668 -0.9294
vn 0.9071 -0.4141 0.0760
vn 0.9080 0.4119 0.0768
vn 0.9361 -0.3515 -0.0119
vn 0.9360 0.3519 -0.0117
vn 0.9290 -0.3676 0.0422
vn 0.9361 0.3515 0.0136
vn 0.9360 -0.3518 0.0133
vn 0.9294 0.3665 0.0425
vn -0.0117 -0.3519 0.9360
vn -0.0120 0.3515 0.9361
vn 0.0136 -0.3515 0.9361
vn 0.0133 0.3518 0.9360
vn -0.9360 -0.3518 -0.0133
vn -0.9361 0.3515 -0.0136
vn -0.9079 -0.4126 0.0745
vn -0.9069 0.4148 0.0736
vn -0.9361 -0.3515 0.0120
vn -0.9290 0.3679 0.0404
vn -0.9294 -0.3668 0.0408
vn -0.9360 0.3519 0.0117
vn 0.0425 -0.3665 0.9294
vn 0.0422 0.3676 0.9290
vn -0.8572 -0.5148 -0.0121
vn -0.8598 0.5106 -0.0123
vn 0.0768 -0.4119 0.9080
vn 0.0121 0.5148 0.8572
vn 0.0123 -0.5106 0.8598
vn 0.0760 0.4141 0.9071
vn -0.0425 -0.3665 -0.9294
vn -0.0422 0.3676 -0.9290
vn 0.0117 -0.3519 -0.9360
vn -0.0133 0.3518 -0.9360
vn -0.0136 -0.3515 -0.9361
vn 0.0119 0.3515 -0.9361
vn 0.9865 -0.1628 -0.0152
vn 0.0211 -0.1000 0.9948
vn 0.0523 0.1683 -0.9844
vn 0.9841 0.1697 -0.0521
vn -0.0168 0.1632 -0.9864
vn -0.9772 -0.1867 -0.1012
vn -0.0170 -0.1628 -0.9865
vn 0.0521 -0.1697 -0.9841
vn -0.0523 0.1683 0.9844
vn 0.9844 -0.1683 -0.0523
vn 0.0152 0.1628 -0.9865
vn -0.1012 0.1868 -0.9772
vn -0.0521 -0.1697 0.9841
vn 0.0150 -0.1632 -0.9865
vn -0.0152 0.1628 0.9865
vn -0.1018 -0.1835 -0.9777
vn 0.9843 0.1681 0.0541
vn -0.0210 0.1077 -0.9940
vn -0.0150 -0.1633 0.9865
vn 0.9841 -0.1695 0.0539
vn 0.0251 0.1129 -0.9933
vn -0.0211 -0.1000 -0.9948
vn 0.9865 0.1628 0.0170
vn 0.9864 -0.1632 0.0168
vn 0.0250 -0.1208 -0.9924
vn -0.0251 0.1129 0.9933
vn 0.0168 0.1632 0.9864
vn 0.0996 0.1837 -0.9779
vn -0.0250 -0.1208 0.9924
vn -0.0539 0.1695 -0.9841
vn 0.0170 -0.1628 0.9865
vn 0.0990 -0.1870 -0.9774
vn -0.9841 0.1697 0.0521
vn 0.9933 -0.1129 -0.0251
vn -0.9933 -0.1129 0.0251
vn 0.9940 -0.1077 0.0210
vn 0.9777 0.1835 0.1018
vn 0.1018 -0.1835 0.9777
vn 0.0210 0.1077 0.9940
vn -0.9777 0.1835 -0.1018
vn -0.9944 0.0016 0.1057
vn 0.9999 0.0002 -0.0160
vn -0.1079 0.0016 -0.9942
vn -0.0041 -0.0031 1.0000
vn 0.9944 0.0016 -0.1057
vn -1.0000 -0.0030 0.0014
vn -0.0553 -0.0007 0.9985
vn 0.0041 -0.0031 -1.0000
vn -0.9984 -0.0007 -0.0572
vn 1.0000 -0.0030 -0.0014
vn 0.0553 -0.0007 -0.9985
vn 0.9984 -0.0007 0.0572
vn 0.0178 0.0002 0.9998
vn -0.9999 0.0002 0.0160
vn 0.1079 0.0016 0.9942
vn -0.0178 0.0002 -0.9998
vn 0.0539 0.1695 0.9841
vn -0.0541 -0.1681 -0.9843
vn 0.0541 -0.1681 0.9843
vn 0.9774 0.1870 -0.0990
vn -0.9774 0.1870 0.0990
vn -0.9865 0.1632 0.0150
vn -0.9865 0.1628 -0.0170
vn 0.9779 -0.1837 -0.0996
vn -0.9779 -0.1837 0.0996
vn -0.9865 -0.1628 0.0152
vn -0.9864 -0.1632 -0.0168
vn 0.9924 0.1208 -0.0250
vn -0.9924 0.1208 0.0251
vn 0.9948 0.1000 0.0211
vn -0.9844 -0.1683 0.0523
vn 0.1012 0.1868 0.9772
vn -0.9948 0.1000 -0.0211
vn 0.9865 0.1633 -0.0150
vn -0.9940 -0.1077 -0.0210
vn 0.9772 -0.1867 0.1012
vn -0.0572 0.0007 -0.9984
vn -1.0000 0.0031 0.0041
vn 0.9985 0.0007 -0.0553
vn 0.0014 0.0030 -1.0000
vn -0.1057 -0.0016 0.9944
vn 1.0000 0.0031 -0.0041
vn -0.9942 -0.0016 -0.1079
vn -0.0160 -0.0002 0.9999
vn 0.1057 -0.0016 -0.9944
vn -0.9998 -0.0002 -0.0178
vn 0.9942 -0.0016 0.1079
vn 0.0160 -0.0002 -0.9999
vn 0.9998 -0.0002 0.0178
vn 0.0572 0.0007 0.9984
vn -0.9985 0.0007 0.0553
vn -0.0014 0.0030 1.0000
vn -0.0996 0.1837 0.9779
vn -0.9843 0.1681 -0.0541
vn -0.0990 -0.1870 0.9774
vn -0.9841 -0.1695 -0.0539
vn -0.6307 0.7738 0.0587
vn -0.2695 0.9245 0.2696
vn -0.0589 0.7735 0.6311
vn 0.0306 0.9022 0.4303
vn 0.1101 0.9164 0.3849
vn 0.0120 0.6922 0.7216
vn 0.0516 0.9763 -0.2099
vn 0.1783 0.9677 -0.1783
vn 0.2099 0.9764 -0.0516
vn -0.7218 0.6920 -0.0122
vn -0.3849 0.9163 -0.1102
vn -0.4303 0.9022 -0.0307
vn -0.1786 0.9676 -0.1786
vn -0.0520 0.9763 -0.2101
vn -0.0625 0.9961 -0.0626
vn -0.0120 0.6922 -0.7216
vn -0.0024 0.6614 -0.7500
vn -0.0306 0.9022 -0.4303
vn -0.3685 0.8539 -0.3676
vn -0.0596 0.7729 -0.6317
vn -0.2700 0.9243 -0.2699
vn 0.3846 0.9166 -0.1095
vn 0.7212 0.6926 -0.0108
vn 0.7499 0.6616 -0.0011
vn 0.0589 0.7735 -0.6311
vn 0.3616 0.8590 -0.3624
vn 0.6307 0.7738 -0.0587
vn 0.0014 0.6615 -0.7499
vn 0.0110 0.6925 -0.7214
vn 0.1095 0.9165 -0.3846
vn 0.2700 0.9243 0.2699
vn 0.6321 0.7726 0.0598
vn 0.3685 0.8539 0.3676
vn 0.4303 0.9022 0.0307
vn 0.7501 0.6613 0.0026
vn 0.7218 0.6920 0.0122
vn 0.0625 0.9961 0.0626
vn 0.2101 0.9763 0.0521
vn 0.1786 0.9676 0.1786
vn -0.1095 0.9165 0.3846
vn -0.0299 0.9022 0.4302
vn -0.0014 0.6615 0.7499
vn -0.2099 0.9764 0.0516
vn -0.0624 0.9961 0.0624
vn -0.0516 0.9763 0.2099
vn -0.7499 0.6616 0.0011
vn -0.4302 0.9022 0.0298
vn -0.3846 0.9166 0.1095
vn -0.7212 0.6926 0.0108
vn -0.1783 0.9677 0.1783
vn -0.0110 0.6925 0.7214
vn 0.0520 0.9763 0.2101
vn 0.3849 0.9163 0.1102
vn 0.0596 0.7729 0.6317
vn 0.0299 0.9022 -0.4302
vn 0.2695 0.9245 -0.2696
vn 0.4302 0.9022 -0.0298
vn -0.6321 0.7726 -0.0598
vn -0.1101 0.9164 -0.3849
vn -0.2101 0.9763 -0.0521
vn -0.7501 0.6613 -0.0026
vn 0.0624 0.9961 -0.0624
vn 0.0024 0.6614 0.7500
vn -0.3616 0.8590 0.3624
vn -0.6311 -0.7735 0.0589
vn -0.2696 -0.9245 0.2695
vn -0.0587 -0.7738 0.6307
vn 0.0307 -0.9022 0.4303
vn 0.1102 -0.9163 0.3849
vn 0.0122 -0.6920 0.7218
vn 0.0516 -0.9764 -0.2099
vn 0.1783 -0.9677 -0.1783
vn 0.2099 -0.9763 -0.0516
vn -0.7216 -0.6922 -0.0120
vn -0.3849 -0.9164 -0.1101
vn -0.4303 -0.9022 -0.0306
vn -0.1786 -0.9676 -0.1786
vn -0.0521 -0.9763 -0.2101
vn -0.0626 -0.9961 -0.0625
vn -0.0122 -0.6920 -0.7218
vn -0.0026 -0.6613 -0.7501
vn -0.0307 -0.9022 -0.4303
vn -0.3676 -0.8539 -0.3685
vn -0.0598 -0.7726 -0.6321
vn -0.2699 -0.9243 -0.2700
vn 0.3846 -0.9165 -0.1095
vn 0.7214 -0.6925 -0.0110
vn 0.7499 -0.6615 -0.0014
vn 0.0587 -0.7738 -0.6307
vn 0.3624 -0.8590 -0.3616
vn 0.6311 -0.7735 -0.0589
vn 0.0011 -0.6616 -0.7499
vn 0.0108 -0.6926 -0.7212
vn 0.1095 -0.9166 -0.3846
vn 0.2699 -0.9243 0.2700
vn 0.6317 -0.7729 0.0596
vn 0.3676 -0.8539 0.3685
vn 0.4303 -0.9022 0.0306
vn 0.7500 -0.6614 0.0023
vn 0.7216 -0.6922 0.0120
vn 0.0626 -0.9961 0.0625
vn 0.2101 -0.9763 0.0520
vn 0.1786 -0.9676 0.1786
vn -0.1095 -0.9166 0.3846
vn -0.0298 -0.9022 0.4302
vn -0.0011 -0.6616 0.7499
vn -0.2099 -0.9763 0.0516
vn -0.0624 -0.9961 0.0624
vn -0.0516 -0.9764 0.2099
vn -0.7499 -0.6615 0.0014
vn -0.4302 -0.9022 0.0299
vn -0.3846 -0.9165 0.1095
vn -0.7214 -0.6925 0.0110
vn -0.1783 -0.9677 0.1783
vn -0.0108 -0.6926 0.7212
vn 0.0521 -0.9763 0.2101
vn 0.3849 -0.9164 0.1101
vn 0.0598 -0.7726 0.6321
vn 0.0298 -0.9022 -0.4302
vn 0.2696 -0.9245 -0.2695
vn 0.4302 -0.9022 -0.0299
vn -0.6317 -0.7729 -0.0596
vn -0.1102 -0.9163 -0.3849
vn -0.2101 -0.9763 -0.0520
vn -0.7500 -0.6614 -0.0023
vn 0.0624 -0.9961 -0.0624
vn 0.0026 -0.6613 0.7501
vn -0.3624 -0.8590 0.3616
vn 0.4007 -0.9007 -0.1678
vn -0.1657 -0.8987 -0.4060
vn -0.4007 -0.9007 0.1678
vn 0.1657 -0.8987 0.4060
vn 0.8572 -0.5150 -0.0029
vn -0.0043 -0.5151 -0.8571
vn -0.8572 -0.5150 0.0029
vn 0.0043 -0.5151 0.8571
vn 0.0008 -0.5785 0.8157
vn -0.0000 -0.9995 -0.0316
vn 0.8157 -0.5785 0.0005
vn -0.0316 -0.9995 -0.0000
vn 0.8303 -0.5566 0.0270
vn 0.0253 -0.5559 -0.8308
vn -0.8303 -0.5566 -0.0270
vn -0.0253 -0.5559 0.8308
vn 0.8035 -0.5944 -0.0321
vn -0.0332 -0.5953 -0.8029
vn -0.8035 -0.5944 0.0321
vn 0.0332 -0.5953 0.8029
vn 0.0003 -0.9655 0.2604
vn -0.0004 -0.9288 -0.3705
vn 0.2604 -0.9655 0.0002
vn -0.3705 -0.9288 -0.0003
vn -0.3112 -0.9501 -0.0210
vn -0.2028 -0.9388 -0.2786
vn -0.0210 -0.9501 -0.3112
vn -0.2785 -0.9388 -0.2028
vn 0.3112 -0.9501 -0.0205
vn 0.2024 -0.9390 -0.2781
vn 0.7673 -0.6412 0.0082
vn 0.1851 -0.9506 -0.2491
vn -0.0070 -0.6403 0.7681
vn 0.2495 -0.9504 0.1856
vn 0.7679 -0.6405 -0.0073
vn 0.1856 -0.9504 0.2495
vn 0.0084 -0.6414 0.7671
vn -0.2492 -0.9506 0.1851
vn -0.0204 -0.9501 0.3112
vn -0.2782 -0.9390 0.2023
vn 0.7549 -0.6556 0.0178
vn 0.0132 -0.6538 -0.7565
vn -0.7549 -0.6556 -0.0178
vn -0.0132 -0.6538 0.7565
vn 0.8454 -0.5338 -0.0192
vn -0.0204 -0.5342 -0.8451
vn -0.8454 -0.5338 0.0192
vn 0.0204 -0.5342 0.8451
vn 0.0005 -0.8617 0.5074
vn -0.0002 -0.9852 -0.1716
vn 0.5074 -0.8617 0.0004
vn -0.1716 -0.9852 -0.0002
vn 0.8536 -0.5208 0.0125
vn 0.0110 -0.5205 -0.8538
vn -0.8536 -0.5208 -0.0125
vn -0.0110 -0.5205 0.8538
vn 0.6659 -0.7442 0.0531
vn 0.0453 -0.7532 -0.6562
vn -0.6659 -0.7442 -0.0531
vn -0.0453 -0.7532 0.6562
vn 0.0001 -0.9952 0.0974
vn -0.0006 -0.7419 -0.6706
vn 0.0974 -0.9952 0.0001
vn -0.6706 -0.7419 -0.0004
vn -0.2817 -0.9522 -0.1179
vn -0.0648 -0.8051 -0.5896
vn -0.1180 -0.9522 -0.2818
vn -0.5894 -0.8053 -0.0646
vn 0.2815 -0.9523 -0.1174
vn 0.0638 -0.8058 -0.5888
vn 0.4094 -0.9016 -0.1398
vn 0.0649 -0.9512 -0.3016
vn 0.1404 -0.9013 0.4098
vn 0.3017 -0.9511 0.0655
vn 0.4097 -0.9014 0.1404
vn 0.0655 -0.9511 0.3017
vn -0.1398 -0.9016 0.4093
vn -0.3016 -0.9512 0.0650
vn -0.1174 -0.9524 0.2815
vn -0.5890 -0.8056 0.0639
vn -0.5191 -0.8510 0.0798
vn -0.5757 -0.8173 0.0249
vn -0.3497 -0.9336 0.0780
vn -0.6540 -0.7562 0.0195
vn -0.1002 -0.9649 0.2428
vn -0.1272 -0.9878 0.0894
vn -0.0287 -0.9908 0.1324
vn -0.1586 -0.9804 0.1165
vn 0.0082 -0.5916 0.8062
vn -0.0503 -0.8723 0.4864
vn -0.0072 -0.8109 0.5852
vn -0.0470 -0.8306 0.5549
vn 0.1007 -0.9648 0.2430
vn 0.1274 -0.9878 0.0897
vn 0.2430 -0.9648 0.1006
vn 0.0897 -0.9878 0.1274
vn 0.5193 -0.8508 0.0805
vn 0.5758 -0.8172 0.0256
vn 0.8065 -0.5912 -0.0070
vn 0.4866 -0.8722 0.0511
vn 0.0712 -0.7622 0.6434
vn 0.3686 -0.9005 0.2309
vn 0.6426 -0.7629 0.0712
vn 0.2307 -0.9004 0.3689
vn 0.0779 -0.9336 -0.3497
vn 0.0193 -0.7563 -0.6539
vn 0.0797 -0.8511 -0.5189
vn 0.0247 -0.8173 -0.5757
vn 0.4605 -0.8775 -0.1338
vn 0.2305 -0.8843 -0.4061
vn 0.6380 -0.7671 -0.0667
vn 0.2307 -0.9007 -0.3680
vn 0.5852 -0.8108 -0.0074
vn 0.5550 -0.8305 -0.0472
vn 0.8063 -0.5915 0.0080
vn 0.4864 -0.8723 -0.0504
vn -0.4609 -0.8772 -0.1343
vn -0.2303 -0.8835 -0.4080
vn -0.1344 -0.8771 -0.4611
vn -0.4075 -0.8836 -0.2306
vn -0.0786 -0.9335 -0.3499
vn -0.0205 -0.7560 -0.6543
vn -0.0083 -0.8108 -0.5853
vn -0.0480 -0.8303 -0.5552
vn -0.1325 -0.9908 -0.0290
vn -0.1169 -0.9804 -0.1588
vn -0.0290 -0.9908 -0.1325
vn -0.1588 -0.9804 -0.1169
vn -0.5853 -0.8108 -0.0081
vn -0.5552 -0.8304 -0.0479
vn -0.3499 -0.9335 -0.0785
vn -0.6542 -0.7561 -0.0203
vn 0.1324 -0.9908 -0.0287
vn 0.1165 -0.9804 -0.1586
vn 0.2428 -0.9649 -0.1002
vn 0.0894 -0.9878 -0.1272
vn -0.0068 -0.5911 0.8066
vn 0.0512 -0.8721 0.4866
vn 0.0806 -0.8507 0.5195
vn 0.0258 -0.8171 0.5759
vn -0.0667 -0.7677 0.6373
vn -0.3683 -0.9007 0.2305
vn -0.1338 -0.8776 0.4603
vn -0.4066 -0.8841 0.2303
vn 0.3999 0.9009 -0.1688
vn -0.1667 0.8989 -0.4052
vn -0.3999 0.9009 0.1688
vn 0.1667 0.8989 0.4052
vn 0.8572 0.5150 -0.0026
vn -0.0040 0.5151 -0.8571
vn -0.8572 0.5150 0.0026
vn 0.0040 0.5151 0.8571
vn 0.0005 0.5785 0.8157
vn -0.0000 0.9995 -0.0316
vn 0.8157 0.5785 0.0008
vn -0.0316 0.9995 -0.0000
vn 0.8303 0.5566 0.0274
vn 0.0256 0.5559 -0.8308
vn -0.8303 0.5566 -0.0274
vn -0.0256 0.5559 0.8308
vn 0.8035 0.5944 -0.0317
vn -0.0328 0.5952 -0.8029
vn -0.8035 0.5944 0.0317
vn 0.0328 0.5952 0.8029
vn 0.0002 0.9655 0.2604
vn -0.0003 0.9288 -0.3705
vn 0.2604 0.9655 0.0003
vn -0.3705 0.9288 -0.0004
vn -0.3112 0.9501 -0.0210
vn -0.2028 0.9388 -0.2785
vn -0.0210 0.9501 -0.3112
vn -0.2786 0.9388 -0.2028
vn 0.3112 0.9501 -0.0204
vn 0.2023 0.9390 -0.2782
vn 0.7671 0.6414 0.0084
vn 0.1851 0.9506 -0.2492
vn -0.0073 0.6405 0.7679
vn 0.2495 0.9504 0.1856
vn 0.7681 0.6403 -0.0070
vn 0.1856 0.9504 0.2495
vn 0.0082 0.6412 0.7673
vn -0.2491 0.9506 0.1851
vn -0.0205 0.9501 0.3112
vn -0.2781 0.9390 0.2024
vn 0.7547 0.6558 0.0183
vn 0.0137 0.6541 -0.7563
vn -0.7547 0.6558 -0.0183
vn -0.0137 0.6541 0.7563
vn 0.8454 0.5339 -0.0189
vn -0.0201 0.5342 -0.8451
vn -0.8454 0.5339 0.0189
vn 0.0201 0.5342 0.8451
vn 0.0004 0.8617 0.5074
vn -0.0002 0.9852 -0.1716
vn 0.5074 0.8617 0.0005
vn -0.1716 0.9852 -0.0002
vn 0.8536 0.5208 0.0128
vn 0.0113 0.5205 -0.8538
vn -0.8536 0.5208 -0.0128
vn -0.0113 0.5205 0.8538
vn 0.6664 0.7437 0.0530
vn 0.0453 0.7528 -0.6567
vn -0.6664 0.7437 -0.0530
vn -0.0453 0.7528 0.6567
vn 0.0001 0.9952 0.0974
vn -0.0004 0.7419 -0.6706
vn 0.0974 0.9952 0.0001
vn -0.6706 0.7419 -0.0006
vn -0.2818 0.9522 -0.1180
vn -0.0646 0.8053 -0.5894
vn -0.1179 0.9522 -0.2817
vn -0.5896 0.8051 -0.0648
vn 0.2815 0.9524 -0.1174
vn 0.0639 0.8056 -0.5890
vn 0.4093 0.9016 -0.1398
vn 0.0650 0.9512 -0.3016
vn 0.1404 0.9014 0.4097
vn 0.3017 0.9511 0.0655
vn 0.4098 0.9013 0.1404
vn 0.0655 0.9511 0.3017
vn -0.1398 0.9016 0.4094
vn -0.3016 0.9512 0.0649
vn -0.1174 0.9523 0.2815
vn -0.5888 0.8058 0.0638
vn -0.5189 0.8511 0.0797
vn -0.5757 0.8173 0.0247
vn -0.3497 0.9336 0.0779
vn -0.6539 0.7563 0.0193
vn -0.1002 0.9649 0.2428
vn -0.1272 0.9878 0.0894
vn -0.0287 0.9908 0.1324
vn -0.1586 0.9804 0.1165
vn 0.0080 0.5915 0.8063
vn -0.0504 0.8723 0.4864
vn -0.0074 0.8108 0.5852
vn -0.0472 0.8305 0.5550
vn 0.1006 0.9648 0.2430
vn 0.1274 0.9878 0.0897
vn 0.2430 0.9648 0.1007
vn 0.0897 0.9878 0.1274
vn 0.5195 0.8507 0.0806
vn 0.5759 0.8171 0.0258
vn 0.8066 0.5911 -0.0068
vn 0.4866 0.8721 0.0512
vn 0.0712 0.7629 0.6426
vn 0.3689 0.9004 0.2307
vn 0.6434 0.7622 0.0712
vn 0.2309 0.9005 0.3686
vn 0.0780 0.9336 -0.3497
vn 0.0195 0.7562 -0.6540
vn 0.0798 0.8510 -0.5191
vn 0.0249 0.8173 -0.5757
vn 0.4603 0.8776 -0.1338
vn 0.2303 0.8841 -0.4066
vn 0.6373 0.7677 -0.0667
vn 0.2305 0.9007 -0.3683
vn 0.5852 0.8109 -0.0072
vn 0.5549 0.8306 -0.0470
vn 0.8062 0.5916 0.0082
vn 0.4864 0.8723 -0.0503
vn -0.4611 0.8771 -0.1344
vn -0.2306 0.8836 -0.4075
vn -0.1343 0.8772 -0.4609
vn -0.4080 0.8835 -0.2303
vn -0.0785 0.9335 -0.3499
vn -0.0203 0.7561 -0.6542
vn -0.0081 0.8108 -0.5853
vn -0.0479 0.8304 -0.5552
vn -0.1325 0.9908 -0.0290
vn -0.1169 0.9804 -0.1588
vn -0.0290 0.9908 -0.1325
vn -0.1588 0.9804 -0.1169
vn -0.5853 0.8108 -0.0083
vn -0.5552 0.8303 -0.0480
vn -0.3499 0.9335 -0.0786
vn -0.6543 0.7560 -0.0205
vn 0.1324 0.9908 -0.0287
vn 0.1165 0.9804 -0.1586
vn 0.2428 0.9649 -0.1002
vn 0.0894 0.9878 -0.1272
vn -0.0071 0.5912 0.8065
vn 0.0511 0.8722 0.4866
vn 0.0805 0.8508 0.5193
vn 0.0256 0.8172 0.5758
vn -0.0667 0.7671 0.6380
vn -0.3680 0.9007 0.2307
vn -0.1338 0.8775 0.4605
vn -0.4061 0.8843 0.2305
vn -0.0084 -0.0870 -0.9962
vn 0.0955 -0.0962 0.9908
vn -0.9950 -0.0891 0.0457
vn -0.9958 0.0880 0.0257
vn 0.0676 0.0932 0.9934
vn 0.0276 0.0880 0.9957
vn 0.9981 -0.0485 0.0377
vn -0.0007 -0.0472 -0.9989
vn 0.0364 -0.0485 -0.9982
vn 0.9952 -0.0529 0.0824
vn 0.9929 -0.0637 0.1005
vn -0.9962 0.0870 -0.0084
vn -0.9949 0.0890 -0.0468
vn 0.0944 0.0962 -0.9909
vn 0.0612 0.1058 -0.9925
vn -0.0069 0.0870 0.9962
vn -0.0457 0.0891 0.9950
vn -0.9908 0.0962 -0.0955
vn -0.9923 0.1017 -0.0704
vn 0.9768 -0.0834 0.1974
vn 0.9889 0.1074 -0.1030
vn -0.0944 0.0962 0.9909
vn -0.0612 0.1058 0.9925
vn 0.7049 0.0811 -0.7046
vn -0.0955 -0.0962 -0.9908
vn 0.9954 -0.0507 -0.0807
vn 0.9982 -0.0476 -0.0365
vn -0.9925 -0.1058 0.0612
vn -0.9768 -0.0834 -0.1974
vn -0.9889 0.1074 0.1030
vn -0.0468 -0.0890 -0.9949
vn -0.0676 0.0932 -0.9934
vn -0.0276 0.0880 -0.9957
vn 0.1006 -0.0581 0.9932
vn -0.9935 0.0932 0.0651
vn 0.0468 -0.0890 0.9949
vn 0.0084 -0.0870 0.9962
vn 0.9957 -0.0880 0.0275
vn 0.9949 0.0890 0.0468
vn 0.0069 0.0870 -0.9962
vn 0.0457 0.0891 -0.9950
vn 0.9908 0.0962 0.0955
vn 0.9923 0.1017 0.0704
vn -0.9934 -0.0932 -0.0676
vn 0.1030 -0.1074 -0.9889
vn -0.1974 0.0834 -0.9768
vn -0.0257 -0.0880 0.9958
vn -0.0651 -0.0932 0.9935
vn -0.9883 -0.1070 -0.1089
vn -0.9724 0.0926 0.2141
vn -0.7046 -0.0810 0.7049
vn 0.9909 -0.0962 -0.0944
vn -0.1030 -0.1074 0.9889
vn 0.1974 0.0834 0.9768
vn 0.7051 -0.0770 0.7049
vn 0.2141 -0.0926 -0.9724
vn -0.1006 -0.0581 -0.9932
vn 0.9935 0.0932 -0.0651
vn 0.9958 0.0880 -0.0257
vn -0.7049 0.0770 -0.7051
vn -0.9909 -0.0962 0.0944
vn -0.9953 0.0528 0.0806
vn -0.0824 -0.0508 -0.9953
vn -0.0377 0.0485 -0.9981
vn 0.1089 0.1070 0.9883
vn 0.0257 -0.0880 -0.9958
vn -0.0806 -0.0528 0.9953
vn -0.9981 -0.0485 -0.0377
vn 0.9989 0.0472 0.0007
vn -0.9942 -0.0590 0.0898
vn -0.9952 -0.0529 -0.0823
vn 0.9962 -0.0870 -0.0069
vn -0.0704 -0.1018 -0.9923
vn -0.1089 0.1070 -0.9883
vn 0.9950 -0.0891 -0.0457
vn 0.0824 -0.0508 0.9953
vn 0.9925 -0.1058 -0.0612
vn -0.0897 -0.0647 0.9939
vn 0.9724 0.0926 -0.2141
vn 0.9942 -0.0589 -0.0898
vn 0.0007 -0.0472 0.9989
vn -0.9929 -0.0637 -0.1005
vn 0.0651 -0.0932 -0.9935
vn -0.0364 -0.0485 0.9982
vn 0.0806 -0.0528 -0.9953
vn 0.0897 -0.0647 -0.9939
vn 0.0704 -0.1017 0.9923
vn -0.9957 -0.0880 -0.0276
vn -0.9989 -0.0472 -0.0007
vn 0.9883 -0.1070 0.1089
vn 0.0377 -0.0476 0.9982
vn 0.9962 0.0870 0.0084
vn 0.9934 -0.0932 0.0676
vn -0.9962 -0.0870 0.0069
vn -0.9982 -0.0476 0.0365
vn -0.2141 -0.0926 0.9724
vn 0.9773 -0.2091 0.0344
vn -0.0593 0.2680 -0.9616
vn 0.9878 -0.1340 0.0799
vn -0.0413 -0.2592 -0.9649
vn 0.0008 -0.2059 0.9786
vn -0.9484 0.3049 0.0872
vn 0.6505 -0.3907 -0.6513
vn -0.9565 -0.2797 0.0824
vn -0.9770 0.1375 -0.1628
vn 0.9726 0.2200 0.0753
vn -0.9449 -0.3222 0.0580
vn 0.9915 0.1251 0.0367
vn 0.9667 0.2550 -0.0225
vn -0.0918 -0.2470 -0.9647
vn 0.9674 -0.2531 -0.0061
vn 0.9617 0.2681 -0.0569
vn -0.0801 -0.1319 -0.9880
vn 0.9650 -0.2593 -0.0401
vn -0.0935 0.3034 -0.9483
vn 0.0006 0.1239 0.9923
vn -0.0835 -0.2797 -0.9564
vn 0.1782 0.1095 -0.9779
vn -0.0331 -0.2090 0.9773
vn -0.0697 -0.3132 -0.9471
vn -0.0782 -0.1338 0.9879
vn -0.0580 0.3222 0.9449
vn -0.0750 0.2220 -0.9722
vn 0.1628 -0.1375 0.9770
vn -0.0824 0.2797 0.9565
vn -0.0977 0.1524 -0.9835
vn -0.0872 -0.3049 0.9484
vn 0.9484 0.3049 -0.0872
vn 0.9728 -0.2197 -0.0736
vn 0.9565 -0.2797 -0.0824
vn 0.9770 0.1375 0.1628
vn 0.9449 -0.3222 -0.0580
vn -0.0736 0.2197 0.9728
vn -0.9471 0.3133 -0.0697
vn -0.0355 0.1250 0.9915
vn -0.9779 -0.1095 0.1782
vn -0.9565 0.2797 -0.0836
vn 0.0331 -0.2090 -0.9773
vn -0.9483 -0.3034 -0.0935
vn -0.0401 0.2593 0.9650
vn 0.0782 -0.1338 -0.9879
vn -0.0569 -0.2681 0.9617
vn -0.0061 0.2531 0.9674
vn -0.0346 -0.2083 -0.9775
vn -0.0225 -0.2550 0.9667
vn 0.0580 0.3222 -0.9449
vn -0.0008 -0.1239 -0.9923
vn -0.1628 -0.1375 -0.9770
vn 0.0824 0.2797 -0.9565
vn -0.9722 -0.2220 -0.0750
vn 0.0872 -0.3048 -0.9484
vn -0.9649 0.2592 -0.0413
vn -0.9835 -0.1524 -0.0977
vn -0.9616 -0.2680 -0.0593
vn -0.9674 0.2530 -0.0076
vn -0.0006 0.2059 -0.9786
vn -0.9666 -0.2550 -0.0242
vn 0.9471 0.3133 0.0697
vn -0.0366 0.1259 -0.9914
vn 0.9779 -0.1095 -0.1782
vn 0.9565 0.2797 0.0836
vn 0.9773 0.2090 -0.0331
vn 0.9483 -0.3034 0.0935
vn 0.0401 0.2593 -0.9650
vn 0.9879 0.1338 -0.0782
vn 0.0569 -0.2681 -0.9617
vn 0.0061 0.2531 -0.9674
vn 0.0736 0.2197 -0.9728
vn 0.0225 -0.2550 -0.9667
vn 0.9649 0.2592 0.0413
vn 0.0355 0.1250 -0.9915
vn 0.9616 -0.2680 0.0593
vn 0.9674 0.2530 0.0076
vn 0.9666 -0.2550 0.0242
vn 0.0242 0.2550 0.9666
vn -0.6686 0.3277 0.6676
vn 0.0076 -0.2530 0.9674
vn 0.0593 0.2680 0.9616
vn 0.0981 -0.1467 0.9843
vn 0.0413 -0.2592 0.9650
vn -0.9667 0.2550 0.0225
vn 0.9775 -0.2082 -0.0333
vn -0.9674 -0.2531 0.0061
vn -0.9617 0.2681 0.0569
vn -0.9650 -0.2593 0.0401
vn 0.0935 0.3034 0.9483
vn 0.9923 -0.1239 0.0006
vn 0.0835 -0.2797 0.9565
vn -0.1782 0.1095 0.9779
vn 0.0697 -0.3133 0.9471
vn -0.0242 0.2550 -0.9666
vn -0.0076 -0.2530 -0.9674
vn -0.0006 0.2986 -0.9544
vn 0.0221 0.4430 -0.8963
vn -0.0234 -0.4432 -0.8961
vn -0.0008 -0.2986 -0.9544
vn -0.0307 0.3036 -0.9523
vn 0.0294 -0.3035 -0.9524
vn -0.0666 0.3234 -0.9439
vn -0.0482 -0.4813 -0.8752
vn 0.0771 0.3748 0.9239
vn 0.0478 0.4821 0.8748
vn -0.4221 -0.8024 0.4219
vn 0.0780 -0.3709 0.9254
vn -0.6834 0.2560 0.6837
vn 0.0670 -0.3215 0.9445
vn -0.9254 0.3709 -0.0780
vn -0.7987 -0.6008 -0.0326
vn 0.0231 0.4436 0.8959
vn 0.0310 -0.3028 0.9526
vn -0.9524 0.3035 0.0294
vn -0.9009 0.4340 -0.0008
vn -0.8756 -0.4807 0.0467
vn -0.9526 -0.3027 0.0297
vn -0.9441 0.3232 0.0649
vn -0.9544 -0.2986 -0.0006
vn -0.9230 0.3795 0.0643
vn -0.8014 -0.5976 0.0224
vn -0.8961 0.4433 -0.0234
vn -0.9523 -0.3036 -0.0307
vn 0.0005 0.4340 0.9009
vn 0.0008 -0.2986 0.9544
vn -0.0221 0.4430 0.8963
vn -0.0294 -0.3035 0.9524
vn 0.9526 0.3028 0.0310
vn 0.8752 0.4813 0.0482
vn 0.9009 -0.4340 0.0005
vn 0.9523 -0.3036 0.0307
vn 0.9544 0.2986 0.0008
vn 0.9439 -0.3234 0.0666
vn 0.9524 0.3035 -0.0294
vn 0.8963 -0.4430 -0.0221
vn 0.7994 0.5999 0.0333
vn 0.9239 -0.3748 0.0771
vn 0.0467 0.4807 -0.8756
vn 0.0649 -0.3232 -0.9441
vn 0.0224 0.5976 -0.8014
vn 0.0643 -0.3795 -0.9230
vn 0.4219 0.8024 -0.4221
vn 0.6837 -0.2560 -0.6833
vn -0.0326 0.6008 -0.7987
vn -0.0780 -0.3709 -0.9254
vn -0.8752 0.4813 -0.0482
vn -0.9439 -0.3234 -0.0666
vn -0.4040 0.8208 -0.4038
vn -0.6723 -0.3095 -0.6725
vn -0.0467 0.4807 0.8756
vn -0.0649 -0.3232 0.9441
vn -0.0224 0.5976 0.8014
vn -0.0643 -0.3795 0.9230
vn 0.9230 0.3795 -0.0643
vn 0.8752 0.4815 -0.0463
vn 0.4038 -0.8208 0.4040
vn 0.9246 -0.3754 -0.0652
vn 0.6725 0.3096 0.6722
vn 0.9447 -0.3213 -0.0654
vn 0.0868 0.1486 -0.9851
vn -0.6707 -0.3188 -0.6697
vn 0.6686 0.3277 -0.6676
vn 0.9923 0.1239 0.0008
vn -0.6505 0.3909 -0.6512
vn 0.0790 -0.2553 -0.9636
vn -0.0868 0.1486 0.9851
vn 0.6707 -0.3189 0.6697
vn 0.0366 0.1260 0.9914
vn 0.6505 0.3909 0.6512
vn -0.0790 -0.2553 0.9636
vn 0.0346 -0.2083 0.9775
vn 0.0799 0.1340 0.9878
vn -0.9915 0.1251 -0.0367
vn -0.9726 0.2200 -0.0753
vn 0.0753 -0.2200 0.9726
vn -0.9773 -0.2091 -0.0344
vn 0.9842 0.1545 -0.0864
vn -0.9842 0.1545 0.0864
vn -0.9723 0.2218 0.0733
vn -0.9914 0.1259 0.0353
vn -0.9786 0.2059 -0.0008
vn 0.9650 -0.2500 -0.0798
vn -0.9882 -0.1317 0.0784
vn -0.9649 -0.2500 0.0798
vn -0.9923 -0.1239 -0.0006
vn -0.9775 -0.2082 0.0333
vn 0.9843 0.1467 0.0981
vn 0.0977 0.1524 0.9835
vn 0.9634 -0.2521 0.0911
vn -0.9843 0.1467 -0.0981
vn -0.6676 -0.3277 0.6686
vn 0.6567 -0.7528 -0.0453
vn -0.0530 -0.7437 -0.6664
vn -0.6567 -0.7528 0.0453
vn 0.0530 -0.7437 0.6664
vn 0.8538 -0.5205 -0.0113
vn -0.0128 -0.5208 -0.8536
vn -0.8538 -0.5205 0.0113
vn 0.0128 -0.5208 0.8536
vn 0.0006 -0.7419 0.6706
vn -0.0001 -0.9952 -0.0974
vn 0.6706 -0.7419 0.0004
vn -0.0974 -0.9952 -0.0001
vn 0.8451 -0.5342 0.0201
vn 0.0189 -0.5339 -0.8454
vn -0.8451 -0.5342 -0.0201
vn -0.0189 -0.5339 0.8454
vn 0.7563 -0.6541 -0.0137
vn -0.0183 -0.6558 -0.7547
vn -0.7563 -0.6541 0.0137
vn 0.0183 -0.6558 0.7547
vn 0.0002 -0.9852 0.1716
vn -0.0005 -0.8617 -0.5074
vn 0.1716 -0.9852 0.0002
vn -0.5074 -0.8617 -0.0004
vn -0.3017 -0.9511 -0.0655
vn -0.1404 -0.9013 -0.4098
vn -0.0655 -0.9511 -0.3017
vn -0.4097 -0.9014 -0.1404
vn 0.3016 -0.9512 -0.0650
vn 0.1398 -0.9016 -0.4093
vn 0.5890 -0.8056 -0.0639
vn 0.1174 -0.9524 -0.2815
vn 0.0648 -0.8051 0.5896
vn 0.2817 -0.9522 0.1179
vn 0.5894 -0.8053 0.0646
vn 0.1180 -0.9522 0.2818
vn -0.0638 -0.8058 0.5888
vn -0.2815 -0.9523 0.1174
vn -0.0649 -0.9512 0.3016
vn -0.4094 -0.9016 0.1398
vn 0.8029 -0.5952 0.0328
vn 0.0317 -0.5944 -0.8035
vn -0.8029 -0.5952 -0.0328
vn -0.0317 -0.5944 0.8035
vn 0.8308 -0.5559 -0.0256
vn -0.0274 -0.5566 -0.8303
vn -0.8308 -0.5559 0.0256
vn 0.0274 -0.5566 0.8303
vn 0.0004 -0.9288 0.3705
vn -0.0003 -0.9655 -0.2604
vn 0.3705 -0.9288 0.0003
vn -0.2604 -0.9655 -0.0002
vn 0.8571 -0.5151 0.0040
vn 0.0026 -0.5150 -0.8572
vn -0.8571 -0.5151 -0.0040
vn -0.0026 -0.5150 0.8572
vn 0.4052 -0.8989 0.1667
vn 0.1688 -0.9009 -0.3999
vn -0.4052 -0.8989 -0.1667
vn -0.1688 -0.9009 0.3999
vn -0.0000 -0.9995 0.0316
vn -0.0008 -0.5785 -0.8157
vn 0.0316 -0.9995 -0.0000
vn -0.8157 -0.5785 -0.0005
vn -0.2495 -0.9504 -0.1856
vn 0.0070 -0.6403 -0.7681
vn -0.1856 -0.9504 -0.2495
vn -0.7679 -0.6405 0.0073
vn 0.2492 -0.9506 -0.1851
vn -0.0084 -0.6414 -0.7671
vn 0.2782 -0.9390 -0.2023
vn 0.0204 -0.9501 -0.3112
vn 0.2028 -0.9388 0.2786
vn 0.3112 -0.9501 0.0210
vn 0.2785 -0.9388 0.2028
vn 0.0210 -0.9501 0.3112
vn -0.2024 -0.9390 0.2781
vn -0.3112 -0.9501 0.0205
vn -0.1851 -0.9506 0.2491
vn -0.7673 -0.6412 -0.0082
vn -0.5550 -0.8305 0.0472
vn -0.5852 -0.8108 0.0074
vn -0.4864 -0.8723 0.0504
vn -0.8063 -0.5915 -0.0080
vn -0.1165 -0.9804 0.1586
vn -0.1324 -0.9908 0.0287
vn -0.0894 -0.9878 0.1272
vn -0.2428 -0.9649 0.1002
vn -0.0193 -0.7563 0.6539
vn -0.0779 -0.9336 0.3497
vn -0.0247 -0.8173 0.5757
vn -0.0797 -0.8511 0.5189
vn 0.1169 -0.9804 0.1588
vn 0.1325 -0.9908 0.0290
vn 0.1588 -0.9804 0.1169
vn 0.0290 -0.9908 0.1325
vn 0.5552 -0.8304 0.0479
vn 0.5853 -0.8108 0.0081
vn 0.6542 -0.7561 0.0203
vn 0.3499 -0.9335 0.0785
vn 0.2303 -0.8835 0.4080
vn 0.4609 -0.8772 0.1343
vn 0.4075 -0.8836 0.2306
vn 0.1344 -0.8771 0.4611
vn 0.0503 -0.8723 -0.4864
vn -0.0082 -0.5916 -0.8062
vn 0.0470 -0.8306 -0.5549
vn 0.0072 -0.8109 -0.5852
vn 0.3683 -0.9007 -0.2305
vn 0.0667 -0.7677 -0.6373
vn 0.4066 -0.8841 -0.2303
vn 0.1338 -0.8776 -0.4603
vn 0.5757 -0.8173 -0.0249
vn 0.5191 -0.8510 -0.0798
vn 0.6540 -0.7562 -0.0195
vn 0.3497 -0.9336 -0.0780
vn -0.3686 -0.9005 -0.2309
vn -0.0712 -0.7622 -0.6434
vn -0.2307 -0.9004 -0.3689
vn -0.6426 -0.7629 -0.0712
vn -0.0512 -0.8721 -0.4866
vn 0.0068 -0.5911 -0.8066
vn -0.0258 -0.8171 -0.5759
vn -0.0806 -0.8507 -0.5195
vn -0.1274 -0.9878 -0.0897
vn -0.1007 -0.9648 -0.2430
vn -0.0897 -0.9878 -0.1274
vn -0.2430 -0.9648 -0.1006
vn -0.5758 -0.8172 -0.0256
vn -0.5193 -0.8508 -0.0805
vn -0.4866 -0.8722 -0.0511
vn -0.8065 -0.5912 0.0071
vn 0.1272 -0.9878 -0.0894
vn 0.1002 -0.9649 -0.2428
vn 0.1586 -0.9804 -0.1165
vn 0.0287 -0.9908 -0.1324
vn 0.0205 -0.7560 0.6543
vn 0.0786 -0.9335 0.3499
vn 0.0480 -0.8303 0.5552
vn 0.0083 -0.8108 0.5853
vn -0.2305 -0.8843 0.4061
vn -0.4605 -0.8775 0.1338
vn -0.2307 -0.9007 0.3680
vn -0.6380 -0.7671 0.0667
vn 0.6562 0.7532 -0.0453
vn -0.0531 0.7442 -0.6659
vn -0.6562 0.7532 0.0453
vn 0.0531 0.7442 0.6659
vn 0.8538 0.5205 -0.0110
vn -0.0125 0.5208 -0.8536
vn -0.8538 0.5205 0.0110
vn 0.0125 0.5208 0.8536
vn 0.0004 0.7419 0.6706
vn -0.0001 0.9952 -0.0974
vn 0.6706 0.7419 0.0006
vn -0.0974 0.9952 -0.0001
vn 0.8451 0.5342 0.0204
vn 0.0192 0.5338 -0.8454
vn -0.8451 0.5342 -0.0204
vn -0.0192 0.5338 0.8454
vn 0.7565 0.6538 -0.0132
vn -0.0178 0.6556 -0.7549
vn -0.7565 0.6538 0.0132
vn 0.0178 0.6556 0.7549
vn 0.0002 0.9852 0.1716
vn -0.0004 0.8617 -0.5074
vn 0.1716 0.9852 0.0002
vn -0.5074 0.8617 -0.0005
vn -0.3017 0.9511 -0.0655
vn -0.1404 0.9014 -0.4097
vn -0.0655 0.9511 -0.3017
vn -0.4098 0.9013 -0.1404
vn 0.3016 0.9512 -0.0649
vn 0.1398 0.9016 -0.4094
vn 0.5888 0.8058 -0.0638
vn 0.1174 0.9523 -0.2815
vn 0.0646 0.8053 0.5894
vn 0.2818 0.9522 0.1180
vn 0.5896 0.8051 0.0648
vn 0.1179 0.9522 0.2817
vn -0.0639 0.8056 0.5890
vn -0.2815 0.9524 0.1174
vn -0.0650 0.9512 0.3016
vn -0.4093 0.9016 0.1398
vn 0.8029 0.5953 0.0332
vn 0.0321 0.5944 -0.8035
vn -0.8029 0.5953 -0.0332
vn -0.0321 0.5944 0.8035
vn 0.8308 0.5559 -0.0253
vn -0.0270 0.5566 -0.8303
vn -0.8308 0.5559 0.0253
vn 0.0270 0.5566 0.8303
vn 0.0003 0.9288 0.3705
vn -0.0002 0.9655 -0.2604
vn 0.3705 0.9288 0.0004
vn -0.2604 0.9655 -0.0003
vn 0.8571 0.5151 0.0043
vn 0.0029 0.5150 -0.8572
vn -0.8571 0.5151 -0.0043
vn -0.0029 0.5150 0.8572
vn 0.4060 0.8987 0.1657
vn 0.1678 0.9007 -0.4007
vn -0.4060 0.8987 -0.1657
vn -0.1678 0.9007 0.4007
vn -0.0000 0.9995 0.0316
vn -0.0005 0.5785 -0.8157
vn 0.0316 0.9995 -0.0000
vn -0.8157 0.5785 -0.0008
vn -0.2495 0.9504 -0.1856
vn 0.0073 0.6405 -0.7679
vn -0.1856 0.9504 -0.2495
vn -0.7681 0.6403 0.0070
vn 0.2491 0.9506 -0.1851
vn -0.0082 0.6412 -0.7673
vn 0.2781 0.9390 -0.2024
vn 0.0205 0.9501 -0.3112
vn 0.2028 0.9388 0.2785
vn 0.3112 0.9501 0.0210
vn 0.2786 0.9388 0.2028
vn 0.0210 0.9501 0.3112
vn -0.2023 0.9390 0.2782
vn -0.3112 0.9501 0.0204
vn -0.1851 0.9506 0.2492
vn -0.7671 0.6414 -0.0084
vn -0.5549 0.8306 0.0470
vn -0.5852 0.8109 0.0072
vn -0.4864 0.8723 0.0503
vn -0.8062 0.5916 -0.0082
vn -0.1165 0.9804 0.1586
vn -0.1324 0.9908 0.0287
vn -0.0894 0.9878 0.1272
vn -0.2428 0.9649 0.1002
vn -0.0195 0.7562 0.6540
vn -0.0780 0.9336 0.3497
vn -0.0249 0.8173 0.5757
vn -0.0798 0.8510 0.5191
vn 0.1169 0.9804 0.1588
vn 0.1325 0.9908 0.0290
vn 0.1588 0.9804 0.1169
vn 0.0290 0.9908 0.1325
vn 0.5552 0.8303 0.0480
vn 0.5853 0.8108 0.0083
vn 0.6543 0.7560 0.0205
vn 0.3499 0.9335 0.0786
vn 0.2306 0.8836 0.4075
vn 0.4611 0.8771 0.1344
vn 0.4080 0.8835 0.2303
vn 0.1343 0.8772 0.4609
vn 0.0504 0.8723 -0.4864
vn -0.0080 0.5915 -0.8063
vn 0.0472 0.8305 -0.5550
vn 0.0074 0.8108 -0.5852
vn 0.3680 0.9007 -0.2307
vn 0.0667 0.7671 -0.6380
vn 0.4061 0.8843 -0.2305
vn 0.1338 0.8775 -0.4605
vn 0.5757 0.8173 -0.0247
vn 0.5189 0.8511 -0.0797
vn 0.6539 0.7563 -0.0193
vn 0.3497 0.9336 -0.0779
vn -0.3689 0.9004 -0.2307
vn -0.0712 0.7629 -0.6426
vn -0.2309 0.9005 -0.3686
vn -0.6434 0.7622 -0.0712
vn -0.0511 0.8722 -0.4866
vn 0.0071 0.5912 -0.8065
vn -0.0256 0.8172 -0.5758
vn -0.0805 0.8508 -0.5193
vn -0.1274 0.9878 -0.0897
vn -0.1006 0.9648 -0.2430
vn -0.0897 0.9878 -0.1274
vn -0.2430 0.9648 -0.1007
vn -0.5759 0.8171 -0.0258
vn -0.5195 0.8507 -0.0806
vn -0.4866 0.8721 -0.0512
vn -0.8066 0.5911 0.0068
vn 0.1272 0.9878 -0.0894
vn 0.1002 0.9649 -0.2428
vn 0.1586 0.9804 -0.1165
vn 0.0287 0.9908 -0.1324
vn 0.0203 0.7561 0.6542
vn 0.0785 0.9335 0.3499
vn 0.0479 0.8304 0.5552
vn 0.0081 0.8108 0.5853
vn -0.2303 0.8841 0.4066
vn -0.4603 0.8776 0.1338
vn -0.2305 0.9007 0.3683
vn -0.6373 0.7677 0.0667
vn -0.0276 -0.0874 -0.9958
vn 0.1092 -0.1026 0.9887
vn -0.9937 -0.0915 0.0652
vn -0.9962 0.0873 0.0068
vn 0.0467 0.0901 0.9948
vn 0.0083 0.0872 0.9962
vn 0.9982 0.0476 0.0377
vn -0.0007 0.0471 -0.9989
vn 0.0365 0.0476 -0.9982
vn 0.9953 0.0508 0.0824
vn 0.9932 0.0581 0.1006
vn -0.9958 0.0874 -0.0276
vn -0.9935 0.0915 -0.0677
vn 0.1034 0.1029 -0.9893
vn -0.1975 -0.0887 -0.9763
vn -0.0258 0.0873 0.9958
vn -0.0652 0.0915 0.9937
vn -0.9887 0.1026 -0.1092
vn -0.9719 -0.0977 0.2143
vn 0.9918 0.1126 -0.0611
vn 0.9906 0.0987 -0.0943
vn -0.1034 0.1029 0.9893
vn 0.1975 -0.0888 0.9763
vn 0.7046 -0.0810 -0.7049
vn -0.1092 -0.1026 -0.9887
vn 0.9953 0.0528 -0.0806
vn 0.9982 0.0485 -0.0364
vn -0.9763 0.0888 -0.1975
vn -0.9918 0.1126 0.0611
vn -0.9906 0.0987 0.0943
vn -0.0677 -0.0915 -0.9935
vn -0.0467 0.0901 -0.9948
vn -0.0083 0.0872 -0.9962
vn 0.1005 0.0637 0.9929
vn -0.9949 0.0902 0.0456
vn 0.0677 -0.0915 0.9935
vn 0.0276 -0.0874 0.9958
vn 0.9962 -0.0872 0.0083
vn 0.9935 0.0915 0.0677
vn 0.0258 0.0873 -0.9958
vn 0.0652 0.0915 -0.9937
vn 0.9887 0.1026 0.1092
vn 0.9719 -0.0977 -0.2143
vn -0.9948 -0.0901 -0.0467
vn 0.0943 -0.0987 -0.9906
vn 0.0611 -0.1125 -0.9918
vn -0.0068 -0.0873 0.9962
vn -0.0456 -0.0902 0.9949
vn -0.9905 -0.0988 -0.0953
vn -0.9916 -0.1083 -0.0703
vn -0.7049 0.0811 0.7046
vn 0.9893 -0.1029 -0.1034
vn -0.0943 -0.0987 0.9906
vn -0.0611 -0.1125 0.9918
vn 0.7049 0.0770 0.7051
vn -0.0703 0.1083 -0.9916
vn -0.1005 0.0637 -0.9929
vn 0.9949 0.0902 -0.0456
vn 0.9962 0.0873 -0.0068
vn -0.7051 -0.0770 -0.7049
vn -0.9893 -0.1029 0.1034
vn -0.9954 -0.0507 0.0807
vn -0.0823 0.0528 -0.9952
vn -0.0377 -0.0476 -0.9982
vn 0.0953 0.0987 0.9905
vn 0.0068 -0.0873 -0.9962
vn -0.0807 0.0507 0.9954
vn -0.9982 0.0476 -0.0377
vn 0.9989 -0.0472 0.0007
vn -0.9939 0.0646 0.0897
vn -0.9953 0.0508 -0.0824
vn 0.9958 -0.0873 -0.0258
vn 0.2143 0.0977 -0.9719
vn -0.0953 0.0988 -0.9905
vn 0.9937 -0.0915 -0.0652
vn 0.0823 0.0529 0.9952
vn 0.9763 0.0888 0.1975
vn -0.0898 0.0589 0.9942
vn 0.9916 -0.1083 0.0703
vn 0.9939 0.0646 -0.0897
vn 0.0007 0.0472 0.9989
vn -0.9932 0.0581 -0.1006
vn 0.0456 -0.0902 -0.9949
vn -0.0365 0.0476 0.9982
vn 0.0807 0.0507 -0.9954
vn 0.0898 0.0590 -0.9942
vn -0.2143 0.0977 0.9719
vn -0.9962 -0.0872 -0.0083
vn -0.9989 0.0472 -0.0007
vn 0.9905 -0.0988 0.0953
vn 0.0377 0.0485 0.9981
vn 0.9958 0.0874 0.0276
vn 0.9948 -0.0901 0.0467
vn -0.9958 -0.0873 0.0258
vn -0.9982 0.0485 0.0364
vn 0.0703 0.1083 0.9916
vn 0.9914 -0.1260 0.0366
vn -0.0410 0.2603 -0.9647
vn 0.9722 -0.2220 0.0750
vn -0.0596 -0.2664 -0.9620
vn 0.0008 -0.1239 0.9923
vn -0.9559 0.2821 0.0819
vn 0.6676 -0.3277 -0.6686
vn -0.9495 -0.3011 0.0882
vn -0.9429 0.3280 0.0574
vn 0.9880 0.1319 0.0801
vn -0.9779 -0.1309 -0.1633
vn 0.9775 0.2083 0.0346
vn 0.9674 0.2533 -0.0059
vn -0.0981 -0.1467 -0.9843
vn 0.9668 -0.2544 -0.0227
vn 0.9647 0.2604 -0.0398
vn -0.0753 -0.2200 -0.9726
vn 0.9621 -0.2665 -0.0573
vn -0.0830 0.2821 -0.9558
vn 0.0006 0.2059 0.9786
vn -0.0945 -0.2998 -0.9493
vn -0.0692 0.3189 -0.9453
vn -0.0353 -0.1259 0.9914
vn 0.1787 -0.1032 -0.9785
vn -0.0733 -0.2218 0.9723
vn 0.1633 0.1309 0.9779
vn -0.0799 0.1340 -0.9878
vn -0.0574 -0.3280 0.9429
vn -0.0882 0.3012 0.9495
vn -0.0911 0.2521 -0.9634
vn -0.0819 -0.2821 0.9559
vn 0.9559 0.2821 -0.0819
vn 0.9882 -0.1317 -0.0784
vn 0.9495 -0.3011 -0.0882
vn 0.9429 0.3280 -0.0574
vn 0.9779 -0.1308 0.1633
vn -0.0784 0.1317 0.9882
vn -0.9785 0.1032 0.1787
vn -0.0333 0.2082 0.9775
vn -0.9453 -0.3189 -0.0692
vn -0.9493 0.2998 -0.0945
vn 0.0353 -0.1259 -0.9914
vn -0.9558 -0.2821 -0.0830
vn -0.0573 0.2665 0.9621
vn 0.0733 -0.2218 -0.9723
vn -0.0398 -0.2604 0.9647
vn -0.0227 0.2544 0.9668
vn -0.0367 -0.1251 -0.9915
vn -0.0059 -0.2533 0.9674
vn -0.1633 0.1309 -0.9779
vn -0.0008 -0.2059 -0.9786
vn 0.0574 -0.3280 -0.9429
vn 0.0882 0.3011 -0.9495
vn -0.9878 -0.1340 -0.0799
vn 0.0819 -0.2821 -0.9559
vn -0.9620 0.2664 -0.0596
vn -0.9634 -0.2521 -0.0911
vn -0.9647 -0.2603 -0.0410
vn -0.9668 0.2544 -0.0245
vn -0.0006 0.1239 -0.9923
vn -0.9674 -0.2532 -0.0074
vn 0.9785 0.1032 -0.1787
vn -0.0344 0.2091 -0.9773
vn 0.9453 -0.3189 0.0692
vn 0.9493 0.2998 0.0945
vn 0.9914 0.1259 -0.0353
vn 0.9558 -0.2821 0.0830
vn 0.0573 0.2664 -0.9621
vn 0.9723 0.2218 -0.0733
vn 0.0398 -0.2604 -0.9647
vn 0.0227 0.2544 -0.9668
vn 0.0784 0.1317 -0.9882
vn 0.0059 -0.2533 -0.9674
vn 0.9620 0.2664 0.0596
vn 0.0333 0.2082 -0.9775
vn 0.9647 -0.2603 0.0410
vn 0.9668 0.2544 0.0245
vn 0.9674 -0.2532 0.0074
vn 0.0074 0.2532 0.9674
vn -0.6513 0.3907 0.6505
vn 0.0245 -0.2544 0.9668
vn 0.0410 0.2603 0.9647
vn 0.0918 -0.2470 0.9647
vn 0.0596 -0.2664 0.9620
vn -0.9674 0.2533 0.0059
vn 0.9915 -0.1250 -0.0355
vn -0.9668 -0.2544 0.0227
vn -0.9647 0.2604 0.0398
vn -0.9621 -0.2665 0.0573
vn 0.0830 0.2821 0.9558
vn 0.9786 -0.2059 0.0006
vn 0.0945 -0.2998 0.9493
vn 0.0692 0.3189 0.9453
vn -0.1787 -0.1031 0.9785
vn -0.0074 0.2532 -0.9674
vn -0.0245 -0.2544 -0.9668
vn -0.0005 0.4340 -0.9009
vn 0.0297 0.3027 -0.9526
vn -0.0310 -0.3028 -0.9526
vn -0.0008 -0.4340 -0.9009
vn -0.0231 0.4436 -0.8959
vn 0.0218 -0.4433 -0.8961
vn -0.0478 0.4821 -0.8748
vn -0.0670 -0.3215 -0.9445
vn 0.0326 0.6008 0.7987
vn 0.0666 0.3234 0.9439
vn -0.6837 -0.2560 0.6833
vn 0.0333 -0.5999 0.7994
vn -0.4219 0.8024 0.4221
vn 0.0482 -0.4813 0.8752
vn -0.7994 0.5999 -0.0333
vn -0.9239 -0.3748 -0.0771
vn 0.0307 0.3036 0.9523
vn 0.0234 -0.4432 0.8961
vn -0.8961 0.4433 0.0218
vn -0.9544 0.2986 -0.0008
vn -0.9447 -0.3213 0.0654
vn -0.8963 -0.4430 0.0221
vn -0.8752 0.4815 0.0463
vn -0.9009 -0.4340 -0.0005
vn -0.8008 0.5986 0.0218
vn -0.9246 -0.3754 0.0652
vn -0.9526 0.3028 -0.0310
vn -0.8959 -0.4436 -0.0231
vn 0.0006 0.2986 0.9544
vn 0.0008 -0.4340 0.9009
vn -0.0297 0.3027 0.9526
vn -0.0218 -0.4433 0.8961
vn 0.8961 0.4433 0.0234
vn 0.9445 0.3215 0.0670
vn 0.9544 -0.2986 0.0006
vn 0.8959 -0.4436 0.0231
vn 0.9009 0.4340 0.0008
vn 0.8748 -0.4821 0.0478
vn 0.8961 0.4433 -0.0218
vn 0.9526 -0.3027 -0.0297
vn 0.9254 0.3709 0.0780
vn 0.7987 -0.6008 0.0326
vn 0.0654 0.3213 -0.9447
vn 0.0463 -0.4815 -0.8752
vn 0.0652 0.3754 -0.9246
vn 0.0218 -0.5986 -0.8008
vn 0.6833 0.2560 -0.6837
vn 0.4221 -0.8024 -0.4219
vn -0.0771 0.3749 -0.9239
vn -0.0333 -0.5999 -0.7994
vn -0.9445 0.3215 -0.0670
vn -0.8748 -0.4821 -0.0478
vn -0.6725 0.3095 -0.6722
vn -0.4038 -0.8208 -0.4040
vn -0.0654 0.3213 0.9447
vn -0.0463 -0.4815 0.8752
vn -0.0652 0.3754 0.9246
vn -0.0218 -0.5986 0.8008
vn 0.8008 0.5986 -0.0218
vn 0.9441 0.3232 -0.0649
vn 0.6722 -0.3095 0.6725
vn 0.8014 -0.5976 -0.0224
vn 0.4040 0.8208 0.4038
vn 0.8756 -0.4807 -0.0467
vn 0.0798 0.2500 -0.9650
vn -0.6512 -0.3909 -0.6505
vn 0.6513 0.3907 -0.6505
vn 0.9786 0.2059 0.0008
vn -0.6697 0.3188 -0.6707
vn 0.0864 -0.1545 -0.9842
vn -0.0798 0.2500 0.9650
vn 0.6512 -0.3909 0.6505
vn 0.0344 0.2091 0.9773
vn 0.6697 0.3188 0.6707
vn -0.0864 -0.1545 0.9842
vn 0.0367 -0.1251 0.9915
vn 0.0750 0.2220 0.9722
vn -0.9775 0.2083 -0.0346
vn -0.9880 0.1319 -0.0801
vn 0.0801 -0.1319 0.9880
vn -0.9914 -0.1259 -0.0366
vn 0.9636 0.2553 -0.0790
vn -0.9636 0.2553 0.0790
vn -0.9879 0.1338 0.0782
vn -0.9773 0.2090 0.0331
vn -0.9923 0.1239 -0.0008
vn 0.9851 -0.1486 -0.0868
vn -0.9728 -0.2197 0.0736
vn -0.9851 -0.1486 0.0868
vn -0.9786 -0.2059 -0.0006
vn -0.9915 -0.1250 0.0355
vn 0.9647 0.2470 0.0918
vn 0.0911 0.2521 0.9634
vn 0.9835 -0.1524 0.0977
vn -0.9647 0.2470 -0.0918
vn -0.6505 -0.3907 0.6513
vn -0.0865 -0.3426 -0.9355
vn -0.0546 -0.5258 -0.8488
vn -0.0759 -0.4326 -0.8984
vn -0.0702 -0.3952 -0.9159
vn -0.0540 0.5268 -0.8483
vn -0.0857 0.3453 -0.9346
vn -0.0750 0.4351 -0.8973
vn -0.0696 0.3971 -0.9151
vn 0.9496 -0.3104 -0.0449
vn 0.8886 -0.4575 -0.0329
vn 0.9265 -0.3732 -0.0486
vn 0.9319 -0.3612 -0.0342
vn 0.8883 0.4580 -0.0325
vn 0.9491 0.3117 -0.0446
vn 0.9259 0.3746 -0.0482
vn 0.9315 0.3621 -0.0339
vn -0.0294 -0.3942 0.9186
vn 0.0377 -0.7189 0.6940
vn -0.0330 -0.4943 0.8687
vn 0.1411 -0.5643 0.8134
vn 0.0380 0.7177 0.6953
vn -0.0296 0.3879 0.9212
vn -0.0336 0.4905 0.8708
vn 0.1420 0.5601 0.8162
vn 0.9354 -0.3434 -0.0841
vn 0.8490 -0.5257 -0.0525
vn 0.8982 -0.4341 -0.0696
vn 0.9160 -0.3952 -0.0690
vn 0.6941 0.7189 0.0377
vn 0.9185 0.3942 -0.0294
vn 0.8134 0.5643 0.1411
vn 0.8687 0.4943 -0.0330
vn 0.9212 -0.3879 -0.0296
vn 0.6953 -0.7177 0.0380
vn 0.8162 -0.5601 0.1420
vn 0.8708 -0.4906 -0.0336
vn 0.8485 0.5266 -0.0518
vn 0.9345 0.3462 -0.0833
vn 0.8970 0.4367 -0.0685
vn 0.9152 0.3972 -0.0683
vn -0.0833 -0.3462 0.9345
vn -0.0518 -0.5266 0.8485
vn -0.0683 -0.3972 0.9152
vn -0.0685 -0.4367 0.8970
vn -0.0525 0.5257 0.8490
vn -0.0841 0.3434 0.9354
vn -0.0690 0.3952 0.9160
vn -0.0696 0.4341 0.8982
vn -0.0446 -0.3117 0.9491
vn -0.0325 -0.4580 0.8883
vn -0.0339 -0.3621 0.9315
vn -0.0482 -0.3746 0.9259
vn -0.0329 0.4575 0.8886
vn -0.0449 0.3104 0.9496
vn -0.0342 0.3612 0.9319
vn -0.0486 0.3732 0.9265
vn -0.9212 -0.3879 0.0296
vn -0.6953 -0.7177 -0.0380
vn -0.8162 -0.5601 -0.1420
vn -0.8708 -0.4906 0.0336
vn -0.6940 0.7189 -0.0377
vn -0.9186 0.3942 0.0294
vn -0.8134 0.5643 -0.1411
vn -0.8687 0.4943 0.0330
vn 0.0294 -0.3942 -0.9186
vn -0.0377 -0.7189 -0.6940
vn 0.0330 -0.4942 -0.8687
vn -0.1411 -0.5643 -0.8134
vn -0.0380 0.7177 -0.6953
vn 0.0296 0.3879 -0.9212
vn 0.0336 0.4905 -0.8708
vn -0.1420 0.5601 -0.8162
vn -0.9346 -0.3453 -0.0857
vn -0.8483 -0.5268 -0.0540
vn -0.9151 -0.3971 -0.0696
vn -0.8973 -0.4351 -0.0750
vn -0.8488 0.5258 -0.0546
vn -0.9355 0.3426 -0.0865
vn -0.9159 0.3952 -0.0702
vn -0.8984 0.4326 -0.0759
vn -0.9492 -0.3113 -0.0464
vn -0.8883 -0.4581 -0.0342
vn -0.9315 -0.3620 -0.0351
vn -0.9258 -0.3746 -0.0503
vn -0.8885 0.4575 -0.0346
vn -0.9496 0.3100 -0.0467
vn -0.9319 0.3611 -0.0354
vn -0.9263 0.3732 -0.0507
vn -0.0292 -0.3695 -0.9288
vn 0.0355 -0.7183 -0.6948
vn 0.1559 -0.5290 -0.8342
vn -0.0466 -0.4847 -0.8735
vn 0.0353 0.7195 -0.6936
vn -0.0290 0.3756 -0.9263
vn 0.1549 0.5331 -0.8317
vn -0.0459 0.4882 -0.8715
vn 0.9263 -0.3756 0.0290
vn 0.6936 -0.7195 -0.0353
vn 0.8715 -0.4882 0.0459
vn 0.8317 -0.5331 -0.1549
vn 0.6948 0.7183 -0.0355
vn 0.9288 0.3695 0.0292
vn 0.8735 0.4847 0.0466
vn 0.8342 0.5290 -0.1559
vn 0.0833 -0.3462 -0.9345
vn 0.0518 -0.5266 -0.8485
vn 0.0683 -0.3972 -0.9152
vn 0.0685 -0.4367 -0.8970
vn 0.0525 0.5257 -0.8490
vn 0.0841 0.3434 -0.9354
vn 0.0690 0.3952 -0.9160
vn 0.0696 0.4341 -0.8982
vn 0.0446 -0.3117 -0.9491
vn 0.0325 -0.4580 -0.8883
vn 0.0339 -0.3621 -0.9315
vn 0.0482 -0.3746 -0.9259
vn 0.0329 0.4575 -0.8886
vn 0.0449 0.3104 -0.9496
vn 0.0342 0.3612 -0.9319
vn 0.0486 0.3732 -0.9265
vn 0.9346 -0.3453 0.0857
vn 0.8483 -0.5268 0.0540
vn 0.9151 -0.3971 0.0696
vn 0.8973 -0.4351 0.0750
vn 0.8488 0.5258 0.0546
vn 0.9355 0.3426 0.0865
vn 0.9159 0.3952 0.0702
vn 0.8984 0.4326 0.0759
vn 0.9542 -0.2989 -0.0131
vn 0.9001 -0.4356 -0.0098
vn 0.9353 -0.3534 -0.0194
vn 0.9364 -0.3508 -0.0052
vn 0.9000 0.4358 -0.0095
vn 0.9541 0.2993 -0.0129
vn 0.9351 0.3539 -0.0191
vn 0.9364 0.3510 -0.0049
vn 0.9492 -0.3113 0.0464
vn 0.8883 -0.4581 0.0342
vn 0.9315 -0.3620 0.0351
vn 0.9258 -0.3746 0.0503
vn 0.9000 0.4356 0.0114
vn 0.9542 0.2989 0.0148
vn 0.9364 0.3507 0.0067
vn 0.9352 0.3535 0.0211
vn 0.9541 -0.2993 0.0146
vn 0.9000 -0.4358 0.0111
vn 0.9364 -0.3509 0.0064
vn 0.9350 -0.3540 0.0208
vn 0.8885 0.4575 0.0346
vn 0.9496 0.3100 0.0468
vn 0.9319 0.3611 0.0354
vn 0.9263 0.3732 0.0507
vn -0.0129 -0.2993 0.9541
vn -0.0095 -0.4358 0.9000
vn -0.0049 -0.3510 0.9364
vn -0.0191 -0.3539 0.9351
vn -0.0098 0.4356 0.9001
vn -0.0131 0.2989 0.9542
vn -0.0052 0.3508 0.9364
vn -0.0194 0.3534 0.9353
vn 0.0148 -0.2989 0.9542
vn 0.0114 -0.4357 0.9000
vn 0.0211 -0.3535 0.9352
vn 0.0067 -0.3507 0.9364
vn 0.0111 0.4358 0.9000
vn 0.0146 0.2993 0.9541
vn 0.0208 0.3540 0.9350
vn 0.0064 0.3509 0.9364
vn -0.9541 -0.2993 -0.0146
vn -0.9000 -0.4358 -0.0111
vn -0.9364 -0.3509 -0.0064
vn -0.9350 -0.3540 -0.0208
vn -0.9000 0.4357 -0.0114
vn -0.9542 0.2989 -0.0148
vn -0.9365 0.3507 -0.0067
vn -0.9352 0.3535 -0.0211
vn -0.9354 -0.3434 0.0841
vn -0.8490 -0.5257 0.0525
vn -0.8982 -0.4341 0.0696
vn -0.9160 -0.3952 0.0690
vn -0.8485 0.5266 0.0518
vn -0.9345 0.3462 0.0833
vn -0.8970 0.4367 0.0685
vn -0.9152 0.3972 0.0683
vn -0.9542 -0.2989 0.0131
vn -0.9001 -0.4356 0.0098
vn -0.9353 -0.3534 0.0194
vn -0.9364 -0.3508 0.0052
vn -0.8883 0.4580 0.0325
vn -0.9491 0.3117 0.0446
vn -0.9259 0.3746 0.0482
vn -0.9315 0.3621 0.0339
vn -0.9496 -0.3104 0.0449
vn -0.8886 -0.4575 0.0329
vn -0.9265 -0.3732 0.0486
vn -0.9319 -0.3612 0.0342
vn -0.9000 0.4358 0.0095
vn -0.9541 0.2993 0.0129
vn -0.9351 0.3539 0.0191
vn -0.9364 0.3510 0.0049
vn 0.0467 -0.3100 0.9496
vn 0.0346 -0.4575 0.8885
vn 0.0507 -0.3732 0.9263
vn 0.0354 -0.3611 0.9319
vn 0.0342 0.4581 0.8883
vn 0.0464 0.3113 0.9492
vn 0.0503 0.3746 0.9258
vn 0.0351 0.3620 0.9315
vn -0.9263 -0.3756 -0.0290
vn -0.6936 -0.7195 0.0353
vn -0.8715 -0.4882 -0.0459
vn -0.8317 -0.5331 0.1550
vn -0.6948 0.7183 0.0355
vn -0.9288 0.3695 -0.0292
vn -0.8735 0.4847 -0.0466
vn -0.8342 0.5290 0.1559
vn 0.0865 -0.3426 0.9355
vn 0.0546 -0.5258 0.8488
vn 0.0759 -0.4326 0.8984
vn 0.0702 -0.3952 0.9159
vn -0.0353 0.7195 0.6936
vn 0.0290 0.3756 0.9263
vn -0.1549 0.5331 0.8317
vn 0.0459 0.4882 0.8715
vn 0.0292 -0.3695 0.9288
vn -0.0355 -0.7183 0.6948
vn -0.1559 -0.5290 0.8342
vn 0.0466 -0.4847 0.8735
vn 0.0540 0.5268 0.8483
vn 0.0857 0.3453 0.9346
vn 0.0750 0.4351 0.8973
vn 0.0696 0.3971 0.9151
vn -0.0467 -0.3100 -0.9496
vn -0.0346 -0.4575 -0.8885
vn -0.0507 -0.3732 -0.9263
vn -0.0354 -0.3611 -0.9319
vn -0.0342 0.4581 -0.8883
vn -0.0464 0.3113 -0.9492
vn -0.0503 0.3746 -0.9258
vn -0.0351 0.3620 -0.9315
vn 0.0129 -0.2993 -0.9541
vn 0.0095 -0.4358 -0.9000
vn 0.0049 -0.3510 -0.9364
vn 0.0191 -0.3539 -0.9351
vn -0.0111 0.4358 -0.9000
vn -0.0146 0.2993 -0.9541
vn -0.0208 0.3540 -0.9350
vn -0.0064 0.3509 -0.9364
vn -0.0148 -0.2989 -0.9542
vn -0.0114 -0.4356 -0.9000
vn -0.0211 -0.3535 -0.9352
vn -0.0067 -0.3507 -0.9364
vn 0.0098 0.4356 -0.9001
vn 0.0131 0.2989 -0.9542
vn 0.0052 0.3508 -0.9364
vn 0.0194 0.3534 -0.9353
vn 0.9922 -0.1237 -0.0156
vn 0.9785 -0.2059 -0.0147
vn 0.9863 -0.1634 -0.0248
vn 0.9866 -0.1628 -0.0066
vn 0.0118 -0.0655 0.9978
vn 0.0272 -0.1667 0.9856
vn -0.1837 0.1776 0.9668
vn 0.0717 -0.1843 0.9802
vn 0.0536 0.1279 -0.9903
vn 0.0504 0.2131 -0.9757
vn 0.0625 0.1703 -0.9834
vn 0.0438 0.1663 -0.9851
vn 0.9902 0.1293 -0.0534
vn 0.9754 0.2145 -0.0502
vn 0.9849 0.1675 -0.0436
vn 0.9831 0.1720 -0.0623
vn -0.0172 0.1241 -0.9921
vn -0.0163 0.2062 -0.9784
vn -0.0080 0.1630 -0.9866
vn -0.0264 0.1641 -0.9861
vn -0.9843 -0.1429 -0.1040
vn -0.9668 -0.2363 -0.0973
vn -0.9793 -0.1807 -0.0911
vn -0.9757 -0.1929 -0.1039
vn -0.0174 -0.1237 -0.9922
vn -0.0164 -0.2058 -0.9785
vn -0.0266 -0.1634 -0.9862
vn -0.0081 -0.1628 -0.9866
vn 0.0534 -0.1293 -0.9902
vn 0.0502 -0.2145 -0.9754
vn 0.0436 -0.1675 -0.9849
vn 0.0623 -0.1720 -0.9831
vn -0.0536 0.1279 0.9903
vn -0.0504 0.2131 0.9757
vn -0.0625 0.1703 0.9834
vn -0.0438 0.1663 0.9851
vn 0.9903 -0.1279 -0.0536
vn 0.9757 -0.2131 -0.0504
vn 0.9834 -0.1703 -0.0625
vn 0.9851 -0.1663 -0.0438
vn 0.0156 0.1237 -0.9922
vn 0.0147 0.2058 -0.9785
vn 0.0248 0.1634 -0.9863
vn 0.0066 0.1628 -0.9866
vn -0.1040 0.1429 -0.9843
vn -0.0973 0.2363 -0.9668
vn -0.0911 0.1807 -0.9793
vn -0.1039 0.1929 -0.9757
vn -0.0534 -0.1293 0.9902
vn -0.0502 -0.2145 0.9754
vn -0.0436 -0.1674 0.9849
vn -0.0623 -0.1720 0.9831
vn 0.0154 -0.1241 -0.9921
vn 0.0145 -0.2063 -0.9784
vn 0.0065 -0.1631 -0.9866
vn 0.0246 -0.1640 -0.9862
vn -0.0156 0.1237 0.9922
vn -0.0147 0.2059 0.9785
vn -0.0248 0.1634 0.9863
vn -0.0066 0.1628 0.9866
vn -0.1044 -0.1397 -0.9847
vn -0.0980 -0.2332 -0.9675
vn -0.1045 -0.1887 -0.9765
vn -0.0915 -0.1781 -0.9797
vn 0.9903 0.1277 0.0555
vn 0.9757 0.2128 0.0523
vn 0.9833 0.1703 0.0649
vn 0.9851 0.1662 0.0449
vn -0.0118 0.0728 -0.9973
vn -0.0271 0.1743 -0.9843
vn -0.0714 0.1911 -0.9790
vn 0.1836 -0.1717 -0.9679
vn -0.0154 -0.1241 0.9921
vn -0.0145 -0.2063 0.9784
vn -0.0065 -0.1631 0.9866
vn -0.0246 -0.1640 0.9862
vn 0.9901 -0.1291 0.0553
vn 0.9754 -0.2142 0.0520
vn 0.9849 -0.1674 0.0447
vn 0.9830 -0.1720 0.0647
vn 0.0163 0.0761 -0.9970
vn 0.0308 0.1817 -0.9829
vn -0.1677 -0.1650 -0.9719
vn 0.0616 0.1910 -0.9796
vn -0.0118 -0.0655 -0.9978
vn -0.0272 -0.1667 -0.9856
vn 0.1837 0.1776 -0.9668
vn -0.0717 -0.1843 -0.9802
vn 0.9922 0.1237 0.0174
vn 0.9785 0.2058 0.0164
vn 0.9862 0.1634 0.0266
vn 0.9866 0.1628 0.0082
vn 0.9921 -0.1241 0.0172
vn 0.9784 -0.2062 0.0163
vn 0.9866 -0.1630 0.0080
vn 0.9861 -0.1641 0.0264
vn 0.0163 -0.0837 -0.9964
vn 0.0307 -0.1895 -0.9814
vn 0.0613 -0.1980 -0.9783
vn -0.1676 0.1588 -0.9730
vn -0.0163 0.0761 0.9970
vn -0.0308 0.1817 0.9829
vn 0.1677 -0.1650 0.9719
vn -0.0616 0.1910 0.9797
vn 0.0172 0.1241 0.9921
vn 0.0163 0.2062 0.9784
vn 0.0080 0.1630 0.9866
vn 0.0264 0.1641 0.9861
vn 0.1023 0.1398 -0.9849
vn 0.0958 0.2335 -0.9676
vn 0.0985 0.1892 -0.9770
vn 0.0904 0.1781 -0.9799
vn -0.0163 -0.0837 0.9964
vn -0.0307 -0.1895 0.9814
vn -0.0613 -0.1980 0.9783
vn 0.1676 0.1587 0.9730
vn -0.0553 0.1291 -0.9901
vn -0.0520 0.2142 -0.9754
vn -0.0447 0.1673 -0.9849
vn -0.0647 0.1720 -0.9830
vn 0.0174 -0.1237 0.9922
vn 0.0164 -0.2058 0.9785
vn 0.0266 -0.1634 0.9862
vn 0.0081 -0.1628 0.9866
vn 0.1018 -0.1431 -0.9845
vn 0.0951 -0.2366 -0.9669
vn 0.0901 -0.1806 -0.9794
vn 0.0978 -0.1936 -0.9762
vn -0.9902 0.1293 0.0534
vn -0.9754 0.2145 0.0502
vn -0.9849 0.1675 0.0436
vn -0.9831 0.1720 0.0623
vn 0.9970 -0.0761 -0.0163
vn 0.9829 -0.1817 -0.0308
vn 0.9719 0.1650 0.1677
vn 0.9796 -0.1910 -0.0616
vn -0.9970 -0.0761 0.0163
vn -0.9829 -0.1817 0.0308
vn -0.9719 0.1650 -0.1677
vn -0.9796 -0.1910 0.0616
vn 0.9973 -0.0728 0.0118
vn 0.9843 -0.1743 0.0271
vn 0.9790 -0.1911 0.0714
vn 0.9679 0.1716 -0.1836
vn 0.9847 0.1397 0.1044
vn 0.9675 0.2332 0.0980
vn 0.9765 0.1886 0.1045
vn 0.9797 0.1781 0.0915
vn 0.1044 -0.1397 0.9847
vn 0.0980 -0.2332 0.9675
vn 0.1045 -0.1886 0.9765
vn 0.0915 -0.1781 0.9797
vn 0.0118 0.0728 0.9973
vn 0.0271 0.1743 0.9843
vn 0.0714 0.1911 0.9790
vn -0.1836 -0.1717 0.9679
vn -0.9847 0.1397 -0.1044
vn -0.9675 0.2332 -0.0980
vn -0.9765 0.1886 -0.1045
vn -0.9797 0.1781 -0.0915
vn -0.9930 -0.0544 0.1053
vn -0.9928 0.0577 0.1051
vn -0.9954 0.0013 0.0960
vn -0.9944 0.0022 0.1052
vn 0.9988 -0.0470 -0.0160
vn 0.9987 0.0475 -0.0159
vn 1.0000 0.0001 -0.0069
vn 0.9997 0.0003 -0.0262
vn -0.1074 -0.0543 -0.9927
vn -0.1073 0.0576 -0.9926
vn -0.0970 0.0012 -0.9953
vn -0.1110 0.0022 -0.9938
vn -0.0052 -0.0502 0.9987
vn -0.0052 0.0438 0.9990
vn 0.2144 -0.0023 0.9767
vn -0.0618 -0.0031 0.9981
vn 0.9930 -0.0544 -0.1053
vn 0.9928 0.0577 -0.1051
vn 0.9954 0.0013 -0.0960
vn 0.9944 0.0022 -0.1052
vn -0.9990 -0.0456 -0.0000
vn -0.9992 0.0394 0.0001
vn -0.9729 -0.0022 0.2313
vn -0.9975 -0.0031 -0.0707
vn -0.0550 -0.0503 0.9972
vn -0.0551 0.0489 0.9973
vn -0.0662 -0.0009 0.9978
vn -0.0464 -0.0006 0.9989
vn 0.0052 -0.0501 -0.9987
vn 0.0052 0.0438 -0.9990
vn -0.2144 -0.0023 -0.9767
vn 0.0618 -0.0032 -0.9981
vn -0.9971 -0.0502 -0.0569
vn -0.9972 0.0488 -0.0570
vn -0.9976 -0.0009 -0.0687
vn -0.9989 -0.0006 -0.0474
vn 0.9990 -0.0456 -0.0000
vn 0.9992 0.0394 -0.0001
vn 0.9729 -0.0022 -0.2313
vn 0.9975 -0.0031 0.0707
vn 0.0550 -0.0503 -0.9972
vn 0.0551 0.0489 -0.9973
vn 0.0662 -0.0009 -0.9978
vn 0.0464 -0.0006 -0.9989
vn 0.9971 -0.0502 0.0569
vn 0.9972 0.0488 0.0570
vn 0.9976 -0.0009 0.0687
vn 0.9989 -0.0006 0.0474
vn 0.0178 -0.0470 0.9987
vn 0.0177 0.0474 0.9987
vn 0.0085 0.0001 1.0000
vn 0.0280 0.0003 0.9996
vn -0.9988 -0.0470 0.0160
vn -0.9987 0.0475 0.0159
vn -1.0000 0.0001 0.0069
vn -0.9997 0.0003 0.0262
vn 0.1074 -0.0544 0.9927
vn 0.1073 0.0576 0.9926
vn 0.0970 0.0013 0.9953
vn 0.1110 0.0022 0.9938
vn -0.0178 -0.0470 -0.9987
vn -0.0177 0.0474 -0.9987
vn -0.0085 0.0001 -1.0000
vn -0.0280 0.0003 -0.9996
vn 0.0553 0.1291 0.9901
vn 0.0520 0.2142 0.9754
vn 0.0447 0.1674 0.9849
vn 0.0647 0.1720 0.9830
vn -0.0555 -0.1277 -0.9903
vn -0.0523 -0.2128 -0.9757
vn -0.0650 -0.1703 -0.9833
vn -0.0449 -0.1662 -0.9851
vn 0.0555 -0.1277 0.9903
vn 0.0523 -0.2128 0.9757
vn 0.0649 -0.1703 0.9833
vn 0.0449 -0.1662 0.9851
vn 0.9845 0.1431 -0.1018
vn 0.9669 0.2366 -0.0951
vn 0.9794 0.1806 -0.0901
vn 0.9762 0.1936 -0.0978
vn -0.9845 0.1431 0.1018
vn -0.9669 0.2366 0.0951
vn -0.9794 0.1806 0.0901
vn -0.9762 0.1936 0.0978
vn -0.9921 0.1241 0.0154
vn -0.9784 0.2063 0.0145
vn -0.9866 0.1630 0.0065
vn -0.9862 0.1640 0.0246
vn -0.9922 0.1237 -0.0174
vn -0.9785 0.2058 -0.0164
vn -0.9862 0.1634 -0.0266
vn -0.9866 0.1628 -0.0081
vn 0.9849 -0.1398 -0.1023
vn 0.9676 -0.2335 -0.0958
vn 0.9770 -0.1892 -0.0985
vn 0.9799 -0.1781 -0.0904
vn -0.9849 -0.1398 0.1023
vn -0.9676 -0.2335 0.0958
vn -0.9770 -0.1892 0.0985
vn -0.9799 -0.1781 0.0904
vn -0.9922 -0.1237 0.0156
vn -0.9785 -0.2059 0.0147
vn -0.9863 -0.1634 0.0248
vn -0.9866 -0.1628 0.0066
vn -0.9921 -0.1241 -0.0172
vn -0.9784 -0.2062 -0.0163
vn -0.9866 -0.1630 -0.0080
vn -0.9861 -0.1641 -0.0264
vn 0.9964 0.0837 -0.0163
vn 0.9814 0.1895 -0.0307
vn 0.9783 0.1980 -0.0613
vn 0.9730 -0.1588 0.1676
vn -0.9964 0.0837 0.0163
vn -0.9814 0.1895 0.0307
vn -0.9783 0.1980 0.0613
vn -0.9730 -0.1588 -0.1676
vn 0.9978 0.0655 0.0118
vn 0.9856 0.1667 0.0272
vn 0.9668 -0.1776 -0.1837
vn 0.9802 0.1843 0.0717
vn -0.9903 -0.1279 0.0536
vn -0.9757 -0.2131 0.0504
vn -0.9834 -0.1703 0.0625
vn -0.9851 -0.1663 0.0438
vn 0.1040 0.1429 0.9843
vn 0.0973 0.2363 0.9668
vn 0.0911 0.1807 0.9793
vn 0.1039 0.1929 0.9757
vn -0.9978 0.0655 -0.0118
vn -0.9856 0.1667 -0.0272
vn -0.9668 -0.1776 0.1837
vn -0.9802 0.1843 -0.0717
vn 0.9921 0.1241 -0.0154
vn 0.9784 0.2063 -0.0145
vn 0.9866 0.1631 -0.0065
vn 0.9862 0.1640 -0.0246
vn -0.9973 -0.0728 -0.0118
vn -0.9843 -0.1743 -0.0271
vn -0.9790 -0.1911 -0.0714
vn -0.9679 0.1717 0.1836
vn 0.9843 -0.1429 0.1040
vn 0.9668 -0.2363 0.0973
vn 0.9793 -0.1807 0.0911
vn 0.9757 -0.1929 0.1039
vn -0.0570 -0.0488 -0.9972
vn -0.0569 0.0502 -0.9971
vn -0.0474 0.0006 -0.9989
vn -0.0687 0.0009 -0.9976
vn -0.9990 -0.0438 0.0052
vn -0.9987 0.0501 0.0052
vn -0.9981 0.0031 0.0618
vn -0.9767 0.0023 -0.2144
vn 0.9973 -0.0489 -0.0551
vn 0.9972 0.0503 -0.0550
vn 0.9989 0.0006 -0.0464
vn 0.9978 0.0009 -0.0662
vn 0.0001 -0.0394 -0.9992
vn -0.0000 0.0456 -0.9990
vn -0.0707 0.0031 -0.9975
vn 0.2313 0.0022 -0.9729
vn -0.1051 -0.0577 0.9928
vn -0.1053 0.0544 0.9930
vn -0.1052 -0.0022 0.9944
vn -0.0960 -0.0013 0.9954
vn 0.9990 -0.0438 -0.0052
vn 0.9987 0.0501 -0.0052
vn 0.9981 0.0031 -0.0618
vn 0.9767 0.0022 0.2144
vn -0.9926 -0.0576 -0.1073
vn -0.9927 0.0544 -0.1074
vn -0.9938 -0.0022 -0.1110
vn -0.9953 -0.0012 -0.0970
vn -0.0159 -0.0475 0.9987
vn -0.0160 0.0470 0.9988
vn -0.0262 -0.0003 0.9997
vn -0.0069 -0.0001 1.0000
vn 0.1051 -0.0577 -0.9928
vn 0.1053 0.0544 -0.9930
vn 0.1052 -0.0022 -0.9944
vn 0.0960 -0.0013 -0.9954
vn -0.9987 -0.0474 -0.0177
vn -0.9987 0.0470 -0.0178
vn -0.9996 -0.0003 -0.0280
vn -1.0000 -0.0001 -0.0085
vn 0.9926 -0.0576 0.1073
vn 0.9927 0.0544 0.1074
vn 0.9938 -0.0022 0.1110
vn 0.9953 -0.0013 0.0970
vn 0.0159 -0.0475 -0.9987
vn 0.0160 0.0470 -0.9988
vn 0.0262 -0.0003 -0.9997
vn 0.0069 -0.0001 -1.0000
vn 0.9987 -0.0474 0.0177
vn 0.9987 0.0470 0.0178
vn 0.9996 -0.0003 0.0280
vn 1.0000 -0.0001 0.0085
vn 0.0570 -0.0488 0.9972
vn 0.0569 0.0502 0.9971
vn 0.0474 0.0006 0.9989
vn 0.0687 0.0009 0.9976
vn -0.9973 -0.0489 0.0551
vn -0.9972 0.0503 0.0550
vn -0.9989 0.0006 0.0464
vn -0.9978 0.0009 0.0662
vn -0.0001 -0.0394 0.9992
vn -0.0000 0.0456 0.9990
vn 0.0707 0.0031 0.9975
vn -0.2313 0.0022 0.9729
vn -0.1023 0.1398 0.9849
vn -0.0958 0.2335 0.9676
vn -0.0985 0.1892 0.9770
vn -0.0904 0.1781 0.9799
vn -0.9903 0.1277 -0.0555
vn -0.9757 0.2128 -0.0523
vn -0.9832 0.1703 -0.0650
vn -0.9851 0.1662 -0.0449
vn -0.1018 -0.1431 0.9845
vn -0.0951 -0.2367 0.9669
vn -0.0901 -0.1806 0.9794
vn -0.0978 -0.1936 0.9762
vn -0.9901 -0.1291 -0.0553
vn -0.9754 -0.2142 -0.0520
vn -0.9849 -0.1674 -0.0447
vn -0.9830 -0.1720 -0.0647
vn -0.5873 0.8040 0.0932
vn -0.6637 0.7471 0.0377
vn -0.5196 0.8462 0.1182
vn -0.7213 0.6926 0.0064
vn -0.2255 0.9143 0.3365
vn -0.3069 0.9269 0.2161
vn -0.2161 0.9269 0.3070
vn -0.3363 0.9143 0.2256
vn -0.0067 0.6922 0.7217
vn -0.1182 0.8460 0.5199
vn -0.0378 0.7468 0.6640
vn -0.0932 0.8036 0.5879
vn 0.0237 0.8643 0.5024
vn 0.0369 0.9301 0.3655
vn 0.0471 0.9046 0.4237
vn 0.0150 0.9007 0.4341
vn 0.0871 0.8851 0.4572
vn 0.1309 0.9377 0.3218
vn 0.1388 0.9210 0.3641
vn 0.0861 0.9119 0.4014
vn -0.0083 0.6099 0.7924
vn 0.0368 0.7755 0.6302
vn 0.0176 0.7063 0.7077
vn 0.0080 0.6810 0.7322
vn 0.0554 0.9842 -0.1684
vn 0.0472 0.9655 -0.2561
vn 0.0793 0.9755 -0.2051
vn 0.0253 0.9768 -0.2128
vn 0.1894 0.9716 -0.1418
vn 0.1648 0.9616 -0.2196
vn 0.2196 0.9616 -0.1647
vn 0.1418 0.9716 -0.1894
vn 0.2128 0.9768 -0.0252
vn 0.2051 0.9755 -0.0793
vn 0.2561 0.9655 -0.0472
vn 0.1684 0.9842 -0.0553
vn -0.7324 0.6809 -0.0082
vn -0.7079 0.7061 -0.0178
vn -0.6304 0.7754 -0.0370
vn -0.7925 0.6098 0.0080
vn -0.4014 0.9118 -0.0862
vn -0.3642 0.9209 -0.1388
vn -0.3219 0.9377 -0.1309
vn -0.4573 0.8850 -0.0872
vn -0.4341 0.9007 -0.0151
vn -0.4237 0.9046 -0.0472
vn -0.3655 0.9301 -0.0370
vn -0.5025 0.8643 -0.0239
vn -0.1897 0.9715 -0.1422
vn -0.1652 0.9614 -0.2200
vn -0.1422 0.9715 -0.1897
vn -0.2200 0.9614 -0.1652
vn -0.0557 0.9841 -0.1685
vn -0.0477 0.9655 -0.2562
vn -0.0257 0.9767 -0.2129
vn -0.0797 0.9754 -0.2053
vn -0.0635 0.9975 -0.0309
vn -0.0609 0.9936 -0.0955
vn -0.0309 0.9975 -0.0635
vn -0.0955 0.9936 -0.0609
vn -0.0368 0.7755 -0.6302
vn 0.0083 0.6099 -0.7924
vn -0.0080 0.6810 -0.7322
vn -0.0176 0.7063 -0.7077
vn -0.0093 0.7452 -0.6668
vn 0.0032 0.5812 -0.8138
vn -0.0013 0.6590 -0.7522
vn -0.0036 0.6658 -0.7462
vn -0.0369 0.9301 -0.3655
vn -0.0237 0.8643 -0.5024
vn -0.0150 0.9007 -0.4341
vn -0.0471 0.9046 -0.4237
vn -0.4590 0.8580 -0.2304
vn -0.2523 0.8480 -0.4661
vn -0.2309 0.8583 -0.4582
vn -0.4672 0.8476 -0.2515
vn -0.1187 0.8456 -0.5204
vn -0.0078 0.6915 -0.7223
vn -0.0385 0.7463 -0.6645
vn -0.0942 0.8026 -0.5891
vn -0.3074 0.9266 -0.2165
vn -0.2259 0.9141 -0.3367
vn -0.2166 0.9267 -0.3073
vn -0.3369 0.9141 -0.2258
vn 0.4011 0.9120 -0.0854
vn 0.3638 0.9212 -0.1382
vn 0.4569 0.8853 -0.0864
vn 0.3215 0.9379 -0.1303
vn 0.7319 0.6814 -0.0069
vn 0.7072 0.7069 -0.0164
vn 0.7920 0.6104 0.0097
vn 0.6299 0.7759 -0.0358
vn 0.7521 0.6590 -0.0001
vn 0.7459 0.6660 -0.0024
vn 0.8136 0.5814 0.0046
vn 0.6666 0.7453 -0.0082
vn 0.1182 0.8460 -0.5199
vn 0.0067 0.6922 -0.7217
vn 0.0932 0.8036 -0.5879
vn 0.0378 0.7468 -0.6640
vn 0.4524 0.8619 -0.2290
vn 0.2471 0.8548 -0.4563
vn 0.4553 0.8552 -0.2478
vn 0.2285 0.8616 -0.4532
vn 0.6637 0.7471 -0.0377
vn 0.5873 0.8040 -0.0932
vn 0.7213 0.6926 -0.0064
vn 0.5196 0.8462 -0.1182
vn 0.0084 0.7453 -0.6667
vn -0.0043 0.5813 -0.8137
vn 0.0026 0.6660 -0.7460
vn 0.0004 0.6590 -0.7521
vn 0.0360 0.7757 -0.6300
vn -0.0095 0.6103 -0.7921
vn 0.0166 0.7067 -0.7073
vn 0.0071 0.6812 -0.7320
vn 0.1304 0.9379 -0.3216
vn 0.0865 0.8852 -0.4570
vn 0.1382 0.9211 -0.3638
vn 0.0855 0.9120 -0.4012
vn 0.2259 0.9141 0.3367
vn 0.3074 0.9266 0.2165
vn 0.3369 0.9141 0.2258
vn 0.2166 0.9267 0.3073
vn 0.5896 0.8022 0.0942
vn 0.6648 0.7461 0.0387
vn 0.7227 0.6911 0.0081
vn 0.5207 0.8454 0.1187
vn 0.2523 0.8480 0.4661
vn 0.4590 0.8580 0.2304
vn 0.4672 0.8476 0.2515
vn 0.2309 0.8583 0.4582
vn 0.4237 0.9046 0.0472
vn 0.4341 0.9007 0.0151
vn 0.5025 0.8643 0.0239
vn 0.3655 0.9301 0.0370
vn 0.7462 0.6657 0.0038
vn 0.7522 0.6589 0.0016
vn 0.8138 0.5811 -0.0029
vn 0.6668 0.7452 0.0095
vn 0.7079 0.7061 0.0178
vn 0.7324 0.6809 0.0082
vn 0.7925 0.6098 -0.0080
vn 0.6304 0.7754 0.0370
vn 0.0609 0.9936 0.0955
vn 0.0635 0.9975 0.0309
vn 0.0955 0.9936 0.0609
vn 0.0309 0.9975 0.0635
vn 0.2053 0.9754 0.0798
vn 0.2129 0.9767 0.0257
vn 0.2562 0.9655 0.0477
vn 0.1685 0.9841 0.0557
vn 0.1652 0.9614 0.2200
vn 0.1897 0.9715 0.1422
vn 0.2200 0.9614 0.1652
vn 0.1422 0.9715 0.1897
vn -0.0865 0.8852 0.4570
vn -0.1304 0.9379 0.3216
vn -0.0855 0.9120 0.4012
vn -0.1382 0.9211 0.3638
vn -0.0230 0.8643 0.5024
vn -0.0363 0.9301 0.3654
vn -0.0144 0.9008 0.4341
vn -0.0465 0.9047 0.4236
vn 0.0043 0.5813 0.8137
vn -0.0084 0.7453 0.6667
vn -0.0004 0.6590 0.7521
vn -0.0026 0.6660 0.7460
vn -0.2051 0.9755 0.0793
vn -0.2128 0.9768 0.0252
vn -0.1684 0.9842 0.0553
vn -0.2561 0.9655 0.0472
vn -0.0607 0.9936 0.0954
vn -0.0634 0.9975 0.0308
vn -0.0308 0.9975 0.0634
vn -0.0954 0.9936 0.0607
vn -0.0472 0.9655 0.2561
vn -0.0554 0.9842 0.1684
vn -0.0253 0.9768 0.2128
vn -0.0793 0.9755 0.2051
vn -0.7459 0.6660 0.0024
vn -0.7521 0.6590 0.0002
vn -0.6666 0.7453 0.0082
vn -0.8136 0.5814 -0.0046
vn -0.4236 0.9047 0.0464
vn -0.4341 0.9008 0.0143
vn -0.3654 0.9302 0.0362
vn -0.5023 0.8644 0.0229
vn -0.3638 0.9212 0.1382
vn -0.4011 0.9120 0.0854
vn -0.3215 0.9379 0.1303
vn -0.4569 0.8853 0.0864
vn -0.7072 0.7069 0.0164
vn -0.7319 0.6814 0.0069
vn -0.6299 0.7759 0.0358
vn -0.7920 0.6104 -0.0097
vn -0.1648 0.9616 0.2196
vn -0.1894 0.9716 0.1418
vn -0.1418 0.9716 0.1894
vn -0.2196 0.9616 0.1647
vn 0.0095 0.6103 0.7921
vn -0.0360 0.7757 0.6300
vn -0.0071 0.6812 0.7320
vn -0.0166 0.7067 0.7073
vn 0.0477 0.9655 0.2562
vn 0.0557 0.9841 0.1685
vn 0.0797 0.9754 0.2053
vn 0.0257 0.9767 0.2129
vn 0.3642 0.9209 0.1388
vn 0.4014 0.9118 0.0862
vn 0.4573 0.8850 0.0872
vn 0.3219 0.9377 0.1309
vn 0.0078 0.6915 0.7223
vn 0.1187 0.8456 0.5204
vn 0.0942 0.8026 0.5891
vn 0.0385 0.7463 0.6645
vn 0.0363 0.9301 -0.3654
vn 0.0230 0.8643 -0.5024
vn 0.0465 0.9047 -0.4236
vn 0.0144 0.9008 -0.4341
vn 0.3069 0.9269 -0.2161
vn 0.2255 0.9143 -0.3365
vn 0.3363 0.9143 -0.2256
vn 0.2161 0.9269 -0.3070
vn 0.4341 0.9008 -0.0143
vn 0.4236 0.9047 -0.0464
vn 0.5023 0.8644 -0.0229
vn 0.3654 0.9302 -0.0362
vn -0.6648 0.7461 -0.0387
vn -0.5896 0.8022 -0.0942
vn -0.5207 0.8454 -0.1187
vn -0.7227 0.6911 -0.0081
vn -0.1309 0.9377 -0.3218
vn -0.0871 0.8851 -0.4572
vn -0.0861 0.9119 -0.4014
vn -0.1388 0.9210 -0.3641
vn -0.2129 0.9767 -0.0257
vn -0.2053 0.9754 -0.0798
vn -0.1685 0.9841 -0.0557
vn -0.2562 0.9655 -0.0477
vn -0.7522 0.6589 -0.0016
vn -0.7462 0.6657 -0.0038
vn -0.6668 0.7452 -0.0095
vn -0.8138 0.5811 0.0029
vn 0.0634 0.9975 -0.0308
vn 0.0607 0.9936 -0.0954
vn 0.0954 0.9936 -0.0607
vn 0.0308 0.9975 -0.0634
vn -0.0032 0.5812 0.8138
vn 0.0093 0.7452 0.6668
vn 0.0036 0.6658 0.7462
vn 0.0013 0.6590 0.7522
vn -0.2471 0.8548 0.4563
vn -0.4524 0.8619 0.2290
vn -0.2285 0.8616 0.4532
vn -0.4553 0.8552 0.2478
vn -0.7217 -0.6922 0.0067
vn -0.5199 -0.8460 0.1182
vn -0.6640 -0.7468 0.0378
vn -0.5879 -0.8036 0.0932
vn -0.3365 -0.9143 0.2255
vn -0.2161 -0.9269 0.3069
vn -0.3070 -0.9269 0.2161
vn -0.2256 -0.9143 0.3363
vn -0.0932 -0.8040 0.5873
vn -0.0377 -0.7471 0.6637
vn -0.1182 -0.8462 0.5196
vn -0.0064 -0.6926 0.7213
vn 0.0151 -0.9007 0.4341
vn 0.0472 -0.9046 0.4237
vn 0.0370 -0.9301 0.3655
vn 0.0239 -0.8643 0.5025
vn 0.0862 -0.9118 0.4014
vn 0.1388 -0.9209 0.3642
vn 0.1309 -0.9377 0.3219
vn 0.0872 -0.8850 0.4573
vn 0.0082 -0.6809 0.7324
vn 0.0178 -0.7061 0.7079
vn 0.0370 -0.7754 0.6304
vn -0.0080 -0.6098 0.7925
vn 0.0252 -0.9768 -0.2128
vn 0.0793 -0.9755 -0.2051
vn 0.0472 -0.9655 -0.2561
vn 0.0553 -0.9842 -0.1684
vn 0.1418 -0.9716 -0.1894
vn 0.2196 -0.9616 -0.1648
vn 0.1647 -0.9616 -0.2196
vn 0.1894 -0.9716 -0.1418
vn 0.1684 -0.9842 -0.0554
vn 0.2561 -0.9655 -0.0472
vn 0.2051 -0.9755 -0.0793
vn 0.2128 -0.9768 -0.0253
vn -0.7924 -0.6099 0.0083
vn -0.6302 -0.7755 -0.0368
vn -0.7077 -0.7063 -0.0176
vn -0.7322 -0.6810 -0.0080
vn -0.4572 -0.8851 -0.0871
vn -0.3218 -0.9377 -0.1309
vn -0.3641 -0.9210 -0.1388
vn -0.4014 -0.9119 -0.0861
vn -0.5024 -0.8643 -0.0237
vn -0.3655 -0.9301 -0.0369
vn -0.4237 -0.9046 -0.0471
vn -0.4341 -0.9007 -0.0150
vn -0.2200 -0.9614 -0.1652
vn -0.1422 -0.9715 -0.1897
vn -0.1652 -0.9614 -0.2200
vn -0.1897 -0.9715 -0.1422
vn -0.0798 -0.9754 -0.2053
vn -0.0257 -0.9767 -0.2129
vn -0.0477 -0.9655 -0.2562
vn -0.0557 -0.9841 -0.1685
vn -0.0955 -0.9936 -0.0609
vn -0.0309 -0.9975 -0.0635
vn -0.0609 -0.9936 -0.0955
vn -0.0635 -0.9975 -0.0309
vn -0.0178 -0.7061 -0.7079
vn -0.0082 -0.6809 -0.7324
vn 0.0080 -0.6098 -0.7925
vn -0.0370 -0.7754 -0.6304
vn -0.0038 -0.6657 -0.7462
vn -0.0016 -0.6589 -0.7522
vn 0.0029 -0.5811 -0.8138
vn -0.0095 -0.7452 -0.6668
vn -0.0472 -0.9046 -0.4237
vn -0.0151 -0.9007 -0.4341
vn -0.0239 -0.8643 -0.5025
vn -0.0370 -0.9301 -0.3655
vn -0.4661 -0.8480 -0.2523
vn -0.2304 -0.8580 -0.4590
vn -0.2515 -0.8476 -0.4672
vn -0.4582 -0.8583 -0.2309
vn -0.0942 -0.8022 -0.5896
vn -0.0387 -0.7461 -0.6648
vn -0.0081 -0.6911 -0.7227
vn -0.1187 -0.8454 -0.5207
vn -0.3367 -0.9141 -0.2259
vn -0.2165 -0.9266 -0.3074
vn -0.2258 -0.9141 -0.3369
vn -0.3073 -0.9267 -0.2166
vn 0.3216 -0.9379 -0.1304
vn 0.4570 -0.8852 -0.0865
vn 0.3638 -0.9211 -0.1382
vn 0.4012 -0.9120 -0.0855
vn 0.6300 -0.7757 -0.0360
vn 0.7921 -0.6103 0.0095
vn 0.7073 -0.7067 -0.0166
vn 0.7320 -0.6812 -0.0071
vn 0.6667 -0.7453 -0.0084
vn 0.8137 -0.5813 0.0043
vn 0.7460 -0.6660 -0.0026
vn 0.7521 -0.6590 -0.0004
vn 0.0377 -0.7471 -0.6637
vn 0.0932 -0.8040 -0.5873
vn 0.0064 -0.6926 -0.7213
vn 0.1182 -0.8462 -0.5196
vn 0.2290 -0.8619 -0.4524
vn 0.4563 -0.8548 -0.2471
vn 0.2478 -0.8552 -0.4553
vn 0.4532 -0.8616 -0.2285
vn 0.5199 -0.8460 -0.1182
vn 0.7217 -0.6922 -0.0067
vn 0.5879 -0.8036 -0.0932
vn 0.6640 -0.7468 -0.0378
vn 0.0002 -0.6590 -0.7521
vn 0.0024 -0.6660 -0.7459
vn -0.0046 -0.5814 -0.8136
vn 0.0082 -0.7453 -0.6666
vn 0.0069 -0.6814 -0.7319
vn 0.0164 -0.7069 -0.7072
vn -0.0097 -0.6104 -0.7920
vn 0.0358 -0.7759 -0.6299
vn 0.0854 -0.9120 -0.4011
vn 0.1382 -0.9212 -0.3638
vn 0.0864 -0.8853 -0.4569
vn 0.1303 -0.9379 -0.3215
vn 0.2165 -0.9266 0.3074
vn 0.3367 -0.9141 0.2259
vn 0.3073 -0.9267 0.2166
vn 0.2258 -0.9141 0.3369
vn 0.5204 -0.8456 0.1187
vn 0.7223 -0.6915 0.0078
vn 0.6645 -0.7463 0.0385
vn 0.5891 -0.8026 0.0942
vn 0.2304 -0.8580 0.4590
vn 0.4661 -0.8480 0.2523
vn 0.4582 -0.8583 0.2309
vn 0.2515 -0.8476 0.4672
vn 0.3655 -0.9301 0.0369
vn 0.5024 -0.8643 0.0237
vn 0.4341 -0.9007 0.0150
vn 0.4237 -0.9046 0.0471
vn 0.6668 -0.7452 0.0093
vn 0.8138 -0.5812 -0.0032
vn 0.7522 -0.6590 0.0013
vn 0.7462 -0.6658 0.0036
vn 0.6302 -0.7755 0.0368
vn 0.7924 -0.6099 -0.0083
vn 0.7322 -0.6810 0.0080
vn 0.7077 -0.7063 0.0176
vn 0.0309 -0.9975 0.0635
vn 0.0955 -0.9936 0.0609
vn 0.0635 -0.9975 0.0309
vn 0.0609 -0.9936 0.0955
vn 0.1685 -0.9841 0.0557
vn 0.2562 -0.9655 0.0477
vn 0.2129 -0.9767 0.0257
vn 0.2053 -0.9754 0.0797
vn 0.1422 -0.9715 0.1897
vn 0.2200 -0.9614 0.1652
vn 0.1897 -0.9715 0.1422
vn 0.1652 -0.9614 0.2200
vn -0.1382 -0.9212 0.3638
vn -0.0854 -0.9120 0.4011
vn -0.1303 -0.9379 0.3215
vn -0.0864 -0.8853 0.4569
vn -0.0464 -0.9047 0.4236
vn -0.0143 -0.9008 0.4341
vn -0.0362 -0.9302 0.3654
vn -0.0229 -0.8644 0.5023
vn -0.0024 -0.6660 0.7459
vn -0.0002 -0.6590 0.7521
vn -0.0082 -0.7453 0.6666
vn 0.0046 -0.5814 0.8136
vn -0.2561 -0.9655 0.0472
vn -0.1684 -0.9842 0.0554
vn -0.2128 -0.9768 0.0253
vn -0.2051 -0.9755 0.0793
vn -0.0954 -0.9936 0.0607
vn -0.0308 -0.9975 0.0634
vn -0.0634 -0.9975 0.0308
vn -0.0607 -0.9936 0.0954
vn -0.0793 -0.9755 0.2051
vn -0.0252 -0.9768 0.2128
vn -0.0553 -0.9842 0.1684
vn -0.0472 -0.9655 0.2561
vn -0.8137 -0.5813 -0.0043
vn -0.6667 -0.7453 0.0084
vn -0.7521 -0.6590 0.0004
vn -0.7460 -0.6660 0.0026
vn -0.5024 -0.8643 0.0230
vn -0.3654 -0.9301 0.0363
vn -0.4341 -0.9008 0.0144
vn -0.4236 -0.9047 0.0465
vn -0.4570 -0.8852 0.0865
vn -0.3216 -0.9379 0.1304
vn -0.4012 -0.9120 0.0855
vn -0.3638 -0.9211 0.1382
vn -0.7921 -0.6103 -0.0095
vn -0.6300 -0.7757 0.0360
vn -0.7320 -0.6812 0.0071
vn -0.7073 -0.7067 0.0166
vn -0.2196 -0.9616 0.1648
vn -0.1418 -0.9716 0.1894
vn -0.1894 -0.9716 0.1418
vn -0.1647 -0.9616 0.2196
vn -0.0164 -0.7069 0.7072
vn -0.0069 -0.6814 0.7319
vn -0.0358 -0.7759 0.6299
vn 0.0097 -0.6104 0.7920
vn 0.0257 -0.9767 0.2129
vn 0.0798 -0.9754 0.2053
vn 0.0557 -0.9841 0.1685
vn 0.0477 -0.9655 0.2562
vn 0.3218 -0.9377 0.1309
vn 0.4572 -0.8851 0.0871
vn 0.4014 -0.9119 0.0861
vn 0.3641 -0.9210 0.1388
vn 0.0387 -0.7461 0.6648
vn 0.0942 -0.8022 0.5896
vn 0.1187 -0.8454 0.5207
vn 0.0081 -0.6911 0.7227
vn 0.0143 -0.9008 -0.4341
vn 0.0464 -0.9047 -0.4236
vn 0.0229 -0.8644 -0.5023
vn 0.0362 -0.9302 -0.3654
vn 0.2161 -0.9269 -0.3069
vn 0.3365 -0.9143 -0.2255
vn 0.2256 -0.9143 -0.3363
vn 0.3070 -0.9269 -0.2161
vn 0.3654 -0.9301 -0.0363
vn 0.5024 -0.8643 -0.0230
vn 0.4236 -0.9047 -0.0465
vn 0.4341 -0.9008 -0.0144
vn -0.7223 -0.6915 -0.0078
vn -0.5204 -0.8456 -0.1187
vn -0.5891 -0.8026 -0.0942
vn -0.6645 -0.7463 -0.0385
vn -0.1388 -0.9209 -0.3642
vn -0.0862 -0.9118 -0.4014
vn -0.0872 -0.8850 -0.4573
vn -0.1309 -0.9377 -0.3219
vn -0.2562 -0.9655 -0.0477
vn -0.1685 -0.9841 -0.0557
vn -0.2053 -0.9754 -0.0797
vn -0.2129 -0.9767 -0.0257
vn -0.8138 -0.5812 0.0032
vn -0.6668 -0.7452 -0.0093
vn -0.7462 -0.6658 -0.0036
vn -0.7522 -0.6590 -0.0013
vn 0.0308 -0.9975 -0.0634
vn 0.0954 -0.9936 -0.0607
vn 0.0607 -0.9936 -0.0954
vn 0.0634 -0.9975 -0.0308
vn 0.0016 -0.6589 0.7522
vn 0.0038 -0.6657 0.7462
vn 0.0095 -0.7452 0.6668
vn -0.0029 -0.5811 0.8138
vn -0.4563 -0.8548 0.2471
vn -0.2290 -0.8619 0.4524
vn -0.4532 -0.8616 0.2285
vn -0.2478 -0.8552 0.4553
vn -0.2893 -0.9128 0.2882
vn -0.0010 -0.5791 0.8153
vn 0.0313 -0.9990 -0.0313
vn -0.8153 -0.5791 0.0012
vn -0.2594 -0.9655 -0.0235
vn -0.1637 -0.9390 -0.3023
vn -0.7485 -0.6631 0.0032
vn 0.3692 -0.9292 -0.0176
vn 0.2496 -0.9356 -0.2496
vn 0.0175 -0.9292 -0.3692
vn -0.0029 -0.6628 0.7488
vn 0.3023 -0.9390 0.1637
vn 0.0235 -0.9655 0.2594
vn 0.0096 -0.6239 0.7814
vn -0.2039 -0.9575 0.2039
vn -0.7816 -0.6237 -0.0094
vn -0.4359 -0.8932 0.1103
vn -0.4959 -0.8676 0.0360
vn -0.8107 -0.5854 -0.0063
vn -0.0727 -0.9654 0.2506
vn -0.0929 -0.9913 0.0929
vn -0.2506 -0.9654 0.0727
vn 0.0066 -0.5855 0.8107
vn -0.0359 -0.8677 0.4958
vn -0.1102 -0.8933 0.4358
vn 0.1310 -0.9636 0.2328
vn 0.1645 -0.9827 0.0852
vn 0.0301 -0.9948 0.0970
vn 0.6125 -0.7889 0.0487
vn 0.6617 -0.7496 0.0144
vn 0.3591 -0.9316 0.0568
vn 0.1287 -0.8057 0.5781
vn 0.4706 -0.8668 0.1646
vn 0.1778 -0.9090 0.3770
vn 0.1023 -0.9358 -0.3373
vn 0.0266 -0.7649 -0.6436
vn 0.0036 -0.7427 -0.6696
vn 0.5589 -0.8247 -0.0863
vn 0.3264 -0.8872 -0.3259
vn 0.0862 -0.8249 -0.5586
vn 0.6696 -0.7427 -0.0038
vn 0.6437 -0.7648 -0.0268
vn 0.3374 -0.9358 -0.1024
vn -0.3769 -0.9090 -0.1778
vn -0.1646 -0.8666 -0.4710
vn -0.5771 -0.8064 -0.1291
vn -0.0569 -0.9316 -0.3591
vn -0.0146 -0.7496 -0.6618
vn -0.0489 -0.7888 -0.6127
vn -0.0970 -0.9948 -0.0301
vn -0.0853 -0.9827 -0.1645
vn -0.2328 -0.9637 -0.1310
vn -0.5062 -0.8623 -0.0117
vn -0.4738 -0.8780 -0.0676
vn -0.8004 -0.5994 0.0081
vn 0.1708 -0.9849 -0.0272
vn 0.1511 -0.9769 -0.1511
vn 0.0271 -0.9849 -0.1708
vn -0.0079 -0.5993 0.8005
vn 0.0677 -0.8780 0.4739
vn 0.0118 -0.8623 0.5062
vn -0.0283 -0.7272 0.6858
vn -0.2880 -0.9133 0.2878
vn -0.6864 -0.7267 0.0285
vn -0.2882 0.9128 0.2893
vn -0.0012 0.5791 0.8153
vn 0.0313 0.9990 -0.0313
vn -0.8153 0.5790 0.0010
vn -0.2594 0.9655 -0.0235
vn -0.1637 0.9390 -0.3023
vn -0.7488 0.6628 0.0029
vn 0.3692 0.9292 -0.0175
vn 0.2496 0.9356 -0.2496
vn 0.0176 0.9292 -0.3692
vn -0.0032 0.6631 0.7485
vn 0.3023 0.9390 0.1637
vn 0.0235 0.9655 0.2594
vn 0.0094 0.6237 0.7816
vn -0.2039 0.9575 0.2039
vn -0.7814 0.6239 -0.0096
vn -0.4358 0.8933 0.1102
vn -0.4958 0.8677 0.0359
vn -0.8107 0.5855 -0.0066
vn -0.0727 0.9654 0.2506
vn -0.0929 0.9913 0.0929
vn -0.2506 0.9654 0.0727
vn 0.0063 0.5854 0.8107
vn -0.0360 0.8676 0.4959
vn -0.1103 0.8932 0.4359
vn 0.1310 0.9637 0.2328
vn 0.1645 0.9827 0.0853
vn 0.0301 0.9948 0.0970
vn 0.6127 0.7888 0.0489
vn 0.6618 0.7496 0.0146
vn 0.3591 0.9316 0.0569
vn 0.1291 0.8064 0.5771
vn 0.4710 0.8666 0.1646
vn 0.1778 0.9090 0.3769
vn 0.1024 0.9358 -0.3374
vn 0.0268 0.7648 -0.6437
vn 0.0038 0.7427 -0.6696
vn 0.5586 0.8249 -0.0862
vn 0.3259 0.8872 -0.3264
vn 0.0863 0.8247 -0.5589
vn 0.6696 0.7427 -0.0036
vn 0.6436 0.7649 -0.0266
vn 0.3373 0.9358 -0.1023
vn -0.3770 0.9090 -0.1778
vn -0.1646 0.8668 -0.4706
vn -0.5781 0.8057 -0.1287
vn -0.0568 0.9316 -0.3591
vn -0.0144 0.7496 -0.6617
vn -0.0487 0.7889 -0.6125
vn -0.0970 0.9948 -0.0301
vn -0.0852 0.9827 -0.1645
vn -0.2328 0.9636 -0.1310
vn -0.5062 0.8623 -0.0118
vn -0.4739 0.8780 -0.0677
vn -0.8005 0.5993 0.0079
vn 0.1708 0.9849 -0.0271
vn 0.1511 0.9769 -0.1511
vn 0.0272 0.9849 -0.1708
vn -0.0081 0.5994 0.8004
vn 0.0676 0.8780 0.4738
vn 0.0117 0.8623 0.5062
vn -0.0285 0.7267 0.6864
vn -0.2878 0.9133 0.2880
vn -0.6858 0.7272 0.0283
vn -0.9891 -0.1311 -0.0664
vn -0.1009 -0.1485 0.9838
vn -0.9909 0.1263 -0.0460
vn -0.0928 0.1355 0.9864
vn -0.2266 0.0222 0.9737
vn -0.9966 -0.0496 0.0659
vn 0.0684 -0.0496 0.9964
vn 0.9988 -0.0473 0.0084
vn 0.0069 -0.0473 -0.9989
vn 0.9938 -0.0549 0.0965
vn -0.9988 -0.0473 -0.0084
vn 0.0955 -0.0550 -0.9939
vn -0.0069 -0.0473 0.9989
vn -0.9938 -0.0549 -0.0965
vn 0.9776 0.0165 0.2097
vn -0.0955 -0.0550 0.9939
vn 0.2266 0.0221 -0.9737
vn 0.9966 -0.0496 -0.0659
vn -0.9776 0.0166 -0.2097
vn -0.0684 -0.0496 -0.9964
vn 0.9832 -0.1479 0.1068
vn -0.9658 0.1671 0.1983
vn 0.9919 0.1247 -0.0253
vn -0.9877 0.1392 -0.0710
vn 0.1068 0.1479 0.9832
vn -0.9910 -0.1264 0.0449
vn 0.9877 0.1392 0.0710
vn -0.9708 -0.1563 -0.1820
vn 0.9708 -0.1563 0.1820
vn -0.9918 -0.1248 -0.0271
vn -0.9923 -0.1237 0.0068
vn -0.9864 -0.1355 0.0928
vn 0.9864 -0.1354 -0.0928
vn -0.9923 0.1237 -0.0083
vn -0.9919 0.1247 0.0253
vn -0.9838 0.1485 0.1009
vn 0.9838 0.1485 -0.1009
vn 0.0460 -0.1263 0.9909
vn -0.0460 -0.1263 -0.9909
vn 0.0664 0.1311 0.9891
vn -0.0279 -0.0472 -0.9985
vn 0.1105 -0.0562 0.9923
vn -0.9985 -0.0472 0.0261
vn 0.0279 -0.0472 0.9985
vn 0.9977 -0.0493 0.0472
vn 0.0461 -0.0493 -0.9977
vn 0.9955 -0.0639 0.0705
vn -0.9977 -0.0493 -0.0472
vn 0.0615 -0.0664 -0.9959
vn -0.0461 -0.0493 0.9977
vn -0.9955 -0.0639 -0.0705
vn 0.9929 -0.0564 -0.1047
vn -0.0615 -0.0664 0.9959
vn -0.1105 -0.0562 -0.9923
vn 0.9985 -0.0472 -0.0261
vn -0.9929 -0.0564 0.1047
vn -0.9863 0.1355 -0.0938
vn -0.1983 -0.1671 0.9658
vn 0.0939 -0.1355 0.9863
vn 0.9863 0.1355 0.0939
vn 0.9658 0.1671 -0.1983
vn -0.9876 -0.1447 0.0613
vn 0.9876 -0.1447 -0.0613
vn -0.9893 0.1311 0.0639
vn 0.1009 -0.1485 -0.9838
vn 0.0083 -0.1237 0.9923
vn -0.0664 0.1311 -0.9891
vn 0.1820 0.1562 0.9708
vn 0.0928 0.1354 -0.9864
vn 0.0271 0.1248 0.9918
vn -0.0613 0.1447 0.9876
vn -0.1820 0.1563 -0.9708
vn 0.9918 -0.1248 0.0271
vn 0.9923 0.1237 0.0083
vn -0.0710 -0.1392 -0.9877
vn 0.0613 0.1447 -0.9876
vn 0.9891 -0.1311 0.0664
vn -0.0253 -0.1247 0.9919
vn 0.1983 -0.1671 -0.9658
vn 0.9909 0.1263 0.0460
vn -0.0939 -0.1355 -0.9863
vn -0.0068 0.1237 0.9923
vn 0.0253 -0.1247 -0.9919
vn -0.0639 -0.1311 0.9893
vn -0.1068 0.1479 -0.9832
vn 0.0068 0.1237 -0.9923
vn 0.9910 -0.1264 -0.0449
vn -0.0449 0.1264 0.9910
vn 0.0639 -0.1311 -0.9893
vn -0.0083 -0.1237 -0.9923
vn -0.9832 -0.1479 -0.1068
vn -0.0271 0.1248 -0.9918
vn 0.9893 0.1311 -0.0639
vn 0.0449 0.1264 -0.9910
vn 0.0710 -0.1392 0.9877
vn 0.9923 -0.1237 -0.0068
vn 0.0159 0.4384 -0.8986
vn -0.0072 -0.2985 -0.9544
vn -0.0054 0.4344 -0.9007
vn 0.0211 -0.3009 -0.9534
vn -0.0287 0.4500 -0.8926
vn -0.0388 -0.3061 -0.9512
vn 0.0543 0.5007 0.8639
vn 0.0627 -0.3815 0.9222
vn 0.0062 0.6524 0.7579
vn 0.0782 -0.3308 0.9404
vn -0.6068 0.7806 0.1495
vn -0.9325 -0.3196 0.1681
vn 0.0287 0.4500 0.8926
vn 0.0388 -0.3060 0.9512
vn -0.9007 0.4344 0.0039
vn -0.9512 -0.3062 0.0376
vn -0.8927 0.4499 0.0275
vn -0.9544 -0.2985 0.0057
vn -0.8642 0.5003 0.0531
vn -0.9405 -0.3309 0.0770
vn -0.8985 0.4386 -0.0176
vn -0.9534 -0.3009 -0.0228
vn 0.0054 0.4344 0.9007
vn 0.0072 -0.2985 0.9544
vn -0.0159 0.4384 0.8986
vn -0.0211 -0.3008 0.9534
vn 0.8829 0.4677 0.0409
vn 0.9534 -0.3009 0.0228
vn 0.8985 0.4386 0.0176
vn 0.9470 -0.3164 0.0556
vn 0.9007 0.4344 -0.0039
vn 0.9544 -0.2985 -0.0057
vn 0.8273 0.5595 0.0509
vn 0.9291 -0.3595 0.0865
vn 0.0389 0.4674 -0.8832
vn 0.0533 -0.3165 -0.9471
vn 0.0454 0.5590 -0.8279
vn 0.0800 -0.3615 -0.9289
vn 0.6068 0.7806 -0.1495
vn 0.9325 -0.3196 -0.1681
vn -0.0062 0.6524 -0.7579
vn -0.0627 -0.3815 -0.9222
vn -0.8829 0.4677 -0.0409
vn -0.9470 -0.3164 -0.0556
vn -0.8273 0.5595 -0.0509
vn -0.9291 -0.3595 -0.0865
vn -0.1409 0.7906 -0.5959
vn -0.1526 -0.3566 -0.9217
vn -0.7613 0.6484 -0.0050
vn -0.9190 -0.3911 0.0500
vn -0.0389 0.4674 0.8832
vn -0.0533 -0.3165 0.9471
vn -0.0454 0.5590 0.8279
vn -0.0800 -0.3615 0.9289
vn 0.8642 0.5003 -0.0531
vn 0.9190 -0.3911 -0.0500
vn 0.7613 0.6484 0.0050
vn 0.9405 -0.3309 -0.0770
vn 0.1409 0.7906 0.5959
vn 0.1526 -0.3566 0.9217
vn 0.8927 0.4499 -0.0275
vn 0.9512 -0.3062 -0.0376
vn -0.0543 0.5007 -0.8639
vn -0.0782 -0.3308 -0.9404
vn -0.0874 -0.3563 -0.9303
vn -0.0509 -0.5595 -0.8273
vn -0.0548 -0.4998 -0.8644
vn -0.0502 0.5604 -0.8267
vn -0.0865 0.3595 -0.9291
vn -0.0776 0.3331 -0.9397
vn 0.9476 -0.3149 -0.0537
vn 0.8832 -0.4674 -0.0389
vn 0.8929 -0.4494 -0.0278
vn 0.8829 0.4680 -0.0385
vn 0.9471 0.3165 -0.0533
vn 0.9509 0.3073 -0.0373
vn -0.0494 -0.3963 0.9168
vn 0.0050 -0.6484 0.7613
vn 0.1400 -0.7917 0.5946
vn 0.0047 0.6473 0.7622
vn -0.0500 0.3911 0.9190
vn 0.1536 0.3506 0.9239
vn 0.9301 -0.3582 -0.0810
vn 0.8279 -0.5590 -0.0454
vn 0.8647 -0.4994 -0.0537
vn 0.5946 0.7917 0.1400
vn 0.9217 0.3566 0.1527
vn 0.9168 0.3962 -0.0494
vn 0.9239 -0.3506 0.1536
vn 0.5959 -0.7906 0.1409
vn 0.7622 -0.6473 0.0047
vn 0.8274 0.5599 -0.0446
vn 0.9289 0.3615 -0.0800
vn 0.9397 0.3332 -0.0764
vn -0.0764 -0.3332 0.9397
vn -0.0531 -0.5003 0.8642
vn -0.0446 -0.5599 0.8274
vn -0.0537 0.4994 0.8647
vn -0.0770 0.3309 0.9405
vn -0.0810 0.3582 0.9301
vn -0.0373 -0.3073 0.9509
vn -0.0275 -0.4499 0.8927
vn -0.0385 -0.4680 0.8829
vn -0.0278 0.4494 0.8929
vn -0.0376 0.3062 0.9512
vn -0.0537 0.3149 0.9476
vn -0.9239 -0.3506 -0.1536
vn -0.5959 -0.7906 -0.1409
vn -0.7622 -0.6473 -0.0047
vn -0.5946 0.7917 -0.1400
vn -0.9217 0.3566 -0.1526
vn -0.9168 0.3962 0.0494
vn 0.0494 -0.3963 -0.9168
vn -0.0050 -0.6484 -0.7613
vn -0.1400 -0.7917 -0.5946
vn -0.0047 0.6473 -0.7622
vn 0.0500 0.3911 -0.9190
vn -0.1536 0.3506 -0.9239
vn -0.9397 -0.3331 -0.0776
vn -0.8639 -0.5007 -0.0543
vn -0.8267 -0.5604 -0.0502
vn -0.8644 0.4998 -0.0548
vn -0.9404 0.3308 -0.0782
vn -0.9303 0.3563 -0.0874
vn -0.9509 -0.3071 -0.0385
vn -0.8926 -0.4500 -0.0287
vn -0.8826 -0.4683 -0.0405
vn -0.8928 0.4495 -0.0290
vn -0.9512 0.3061 -0.0388
vn -0.9475 0.3149 -0.0560
vn 0.1690 -0.3138 -0.9343
vn 0.1495 -0.7806 -0.6068
vn -0.0065 -0.6514 -0.7587
vn 0.1486 0.7817 -0.6056
vn 0.1681 0.3196 -0.9325
vn -0.0621 0.3864 -0.9202
vn 0.9202 -0.3864 0.0621
vn 0.7579 -0.6524 0.0062
vn 0.6056 -0.7817 -0.1486
vn 0.7587 0.6514 0.0065
vn 0.9222 0.3815 0.0627
vn 0.9343 0.3138 -0.1690
vn 0.0764 -0.3332 -0.9397
vn 0.0531 -0.5003 -0.8642
vn 0.0446 -0.5599 -0.8273
vn 0.0537 0.4994 -0.8647
vn 0.0770 0.3309 -0.9405
vn 0.0810 0.3582 -0.9301
vn 0.0373 -0.3073 -0.9509
vn 0.0275 -0.4499 -0.8927
vn 0.0385 -0.4680 -0.8829
vn 0.0278 0.4494 -0.8929
vn 0.0376 0.3062 -0.9512
vn 0.0537 0.3149 -0.9476
vn 0.9397 -0.3331 0.0776
vn 0.8639 -0.5007 0.0543
vn 0.8267 -0.5604 0.0502
vn 0.8644 0.4998 0.0548
vn 0.9404 0.3308 0.0782
vn 0.9303 0.3563 0.0874
vn 0.9536 -0.3003 -0.0213
vn 0.8986 -0.4384 -0.0159
vn 0.9007 -0.4343 -0.0042
vn 0.8985 0.4387 -0.0156
vn 0.9534 0.3009 -0.0211
vn 0.9543 0.2987 -0.0055
vn 0.9509 -0.3071 0.0385
vn 0.8926 -0.4500 0.0287
vn 0.8826 -0.4683 0.0405
vn 0.9007 0.4343 0.0057
vn 0.9544 0.2985 0.0072
vn 0.9536 0.3003 0.0230
vn 0.9543 -0.2987 0.0070
vn 0.9007 -0.4344 0.0054
vn 0.8984 -0.4389 0.0173
vn 0.8928 0.4495 0.0290
vn 0.9512 0.3060 0.0388
vn 0.9475 0.3149 0.0560
vn -0.0055 -0.2987 0.9543
vn -0.0039 -0.4344 0.9007
vn -0.0156 -0.4387 0.8985
vn -0.0042 0.4343 0.9008
vn -0.0057 0.2985 0.9544
vn -0.0213 0.3003 0.9536
vn 0.0230 -0.3003 0.9536
vn 0.0176 -0.4386 0.8985
vn 0.0057 -0.4343 0.9007
vn 0.0173 0.4389 0.8984
vn 0.0228 0.3009 0.9534
vn 0.0070 0.2987 0.9543
vn -0.9543 -0.2987 -0.0070
vn -0.9007 -0.4344 -0.0054
vn -0.8984 -0.4389 -0.0173
vn -0.9007 0.4343 -0.0057
vn -0.9544 0.2985 -0.0072
vn -0.9536 0.3003 -0.0230
vn -0.9301 -0.3582 0.0810
vn -0.8279 -0.5590 0.0454
vn -0.8647 -0.4994 0.0537
vn -0.8273 0.5599 0.0446
vn -0.9289 0.3615 0.0800
vn -0.9397 0.3333 0.0764
vn -0.9536 -0.3003 0.0213
vn -0.8986 -0.4384 0.0159
vn -0.9008 -0.4343 0.0042
vn -0.8829 0.4680 0.0385
vn -0.9471 0.3165 0.0533
vn -0.9509 0.3073 0.0373
vn -0.9476 -0.3149 0.0537
vn -0.8832 -0.4674 0.0389
vn -0.8929 -0.4494 0.0278
vn -0.8985 0.4387 0.0156
vn -0.9534 0.3009 0.0211
vn -0.9543 0.2987 0.0055
vn 0.0560 -0.3149 0.9475
vn 0.0409 -0.4677 0.8829
vn 0.0290 -0.4495 0.8928
vn 0.0405 0.4683 0.8826
vn 0.0556 0.3164 0.9470
vn 0.0385 0.3071 0.9509
vn -0.9202 -0.3864 -0.0621
vn -0.7579 -0.6524 -0.0062
vn -0.6056 -0.7817 0.1486
vn -0.7587 0.6514 -0.0065
vn -0.9222 0.3815 -0.0627
vn -0.9343 0.3138 0.1690
vn 0.0874 -0.3563 0.9303
vn 0.0509 -0.5595 0.8273
vn 0.0548 -0.4998 0.8644
vn -0.1486 0.7817 0.6056
vn -0.1681 0.3197 0.9325
vn 0.0621 0.3864 0.9202
vn -0.1690 -0.3138 0.9343
vn -0.1495 -0.7806 0.6068
vn 0.0065 -0.6514 0.7587
vn 0.0502 0.5604 0.8267
vn 0.0865 0.3595 0.9291
vn 0.0776 0.3331 0.9397
vn -0.0560 -0.3149 -0.9475
vn -0.0409 -0.4677 -0.8829
vn -0.0290 -0.4495 -0.8928
vn -0.0405 0.4683 -0.8826
vn -0.0556 0.3164 -0.9470
vn -0.0385 0.3071 -0.9509
vn 0.0055 -0.2987 -0.9543
vn 0.0039 -0.4344 -0.9007
vn 0.0156 -0.4387 -0.8985
vn -0.0173 0.4389 -0.8984
vn -0.0228 0.3009 -0.9534
vn -0.0070 0.2987 -0.9543
vn -0.0230 -0.3003 -0.9536
vn -0.0176 -0.4386 -0.8985
vn -0.0057 -0.4343 -0.9007
vn 0.0042 0.4343 -0.9007
vn 0.0057 0.2985 -0.9544
vn 0.0213 0.3003 -0.9536
vn 0.9919 -0.1241 -0.0254
vn 0.9781 -0.2066 -0.0239
vn 0.9786 -0.2058 -0.0064
vn -0.1984 0.1726 0.9648
vn -0.1779 0.0882 0.9801
vn 0.0727 -0.2409 0.9678
vn 0.0641 0.1294 -0.9895
vn 0.0603 0.2158 -0.9746
vn 0.0422 0.2105 -0.9767
vn 0.9908 0.1275 -0.0448
vn 0.9765 0.2116 -0.0420
vn 0.9742 0.2175 -0.0600
vn -0.0082 0.1239 -0.9923
vn -0.0078 0.2059 -0.9785
vn -0.0255 0.2073 -0.9779
vn -0.9860 -0.1380 -0.0936
vn -0.9696 -0.2285 -0.0877
vn -0.9645 -0.2445 -0.0996
vn -0.0272 -0.1241 -0.9919
vn -0.0257 -0.2067 -0.9781
vn -0.0079 -0.2057 -0.9786
vn 0.0448 -0.1275 -0.9908
vn 0.0420 -0.2116 -0.9765
vn 0.0600 -0.2175 -0.9742
vn -0.0641 0.1294 0.9895
vn -0.0603 0.2158 0.9746
vn -0.0422 0.2105 0.9767
vn 0.9895 -0.1294 -0.0641
vn 0.9746 -0.2158 -0.0603
vn 0.9767 -0.2105 -0.0422
vn 0.0254 0.1241 -0.9919
vn 0.0239 0.2066 -0.9781
vn 0.0064 0.2058 -0.9786
vn -0.0936 0.1380 -0.9860
vn -0.0877 0.2285 -0.9696
vn -0.0996 0.2444 -0.9645
vn -0.0448 -0.1275 0.9908
vn -0.0420 -0.2116 0.9765
vn -0.0600 -0.2175 0.9742
vn 0.0067 -0.1239 -0.9923
vn 0.0062 -0.2060 -0.9785
vn 0.0237 -0.2073 -0.9780
vn -0.0254 0.1241 0.9919
vn -0.0239 0.2066 0.9781
vn -0.0064 0.2058 0.9786
vn -0.1073 -0.1436 -0.9838
vn -0.1004 -0.2405 -0.9655
vn -0.0881 -0.2260 -0.9701
vn 0.9894 0.1294 0.0666
vn 0.9744 0.2158 0.0627
vn 0.9767 0.2103 0.0434
vn -0.0708 0.1460 -0.9867
vn -0.0722 0.2474 -0.9662
vn 0.1777 -0.0819 -0.9807
vn -0.0067 -0.1239 0.9923
vn -0.0062 -0.2060 0.9785
vn -0.0237 -0.2073 0.9780
vn 0.9908 -0.1274 0.0459
vn 0.9764 -0.2115 0.0431
vn 0.9741 -0.2175 0.0624
vn -0.1821 -0.1620 -0.9698
vn -0.1622 -0.0707 -0.9842
vn 0.0618 0.2489 -0.9666
vn 0.1984 0.1726 -0.9648
vn 0.1779 0.0882 -0.9801
vn -0.0727 -0.2409 -0.9678
vn 0.9919 0.1241 0.0272
vn 0.9781 0.2067 0.0257
vn 0.9786 0.2057 0.0079
vn 0.9923 -0.1239 0.0082
vn 0.9785 -0.2059 0.0078
vn 0.9779 -0.2073 0.0255
vn 0.0612 -0.1517 -0.9865
vn 0.0614 -0.2555 -0.9649
vn -0.1620 0.0639 -0.9847
vn 0.1821 -0.1620 0.9698
vn 0.1622 -0.0707 0.9842
vn -0.0618 0.2489 0.9666
vn 0.0082 0.1239 0.9923
vn 0.0078 0.2059 0.9785
vn 0.0255 0.2073 0.9779
vn 0.1014 0.1440 -0.9844
vn 0.0942 0.2414 -0.9659
vn 0.0871 0.2260 -0.9702
vn -0.0612 -0.1517 0.9865
vn -0.0614 -0.2555 0.9649
vn 0.1620 0.0639 0.9847
vn -0.0459 0.1274 -0.9908
vn -0.0431 0.2115 -0.9764
vn -0.0624 0.2175 -0.9741
vn 0.0272 -0.1241 0.9919
vn 0.0257 -0.2067 0.9781
vn 0.0079 -0.2057 0.9786
vn 0.0925 -0.1380 -0.9861
vn 0.0866 -0.2285 -0.9697
vn 0.0934 -0.2455 -0.9649
vn -0.9908 0.1275 0.0448
vn -0.9765 0.2116 0.0420
vn -0.9742 0.2175 0.0600
vn 0.9698 0.1620 0.1821
vn 0.9842 0.0707 0.1622
vn 0.9666 -0.2489 -0.0618
vn -0.9698 0.1620 -0.1821
vn -0.9842 0.0707 -0.1622
vn -0.9666 -0.2489 0.0618
vn 0.9867 -0.1460 0.0708
vn 0.9662 -0.2474 0.0722
vn 0.9807 0.0819 -0.1777
vn 0.9838 0.1436 0.1073
vn 0.9655 0.2405 0.1004
vn 0.9701 0.2260 0.0881
vn 0.1073 -0.1436 0.9838
vn 0.1004 -0.2404 0.9655
vn 0.0881 -0.2260 0.9701
vn 0.0708 0.1460 0.9867
vn 0.0722 0.2474 0.9662
vn -0.1777 -0.0819 0.9807
vn -0.9838 0.1436 -0.1073
vn -0.9655 0.2405 -0.1004
vn -0.9701 0.2260 -0.0881
vn -0.9940 -0.0524 0.0956
vn -0.9939 0.0550 0.0955
vn -0.9927 0.0609 0.1045
vn 0.9989 -0.0471 -0.0069
vn 0.9989 0.0473 -0.0069
vn 0.9985 0.0479 -0.0261
vn -0.0966 -0.0525 -0.9939
vn -0.0965 0.0549 -0.9938
vn -0.1103 0.0606 -0.9920
vn 0.2096 0.0118 0.9777
vn 0.2097 -0.0165 0.9776
vn -0.0615 0.0600 0.9963
vn 0.9940 -0.0525 -0.0956
vn 0.9939 0.0550 -0.0955
vn 0.9927 0.0609 -0.1045
vn -0.9738 0.0175 0.2265
vn -0.9737 -0.0222 0.2266
vn -0.9958 0.0577 -0.0705
vn -0.0658 -0.0514 0.9965
vn -0.0659 0.0496 0.9966
vn -0.0462 0.0482 0.9978
vn -0.2096 0.0118 -0.9777
vn -0.2097 -0.0166 -0.9776
vn 0.0615 0.0600 -0.9963
vn -0.9963 -0.0513 -0.0684
vn -0.9964 0.0496 -0.0684
vn -0.9977 0.0481 -0.0473
vn 0.9738 0.0175 -0.2265
vn 0.9737 -0.0222 -0.2266
vn 0.9958 0.0577 0.0705
vn 0.0658 -0.0514 -0.9965
vn 0.0659 0.0496 -0.9966
vn 0.0462 0.0482 -0.9978
vn 0.9963 -0.0513 0.0684
vn 0.9964 0.0496 0.0684
vn 0.9977 0.0481 0.0473
vn 0.0084 -0.0470 0.9989
vn 0.0084 0.0473 0.9988
vn 0.0279 0.0479 0.9985
vn -0.9989 -0.0471 0.0069
vn -0.9989 0.0473 0.0069
vn -0.9985 0.0479 0.0261
vn 0.0966 -0.0525 0.9939
vn 0.0965 0.0549 0.9938
vn 0.1103 0.0606 0.9920
vn -0.0084 -0.0470 -0.9989
vn -0.0084 0.0473 -0.9988
vn -0.0279 0.0478 -0.9985
vn 0.0459 0.1274 0.9908
vn 0.0431 0.2115 0.9764
vn 0.0624 0.2175 0.9741
vn -0.0666 -0.1294 -0.9894
vn -0.0627 -0.2158 -0.9744
vn -0.0434 -0.2103 -0.9767
vn 0.0666 -0.1294 0.9894
vn 0.0627 -0.2158 0.9744
vn 0.0434 -0.2103 0.9767
vn 0.9861 0.1380 -0.0925
vn 0.9697 0.2285 -0.0866
vn 0.9649 0.2455 -0.0934
vn -0.9861 0.1380 0.0925
vn -0.9697 0.2285 0.0866
vn -0.9649 0.2455 0.0934
vn -0.9923 0.1239 0.0067
vn -0.9785 0.2060 0.0062
vn -0.9780 0.2073 0.0237
vn -0.9919 0.1241 -0.0272
vn -0.9781 0.2067 -0.0257
vn -0.9786 0.2057 -0.0079
vn 0.9844 -0.1440 -0.1014
vn 0.9658 -0.2414 -0.0942
vn 0.9702 -0.2259 -0.0871
vn -0.9844 -0.1440 0.1014
vn -0.9658 -0.2414 0.0942
vn -0.9702 -0.2259 0.0871
vn -0.9919 -0.1241 0.0254
vn -0.9781 -0.2066 0.0239
vn -0.9786 -0.2058 0.0064
vn -0.9923 -0.1239 -0.0082
vn -0.9785 -0.2059 -0.0078
vn -0.9779 -0.2073 -0.0255
vn 0.9865 0.1517 -0.0612
vn 0.9649 0.2555 -0.0614
vn 0.9847 -0.0640 0.1620
vn -0.9865 0.1517 0.0612
vn -0.9649 0.2555 0.0614
vn -0.9847 -0.0639 -0.1620
vn 0.9648 -0.1726 -0.1984
vn 0.9801 -0.0882 -0.1779
vn 0.9678 0.2409 0.0727
vn -0.9895 -0.1294 0.0641
vn -0.9746 -0.2158 0.0603
vn -0.9767 -0.2105 0.0422
vn 0.0936 0.1380 0.9860
vn 0.0877 0.2285 0.9696
vn 0.0996 0.2445 0.9645
vn -0.9648 -0.1726 0.1984
vn -0.9801 -0.0882 0.1779
vn -0.9678 0.2409 -0.0727
vn 0.9923 0.1239 -0.0067
vn 0.9785 0.2060 -0.0062
vn 0.9780 0.2073 -0.0237
vn -0.9867 -0.1460 -0.0708
vn -0.9662 -0.2474 -0.0722
vn -0.9807 0.0819 0.1777
vn 0.9860 -0.1380 0.0936
vn 0.9696 -0.2285 0.0877
vn 0.9645 -0.2444 0.0996
vn -0.0473 -0.0481 -0.9977
vn -0.0472 0.0493 -0.9977
vn -0.0684 0.0513 -0.9963
vn -0.9963 -0.0600 0.0615
vn -0.9959 0.0664 0.0615
vn -0.9777 -0.0118 -0.2096
vn 0.9978 -0.0482 -0.0462
vn 0.9977 0.0493 -0.0461
vn 0.9965 0.0514 -0.0658
vn -0.0705 -0.0577 -0.9958
vn -0.0705 0.0639 -0.9955
vn 0.2265 -0.0175 -0.9738
vn -0.1045 -0.0609 0.9927
vn -0.1047 0.0564 0.9929
vn -0.0956 0.0524 0.9940
vn 0.9963 -0.0600 -0.0615
vn 0.9959 0.0664 -0.0615
vn 0.9777 -0.0118 0.2096
vn -0.9920 -0.0606 -0.1103
vn -0.9923 0.0562 -0.1105
vn -0.9939 0.0525 -0.0966
vn -0.0261 -0.0479 0.9985
vn -0.0261 0.0472 0.9985
vn -0.0069 0.0470 0.9989
vn 0.1046 -0.0609 -0.9927
vn 0.1047 0.0564 -0.9929
vn 0.0956 0.0524 -0.9940
vn -0.9985 -0.0479 -0.0279
vn -0.9985 0.0472 -0.0279
vn -0.9989 0.0470 -0.0084
vn 0.9920 -0.0606 0.1103
vn 0.9923 0.0562 0.1105
vn 0.9939 0.0525 0.0966
vn 0.0261 -0.0479 -0.9985
vn 0.0261 0.0472 -0.9985
vn 0.0069 0.0471 -0.9989
vn 0.9985 -0.0479 0.0279
vn 0.9985 0.0472 0.0279
vn 0.9989 0.0470 0.0084
vn 0.0473 -0.0481 0.9977
vn 0.0472 0.0493 0.9977
vn 0.0684 0.0513 0.9963
vn -0.9978 -0.0482 0.0462
vn -0.9977 0.0493 0.0461
vn -0.9965 0.0514 0.0658
vn 0.0705 -0.0577 0.9958
vn 0.0705 0.0639 0.9955
vn -0.2265 -0.0175 0.9738
vn -0.1014 0.1440 0.9844
vn -0.0942 0.2414 0.9659
vn -0.0871 0.2259 0.9702
vn -0.9894 0.1294 -0.0666
vn -0.9744 0.2158 -0.0627
vn -0.9767 0.2103 -0.0434
vn -0.0925 -0.1380 0.9861
vn -0.0866 -0.2285 0.9697
vn -0.0934 -0.2455 0.9649
vn -0.9908 -0.1274 -0.0459
vn -0.9764 -0.2115 -0.0431
vn -0.9741 -0.2175 -0.0624
vn -0.4696 0.8675 0.1644
vn -0.5586 0.8249 0.0862
vn -0.7477 0.6640 -0.0041
vn -0.1774 0.9092 0.3766
vn -0.2496 0.9356 0.2496
vn -0.3764 0.9093 0.1774
vn 0.0038 0.6637 0.7479
vn -0.0863 0.8247 0.5589
vn -0.1643 0.8672 0.4700
vn 0.0367 0.8676 0.4960
vn 0.0568 0.9316 0.3591
vn 0.0181 0.9292 0.3692
vn 0.1109 0.8930 0.4361
vn 0.1637 0.9390 0.3023
vn 0.1029 0.9357 0.3376
vn -0.0081 0.6232 0.7821
vn 0.0487 0.7889 0.6125
vn 0.0276 0.7646 0.6439
vn 0.0849 0.9827 -0.1643
vn 0.0727 0.9654 -0.2506
vn 0.0230 0.9655 -0.2593
vn 0.2325 0.9638 -0.1306
vn 0.2039 0.9575 -0.2039
vn 0.1306 0.9638 -0.2325
vn 0.2593 0.9655 -0.0230
vn 0.2506 0.9654 -0.0727
vn 0.1643 0.9828 -0.0849
vn -0.6440 0.7645 -0.0278
vn -0.6127 0.7888 -0.0489
vn -0.7822 0.6230 0.0079
vn -0.3376 0.9356 -0.1030
vn -0.3023 0.9390 -0.1637
vn -0.4363 0.8930 -0.1109
vn -0.3692 0.9292 -0.0182
vn -0.3591 0.9316 -0.0569
vn -0.4960 0.8675 -0.0368
vn -0.1514 0.9768 -0.1514
vn -0.1310 0.9637 -0.2328
vn -0.2043 0.9574 -0.2043
vn -0.0275 0.9849 -0.1709
vn -0.0235 0.9655 -0.2594
vn -0.0731 0.9653 -0.2508
vn -0.0314 0.9990 -0.0314
vn -0.0301 0.9948 -0.0970
vn -0.0931 0.9913 -0.0931
vn -0.0276 0.7646 -0.6439
vn 0.0081 0.5994 -0.8004
vn 0.0081 0.6232 -0.7821
vn -0.0046 0.7427 -0.6696
vn 0.0012 0.5791 -0.8153
vn 0.0053 0.5851 -0.8109
vn -0.0181 0.9292 -0.3692
vn -0.0117 0.8623 -0.5062
vn -0.0367 0.8676 -0.4960
vn -0.3279 0.8861 -0.3274
vn -0.1291 0.8064 -0.5771
vn -0.2948 0.9093 -0.2938
vn -0.0869 0.8244 -0.5593
vn 0.0032 0.6631 -0.7485
vn -0.0311 0.7251 -0.6879
vn -0.2500 0.9354 -0.2500
vn -0.1778 0.9090 -0.3769
vn -0.2883 0.9131 -0.2882
vn 0.4736 0.8782 -0.0668
vn 0.4358 0.8933 -0.1102
vn 0.3019 0.9393 -0.1632
vn 0.8001 0.5998 0.0093
vn 0.7814 0.6239 0.0096
vn 0.6120 0.7894 -0.0478
vn 0.8152 0.5791 0.0025
vn 0.8107 0.5855 0.0066
vn 0.6615 0.7498 -0.0133
vn 0.1643 0.8672 -0.4700
vn 0.0285 0.7267 -0.6864
vn -0.0038 0.6637 -0.7479
vn 0.5671 0.8141 -0.1251
vn 0.2882 0.9128 -0.2893
vn 0.1248 0.8135 -0.5680
vn 0.7477 0.6640 0.0041
vn 0.6858 0.7272 -0.0283
vn 0.4696 0.8675 -0.1644
vn 0.0135 0.7498 -0.6616
vn -0.0063 0.5854 -0.8107
vn -0.0023 0.5791 -0.8152
vn 0.0479 0.7892 -0.6122
vn -0.0094 0.6237 -0.7816
vn -0.0090 0.5997 -0.8002
vn 0.1632 0.9392 -0.3020
vn 0.1103 0.8932 -0.4359
vn 0.0669 0.8782 -0.4737
vn 0.2883 0.9131 0.2882
vn 0.3770 0.9090 0.1778
vn 0.2500 0.9354 0.2500
vn 0.6885 0.7246 0.0314
vn 0.7488 0.6628 -0.0029
vn 0.5596 0.8242 0.0870
vn 0.2948 0.9093 0.2938
vn 0.5781 0.8057 0.1287
vn 0.3279 0.8861 0.3274
vn 0.4960 0.8675 0.0368
vn 0.5062 0.8623 0.0118
vn 0.3692 0.9292 0.0182
vn 0.8110 0.5851 -0.0050
vn 0.8153 0.5790 -0.0010
vn 0.6697 0.7426 0.0048
vn 0.7822 0.6230 -0.0079
vn 0.8005 0.5993 -0.0079
vn 0.6440 0.7645 0.0278
vn 0.0931 0.9913 0.0931
vn 0.0970 0.9948 0.0301
vn 0.0314 0.9990 0.0314
vn 0.2508 0.9653 0.0732
vn 0.2594 0.9655 0.0235
vn 0.1709 0.9849 0.0275
vn 0.2043 0.9574 0.2043
vn 0.2328 0.9636 0.1310
vn 0.1514 0.9768 0.1514
vn -0.0669 0.8782 0.4737
vn -0.1024 0.9358 0.3374
vn -0.1632 0.9392 0.3020
vn -0.0110 0.8624 0.5062
vn -0.0176 0.9292 0.3692
vn -0.0562 0.9317 0.3590
vn 0.0023 0.5791 0.8152
vn -0.0038 0.7427 0.6696
vn -0.0135 0.7498 0.6616
vn -0.1643 0.9828 0.0849
vn -0.1708 0.9849 0.0271
vn -0.2593 0.9655 0.0230
vn -0.0299 0.9948 0.0969
vn -0.0313 0.9990 0.0313
vn -0.0969 0.9948 0.0299
vn -0.0230 0.9655 0.2593
vn -0.0272 0.9849 0.1708
vn -0.0849 0.9828 0.1643
vn -0.6615 0.7498 0.0133
vn -0.6696 0.7427 0.0036
vn -0.8152 0.5791 -0.0025
vn -0.3589 0.9317 0.0562
vn -0.3692 0.9292 0.0175
vn -0.5062 0.8624 0.0108
vn -0.3019 0.9393 0.1632
vn -0.3373 0.9358 0.1023
vn -0.4736 0.8782 0.0668
vn -0.6120 0.7894 0.0478
vn -0.6436 0.7649 0.0266
vn -0.8001 0.5998 -0.0093
vn -0.1306 0.9638 0.2325
vn -0.1511 0.9769 0.1511
vn -0.2325 0.9638 0.1306
vn 0.0090 0.5997 0.8002
vn -0.0268 0.7648 0.6437
vn -0.0479 0.7892 0.6122
vn 0.0731 0.9653 0.2508
vn 0.0852 0.9827 0.1645
vn 0.0275 0.9849 0.1709
vn 0.4363 0.8930 0.1109
vn 0.4739 0.8780 0.0677
vn 0.3376 0.9356 0.1030
vn 0.0311 0.7251 0.6879
vn 0.1646 0.8668 0.4706
vn 0.0869 0.8244 0.5593
vn 0.0562 0.9317 -0.3590
vn 0.0360 0.8676 -0.4959
vn 0.0110 0.8624 -0.5062
vn 0.3764 0.9093 -0.1774
vn 0.2878 0.9133 -0.2880
vn 0.1774 0.9092 -0.3766
vn 0.5062 0.8624 -0.0108
vn 0.4958 0.8677 -0.0359
vn 0.3589 0.9317 -0.0562
vn -0.5596 0.8242 -0.0870
vn -0.4710 0.8666 -0.1646
vn -0.6885 0.7246 -0.0314
vn -0.1029 0.9357 -0.3376
vn -0.0676 0.8780 -0.4738
vn -0.1109 0.8930 -0.4361
vn -0.1709 0.9849 -0.0275
vn -0.1645 0.9827 -0.0853
vn -0.2508 0.9653 -0.0732
vn -0.6697 0.7426 -0.0048
vn -0.6618 0.7496 -0.0146
vn -0.8110 0.5851 0.0050
vn 0.0969 0.9948 -0.0299
vn 0.0929 0.9913 -0.0929
vn 0.0299 0.9948 -0.0969
vn -0.0053 0.5851 0.8109
vn 0.0144 0.7496 0.6617
vn 0.0046 0.7427 0.6696
vn -0.1248 0.8135 0.5680
vn -0.3259 0.8872 0.3264
vn -0.5671 0.8141 0.1251
vn -0.7479 -0.6637 -0.0038
vn -0.5589 -0.8247 0.0863
vn -0.4700 -0.8672 0.1643
vn -0.3766 -0.9092 0.1774
vn -0.2496 -0.9356 0.2496
vn -0.1774 -0.9093 0.3764
vn -0.1644 -0.8675 0.4696
vn -0.0862 -0.8249 0.5586
vn 0.0041 -0.6640 0.7477
vn 0.0182 -0.9292 0.3692
vn 0.0569 -0.9316 0.3591
vn 0.0368 -0.8675 0.4960
vn 0.1030 -0.9356 0.3376
vn 0.1637 -0.9390 0.3023
vn 0.1109 -0.8930 0.4363
vn 0.0278 -0.7645 0.6440
vn 0.0489 -0.7888 0.6127
vn -0.0079 -0.6230 0.7822
vn 0.0230 -0.9655 -0.2593
vn 0.0727 -0.9654 -0.2506
vn 0.0849 -0.9828 -0.1643
vn 0.1306 -0.9638 -0.2325
vn 0.2039 -0.9575 -0.2039
vn 0.2325 -0.9638 -0.1306
vn 0.1643 -0.9828 -0.0849
vn 0.2506 -0.9654 -0.0727
vn 0.2593 -0.9655 -0.0230
vn -0.7821 -0.6231 0.0081
vn -0.6125 -0.7889 -0.0487
vn -0.6439 -0.7646 -0.0276
vn -0.4361 -0.8930 -0.1109
vn -0.3023 -0.9390 -0.1637
vn -0.3376 -0.9357 -0.1029
vn -0.4960 -0.8676 -0.0367
vn -0.3591 -0.9316 -0.0568
vn -0.3692 -0.9292 -0.0181
vn -0.2043 -0.9574 -0.2043
vn -0.1310 -0.9636 -0.2328
vn -0.1514 -0.9768 -0.1514
vn -0.0732 -0.9653 -0.2508
vn -0.0235 -0.9655 -0.2594
vn -0.0275 -0.9849 -0.1709
vn -0.0931 -0.9913 -0.0931
vn -0.0301 -0.9948 -0.0970
vn -0.0314 -0.9990 -0.0314
vn 0.0079 -0.6230 -0.7822
vn 0.0079 -0.5993 -0.8005
vn -0.0278 -0.7645 -0.6440
vn 0.0050 -0.5851 -0.8110
vn 0.0010 -0.5790 -0.8153
vn -0.0048 -0.7426 -0.6697
vn -0.0368 -0.8675 -0.4960
vn -0.0118 -0.8623 -0.5062
vn -0.0182 -0.9292 -0.3692
vn -0.2938 -0.9093 -0.2948
vn -0.1287 -0.8057 -0.5781
vn -0.3274 -0.8861 -0.3279
vn -0.0314 -0.7246 -0.6885
vn 0.0029 -0.6628 -0.7488
vn -0.0870 -0.8242 -0.5596
vn -0.2882 -0.9131 -0.2883
vn -0.1778 -0.9090 -0.3770
vn -0.2500 -0.9354 -0.2500
vn 0.3020 -0.9392 -0.1632
vn 0.4359 -0.8932 -0.1103
vn 0.4737 -0.8782 -0.0669
vn 0.6122 -0.7892 -0.0479
vn 0.7816 -0.6237 0.0094
vn 0.8002 -0.5997 0.0090
vn 0.6616 -0.7498 -0.0135
vn 0.8107 -0.5854 0.0063
vn 0.8152 -0.5791 0.0023
vn -0.0041 -0.6640 -0.7477
vn 0.0283 -0.7272 -0.6858
vn 0.1644 -0.8675 -0.4696
vn 0.1251 -0.8141 -0.5671
vn 0.2893 -0.9128 -0.2882
vn 0.5680 -0.8135 -0.1248
vn 0.4700 -0.8672 -0.1643
vn 0.6864 -0.7267 -0.0285
vn 0.7479 -0.6637 0.0038
vn -0.0025 -0.5791 -0.8152
vn -0.0066 -0.5855 -0.8107
vn 0.0133 -0.7498 -0.6615
vn -0.0093 -0.5998 -0.8001
vn -0.0096 -0.6239 -0.7814
vn 0.0478 -0.7894 -0.6120
vn 0.0668 -0.8782 -0.4736
vn 0.1102 -0.8933 -0.4358
vn 0.1632 -0.9393 -0.3019
vn 0.2500 -0.9354 0.2500
vn 0.3769 -0.9090 0.1778
vn 0.2882 -0.9131 0.2883
vn 0.5593 -0.8244 0.0869
vn 0.7485 -0.6631 -0.0032
vn 0.6879 -0.7251 0.0311
vn 0.3274 -0.8861 0.3279
vn 0.5771 -0.8064 0.1291
vn 0.2938 -0.9093 0.2948
vn 0.3692 -0.9292 0.0181
vn 0.5062 -0.8623 0.0117
vn 0.4960 -0.8676 0.0367
vn 0.6696 -0.7427 0.0046
vn 0.8153 -0.5791 -0.0012
vn 0.8109 -0.5851 -0.0053
vn 0.6439 -0.7646 0.0276
vn 0.8004 -0.5994 -0.0081
vn 0.7821 -0.6232 -0.0081
vn 0.0314 -0.9990 0.0314
vn 0.0970 -0.9948 0.0301
vn 0.0931 -0.9913 0.0931
vn 0.1709 -0.9849 0.0275
vn 0.2594 -0.9655 0.0235
vn 0.2508 -0.9653 0.0731
vn 0.1514 -0.9768 0.1514
vn 0.2328 -0.9637 0.1310
vn 0.2043 -0.9574 0.2043
vn -0.1632 -0.9393 0.3019
vn -0.1023 -0.9358 0.3373
vn -0.0668 -0.8782 0.4736
vn -0.0562 -0.9317 0.3589
vn -0.0175 -0.9292 0.3692
vn -0.0108 -0.8624 0.5062
vn -0.0133 -0.7498 0.6615
vn -0.0036 -0.7427 0.6696
vn 0.0025 -0.5791 0.8152
vn -0.2593 -0.9655 0.0230
vn -0.1708 -0.9849 0.0272
vn -0.1643 -0.9828 0.0849
vn -0.0969 -0.9948 0.0299
vn -0.0313 -0.9990 0.0313
vn -0.0299 -0.9948 0.0969
vn -0.0849 -0.9828 0.1643
vn -0.0271 -0.9849 0.1708
vn -0.0230 -0.9655 0.2593
vn -0.8152 -0.5791 -0.0023
vn -0.6696 -0.7427 0.0038
vn -0.6616 -0.7498 0.0135
vn -0.5062 -0.8624 0.0110
vn -0.3692 -0.9292 0.0176
vn -0.3590 -0.9317 0.0562
vn -0.4737 -0.8782 0.0669
vn -0.3374 -0.9358 0.1024
vn -0.3020 -0.9392 0.1632
vn -0.8002 -0.5997 -0.0090
vn -0.6437 -0.7648 0.0268
vn -0.6122 -0.7892 0.0479
vn -0.2325 -0.9638 0.1306
vn -0.1511 -0.9769 0.1511
vn -0.1306 -0.9638 0.2325
vn -0.0478 -0.7894 0.6120
vn -0.0266 -0.7649 0.6436
vn 0.0093 -0.5998 0.8001
vn 0.0275 -0.9849 0.1709
vn 0.0853 -0.9827 0.1645
vn 0.0732 -0.9653 0.2508
vn 0.3376 -0.9357 0.1029
vn 0.4738 -0.8780 0.0676
vn 0.4361 -0.8930 0.1109
vn 0.0870 -0.8242 0.5596
vn 0.1646 -0.8666 0.4710
vn 0.0314 -0.7246 0.6885
vn 0.0108 -0.8624 -0.5062
vn 0.0359 -0.8677 -0.4958
vn 0.0562 -0.9317 -0.3589
vn 0.1774 -0.9093 -0.3764
vn 0.2880 -0.9133 -0.2878
vn 0.3766 -0.9092 -0.1774
vn 0.3590 -0.9317 -0.0562
vn 0.4959 -0.8676 -0.0360
vn 0.5062 -0.8624 -0.0110
vn -0.6879 -0.7251 -0.0311
vn -0.4706 -0.8668 -0.1646
vn -0.5593 -0.8244 -0.0869
vn -0.1109 -0.8930 -0.4363
vn -0.0677 -0.8780 -0.4739
vn -0.1030 -0.9356 -0.3376
vn -0.2508 -0.9653 -0.0731
vn -0.1645 -0.9827 -0.0852
vn -0.1709 -0.9849 -0.0275
vn -0.8109 -0.5851 0.0053
vn -0.6617 -0.7496 -0.0144
vn -0.6696 -0.7427 -0.0046
vn 0.0299 -0.9948 -0.0969
vn 0.0929 -0.9913 -0.0929
vn 0.0969 -0.9948 -0.0299
vn 0.0048 -0.7426 0.6697
vn 0.0146 -0.7496 0.6618
vn -0.0050 -0.5851 0.8110
vn -0.5680 -0.8135 0.1248
vn -0.3264 -0.8872 0.3259
vn -0.1251 -0.8141 0.5671
vt 0.487101 0.475001
vt 0.473364 0.487876
vt 0.474946 0.476252
vt 0.495567 0.473827
vt 0.486702 0.487790
vt 0.494296 0.495250
vt 0.486042 0.496672
vt 0.471944 0.495965
vt 0.303375 0.705465
vt 0.286784 0.720636
vt 0.287176 0.705061
vt 0.316691 0.705756
vt 0.303029 0.720832
vt 0.316382 0.720971
vt 0.302927 0.736201
vt 0.286667 0.736215
vt 0.216216 0.222108
vt 0.234557 0.240126
vt 0.216163 0.239750
vt 0.234585 0.222460
vt 0.252989 0.240504
vt 0.252971 0.258216
vt 0.234530 0.257829
vt 0.216128 0.257427
vt 0.771509 0.752027
vt 0.788163 0.767151
vt 0.771955 0.767600
vt 0.771339 0.736449
vt 0.787764 0.751786
vt 0.787610 0.736417
vt 0.801124 0.751609
vt 0.801485 0.766823
vt 0.234407 0.361649
vt 0.216471 0.377408
vt 0.216341 0.361163
vt 0.252496 0.362059
vt 0.234402 0.377880
vt 0.252350 0.378284
vt 0.234402 0.393529
vt 0.216634 0.393082
vt 0.094994 0.354688
vt 0.079694 0.369410
vt 0.079546 0.353152
vt 0.111199 0.356055
vt 0.095312 0.371013
vt 0.111629 0.372409
vt 0.095797 0.387070
vt 0.079990 0.385468
vt 0.783240 0.876096
vt 0.800376 0.889438
vt 0.786238 0.891439
vt 0.780665 0.860691
vt 0.797914 0.874254
vt 0.795749 0.859031
vt 0.810094 0.872912
vt 0.812190 0.887962
vt 0.217542 0.090977
vt 0.234860 0.105760
vt 0.217279 0.105411
vt 0.234908 0.091360
vt 0.252447 0.106121
vt 0.252592 0.121360
vt 0.234810 0.121005
vt 0.217039 0.120682
vt 0.081648 0.089917
vt 0.096857 0.104857
vt 0.080831 0.105461
vt 0.097852 0.089488
vt 0.113408 0.104508
vt 0.112566 0.120288
vt 0.096116 0.120737
vt 0.080287 0.121411
vt 0.079656 0.220390
vt 0.094653 0.237352
vt 0.079659 0.237070
vt 0.094690 0.220467
vt 0.110527 0.237653
vt 0.110491 0.254731
vt 0.094628 0.254244
vt 0.079649 0.253752
vt 0.315166 0.583135
vt 0.298087 0.596527
vt 0.301031 0.581173
vt 0.326978 0.584577
vt 0.312757 0.598328
vt 0.324934 0.599636
vt 0.310645 0.613558
vt 0.295565 0.611941
vt 0.372693 0.094405
vt 0.357017 0.108759
vt 0.355769 0.093893
vt 0.389405 0.095055
vt 0.374006 0.109436
vt 0.390712 0.110268
vt 0.375087 0.125133
vt 0.358069 0.124347
vt 0.377902 0.225894
vt 0.361085 0.242752
vt 0.360991 0.225398
vt 0.394217 0.226408
vt 0.377985 0.243117
vt 0.394278 0.243474
vt 0.377997 0.260356
vt 0.361100 0.260126
vt 0.291810 0.829541
vt 0.309086 0.843576
vt 0.293690 0.845031
vt 0.307457 0.828286
vt 0.321785 0.842525
vt 0.323441 0.857643
vt 0.310975 0.858838
vt 0.295898 0.860488
vt 0.359335 0.362703
vt 0.375639 0.378719
vt 0.358606 0.379030
vt 0.376352 0.362375
vt 0.392260 0.378212
vt 0.391416 0.394216
vt 0.374733 0.394661
vt 0.357700 0.394904
vt 0.776167 0.643105
vt 0.793410 0.629021
vt 0.791831 0.644316
vt 0.777997 0.627609
vt 0.795248 0.613752
vt 0.807728 0.614913
vt 0.806120 0.630037
vt 0.804728 0.645186
vt 0.355312 0.424692
vt 0.370666 0.438519
vt 0.353839 0.438217
vt 0.372250 0.424761
vt 0.387349 0.438688
vt 0.385476 0.451574
vt 0.368896 0.451083
vt 0.352224 0.450521
vt 0.286486 0.423572
vt 0.302870 0.436993
vt 0.285786 0.436573
vt 0.303793 0.423917
vt 0.319917 0.437421
vt 0.728761 0.687709
vt 0.743376 0.672367
vt 0.742102 0.688382
vt 0.727721 0.703972
vt 0.741215 0.704416
vt 0.771826 0.705294
vt 0.788615 0.690319
vt 0.788037 0.705679
vt 0.772483 0.689726
vt 0.789437 0.674969
vt 0.802607 0.675544
vt 0.801876 0.690744
vt 0.801361 0.705954
vt 0.360899 0.294799
vt 0.377609 0.311883
vt 0.360673 0.312026
vt 0.377815 0.294769
vt 0.393970 0.311630
vt 0.393724 0.328518
vt 0.377311 0.328888
vt 0.360348 0.329123
vt 0.289592 0.294190
vt 0.307593 0.311874
vt 0.289436 0.311660
vt 0.307785 0.294438
vt 0.325569 0.312011
vt 0.325264 0.329232
vt 0.307327 0.329133
vt 0.289221 0.328945
vt 0.288600 0.362656
vt 0.306007 0.379086
vt 0.288183 0.378894
vt 0.306542 0.362831
vt 0.323719 0.379187
vt 0.322959 0.394935
vt 0.305370 0.394786
vt 0.287692 0.394558
vt 0.287259 0.767367
vt 0.304088 0.782295
vt 0.287969 0.782934
vt 0.303458 0.766937
vt 0.317340 0.781833
vt 0.318122 0.797030
vt 0.304962 0.797642
vt 0.288960 0.798488
vt 0.424372 0.294159
vt 0.437974 0.310194
vt 0.424337 0.310781
vt 0.243207 0.768808
vt 0.257623 0.784360
vt 0.244302 0.785067
vt 0.258952 0.800371
vt 0.245854 0.801298
vt 0.438032 0.326568
vt 0.424275 0.327352
vt 0.423972 0.360254
vt 0.438020 0.375309
vt 0.423657 0.376515
vt 0.438089 0.359149
vt 0.451145 0.373897
vt 0.451278 0.389823
vt 0.437816 0.391327
vt 0.423165 0.392572
vt 0.376616 0.157853
vt 0.360139 0.173852
vt 0.359612 0.157017
vt 0.393150 0.158810
vt 0.377119 0.174645
vt 0.393584 0.175536
vt 0.377486 0.191619
vt 0.360532 0.190902
vt 0.306845 0.155087
vt 0.289203 0.171470
vt 0.288909 0.154588
vt 0.324647 0.155650
vt 0.307233 0.171967
vt 0.325109 0.172524
vt 0.307531 0.189138
vt 0.289429 0.188657
vt 0.307887 0.224035
vt 0.289747 0.241260
vt 0.289696 0.223617
vt 0.325885 0.224470
vt 0.307959 0.241636
vt 0.325972 0.242010
vt 0.307966 0.259269
vt 0.289747 0.258937
vt 0.051232 0.845257
vt 0.034284 0.831168
vt 0.049345 0.829774
vt 0.053445 0.860706
vt 0.036512 0.846858
vt 0.039165 0.862497
vt 0.023188 0.848453
vt 0.020531 0.832573
vt 0.045482 0.783181
vt 0.028973 0.768116
vt 0.044762 0.767617
vt 0.046481 0.798731
vt 0.029797 0.783909
vt 0.030948 0.799686
vt 0.015267 0.784655
vt 0.014313 0.768628
vt 0.304277 0.092761
vt 0.287573 0.106873
vt 0.286975 0.092426
vt 0.321526 0.093103
vt 0.305073 0.107274
vt 0.322503 0.107708
vt 0.305769 0.122609
vt 0.288096 0.122157
vt 0.487193 0.046029
vt 0.476189 0.058461
vt 0.475295 0.044643
vt 0.339037 0.525037
vt 0.325357 0.538095
vt 0.330710 0.523907
vt 0.335213 0.539685
vt 0.321253 0.552936
vt 0.308748 0.550840
vt 0.314123 0.536180
vt 0.062527 0.906699
vt 0.046040 0.893517
vt 0.059004 0.891453
vt 0.445887 0.043362
vt 0.432469 0.055242
vt 0.430118 0.043511
vt 0.448048 0.055777
vt 0.434475 0.068634
vt 0.418621 0.067927
vt 0.416487 0.055100
vt 0.437049 0.098381
vt 0.422766 0.112553
vt 0.421763 0.096990
vt 0.451338 0.100074
vt 0.437714 0.114064
vt 0.451549 0.115801
vt 0.438084 0.130031
vt 0.423458 0.128511
vt 0.079764 0.154009
vt 0.094992 0.170054
vt 0.079676 0.170512
vt 0.095229 0.153426
vt 0.111109 0.169720
vt 0.110870 0.186587
vt 0.094842 0.186794
vt 0.079647 0.187094
vt 0.533798 0.829540
vt 0.516930 0.815180
vt 0.532231 0.814024
vt 0.518763 0.830914
vt 0.502875 0.816353
vt 0.501144 0.800370
vt 0.515454 0.799419
vt 0.530960 0.798487
vt 0.529266 0.767367
vt 0.513012 0.752036
vt 0.528834 0.751793
vt 0.513505 0.767842
vt 0.498309 0.752286
vt 0.498106 0.736237
vt 0.512834 0.736226
vt 0.528676 0.736214
vt 0.058375 0.581364
vt 0.041717 0.594834
vt 0.045397 0.579351
vt 0.055442 0.596733
vt 0.038641 0.610427
vt 0.025854 0.608733
vt 0.029632 0.593026
vt 0.086061 0.048164
vt 0.100665 0.061205
vt 0.084275 0.060932
vt 0.025918 0.035189
vt 0.038961 0.047993
vt 0.025228 0.049074
vt 0.040401 0.034845
vt 0.054095 0.047526
vt 0.052691 0.061476
vt 0.038128 0.062505
vt 0.025183 0.063992
vt 0.543413 0.891261
vt 0.526749 0.877845
vt 0.540430 0.875904
vt 0.038063 0.093200
vt 0.051314 0.107516
vt 0.038488 0.108904
vt 0.051442 0.123441
vt 0.039035 0.124713
vt 0.523620 0.862264
vt 0.537872 0.860488
vt 0.044633 0.705311
vt 0.028401 0.720692
vt 0.028841 0.704885
vt 0.044253 0.720887
vt 0.028277 0.736503
vt 0.013516 0.736539
vt 0.013664 0.720489
vt 0.014178 0.704444
vt 0.048960 0.643121
vt 0.032107 0.657535
vt 0.033888 0.641795
vt 0.047444 0.658643
vt 0.030684 0.673302
vt 0.016336 0.672395
vt 0.018013 0.656406
vt 0.020126 0.640454
vt 0.148424 0.089571
vt 0.164783 0.104553
vt 0.147465 0.104402
vt 0.165609 0.089861
vt 0.182215 0.104790
vt 0.181635 0.120171
vt 0.164067 0.120017
vt 0.146651 0.119963
vt 0.097444 0.417896
vt 0.082365 0.431286
vt 0.081265 0.416578
vt 0.114043 0.418924
vt 0.098677 0.432283
vt 0.115291 0.433002
vt 0.100169 0.445607
vt 0.083801 0.445045
vt 0.530046 0.579149
vt 0.546455 0.565912
vt 0.542987 0.581172
vt 0.051084 0.412898
vt 0.037568 0.425904
vt 0.037784 0.410556
vt 0.051460 0.428135
vt 0.037770 0.440875
vt 0.024904 0.438516
vt 0.025417 0.423379
vt 0.039919 0.467969
vt 0.026732 0.478262
vt 0.025564 0.466793
vt 0.794065 0.921742
vt 0.810728 0.934434
vt 0.799497 0.936378
vt 0.806568 0.919612
vt 0.820579 0.932818
vt 0.824462 0.947447
vt 0.816139 0.948597
vt 0.094612 0.287981
vt 0.079539 0.303694
vt 0.079584 0.287077
vt 0.110513 0.288832
vt 0.094631 0.304790
vt 0.110580 0.305808
vt 0.094686 0.321531
vt 0.079503 0.320260
vt 0.513421 0.704611
vt 0.529849 0.689494
vt 0.529183 0.705061
vt 0.498793 0.704145
vt 0.514190 0.688815
vt 0.499691 0.688115
vt 0.515286 0.673034
vt 0.530794 0.673940
vt 0.518511 0.641540
vt 0.535380 0.627397
vt 0.533548 0.642887
vt 0.504788 0.640178
vt 0.520684 0.625842
vt 0.507389 0.624290
vt 0.523282 0.610193
vt 0.537539 0.611940
vt 0.234479 0.293133
vt 0.216132 0.310154
vt 0.216111 0.292682
vt 0.252884 0.293535
vt 0.234456 0.310624
vt 0.252815 0.311032
vt 0.234435 0.327925
vt 0.216175 0.327441
vt 0.161829 0.291019
vt 0.144370 0.307582
vt 0.144259 0.290352
vt 0.179718 0.291628
vt 0.161936 0.308339
vt 0.179807 0.309016
vt 0.162108 0.325512
vt 0.144550 0.324684
vt 0.162693 0.359171
vt 0.145660 0.374623
vt 0.145177 0.358281
vt 0.180436 0.359936
vt 0.163131 0.375489
vt 0.180795 0.376228
vt 0.163683 0.391316
vt 0.146280 0.390518
vt 0.234415 0.422490
vt 0.217291 0.435140
vt 0.217051 0.422123
vt 0.251784 0.422853
vt 0.234421 0.435457
vt 0.726942 0.736536
vt 0.740768 0.752558
vt 0.727188 0.752821
vt 0.741351 0.768599
vt 0.727860 0.769095
vt 0.165138 0.420892
vt 0.149015 0.433933
vt 0.147964 0.420367
vt 0.182394 0.421341
vt 0.166019 0.434264
vt 0.730534 0.801576
vt 0.745394 0.816609
vt 0.732582 0.817759
vt 0.150161 0.446285
vt 0.774968 0.814248
vt 0.792207 0.828489
vt 0.776553 0.829759
vt 0.773680 0.798715
vt 0.790822 0.813181
vt 0.789690 0.797852
vt 0.803865 0.812408
vt 0.805096 0.827571
vt 0.216650 0.153095
vt 0.234680 0.170273
vt 0.216503 0.169971
vt 0.234719 0.153395
vt 0.252884 0.170625
vt 0.252938 0.187822
vt 0.234645 0.187466
vt 0.216383 0.187154
vt 0.145456 0.152597
vt 0.162598 0.169436
vt 0.145046 0.169421
vt 0.162982 0.152587
vt 0.180406 0.169542
vt 0.180151 0.186679
vt 0.162302 0.186534
vt 0.144736 0.186464
vt 0.144352 0.220952
vt 0.161826 0.238652
vt 0.144252 0.238304
vt 0.161926 0.221195
vt 0.179728 0.239010
vt 0.179681 0.256579
vt 0.161778 0.256134
vt 0.144204 0.255678
vt 0.307208 0.644113
vt 0.290029 0.658403
vt 0.291560 0.642887
vt 0.320093 0.644995
vt 0.305876 0.659427
vt 0.318914 0.660163
vt 0.304797 0.674759
vt 0.288794 0.673941
vt 0.438286 0.162427
vt 0.424343 0.177607
vt 0.424187 0.161109
vt 0.451118 0.163809
vt 0.438244 0.178759
vt 0.260474 0.656122
vt 0.245683 0.671195
vt 0.247675 0.655005
vt 0.424417 0.194183
vt 0.437990 0.227999
vt 0.424430 0.244148
vt 0.424442 0.227471
vt 0.256597 0.704146
vt 0.242505 0.719961
vt 0.243122 0.703685
vt 0.256069 0.720189
vt 0.242315 0.736246
vt 0.437930 0.244450
vt 0.424413 0.260830
vt 0.301456 0.891261
vt 0.318403 0.904401
vt 0.304982 0.906524
vt 0.315586 0.889259
vt 0.329741 0.902799
vt 0.332438 0.917770
vt 0.321742 0.919453
vt 0.309281 0.921599
vt 0.421384 0.423654
vt 0.435598 0.437615
vt 0.419964 0.438330
vt 0.436700 0.422625
vt 0.450409 0.436437
vt 0.449295 0.451067
vt 0.434033 0.451802
vt 0.418151 0.452043
vt 0.785609 0.581351
vt 0.802530 0.568161
vt 0.799762 0.583314
vt 0.789083 0.566074
vt 0.805819 0.553095
vt 0.816536 0.554749
vt 0.813886 0.569731
vt 0.811589 0.584757
vt 0.986556 0.474465
vt 0.972819 0.487340
vt 0.974082 0.475402
vt 0.995308 0.473571
vt 0.986384 0.487477
vt 0.994259 0.495212
vt 0.985923 0.496554
vt 0.971686 0.495710
vt 0.440413 0.720406
vt 0.423842 0.705287
vt 0.439969 0.704833
vt 0.440582 0.735984
vt 0.424238 0.720652
vt 0.424392 0.736021
vt 0.410934 0.720833
vt 0.410575 0.705619
vt 0.710408 0.216401
vt 0.728648 0.234320
vt 0.710305 0.233994
vt 0.728727 0.216703
vt 0.747064 0.234681
vt 0.747029 0.252376
vt 0.728604 0.252006
vt 0.710253 0.251654
vt 0.908629 0.766973
vt 0.925137 0.751796
vt 0.924747 0.767371
vt 0.895369 0.766686
vt 0.908973 0.751606
vt 0.895675 0.751470
vt 0.909074 0.736236
vt 0.925254 0.736218
vt 0.872890 0.220969
vt 0.855794 0.237553
vt 0.855741 0.220240
vt 0.889487 0.221760
vt 0.872936 0.238155
vt 0.889515 0.238794
vt 0.872935 0.255382
vt 0.855796 0.254914
vt 0.869088 0.090863
vt 0.852952 0.104764
vt 0.852036 0.090224
vt 0.885957 0.091667
vt 0.870089 0.105588
vt 0.886976 0.106596
vt 0.870905 0.121024
vt 0.853720 0.120074
vt 0.896911 0.889308
vt 0.913884 0.875909
vt 0.910950 0.891264
vt 0.885164 0.887870
vt 0.899307 0.874114
vt 0.887191 0.872810
vt 0.901405 0.858882
vt 0.916396 0.860494
vt 0.575628 0.216432
vt 0.590220 0.232997
vt 0.575606 0.233087
vt 0.590287 0.216141
vt 0.605763 0.232971
vt 0.605717 0.250039
vt 0.590187 0.249879
vt 0.575588 0.249761
vt 0.578616 0.086937
vt 0.593335 0.101396
vt 0.577569 0.102256
vt 0.594591 0.086283
vt 0.609669 0.100834
vt 0.608584 0.116375
vt 0.592377 0.117062
vt 0.576835 0.118020
vt 0.713514 0.087020
vt 0.730427 0.101404
vt 0.712876 0.101084
vt 0.730855 0.087377
vt 0.748005 0.101756
vt 0.747817 0.116668
vt 0.730046 0.116324
vt 0.712308 0.116034
vt 0.428732 0.596340
vt 0.411703 0.583005
vt 0.425744 0.580998
vt 0.431297 0.611745
vt 0.414151 0.598188
vt 0.416302 0.613410
vt 0.402032 0.599534
vt 0.399954 0.584485
vt 0.590929 0.350694
vt 0.576089 0.365868
vt 0.575813 0.349483
vt 0.606850 0.351781
vt 0.591396 0.367164
vt 0.607448 0.368300
vt 0.592061 0.383399
vt 0.576542 0.382080
vt 0.729116 0.356450
vt 0.711459 0.372483
vt 0.711091 0.356004
vt 0.747192 0.356847
vt 0.729352 0.372919
vt 0.747288 0.373310
vt 0.729638 0.388848
vt 0.711904 0.388434
vt 0.435777 0.829329
vt 0.418629 0.843420
vt 0.420198 0.828123
vt 0.433956 0.844826
vt 0.416802 0.858689
vt 0.404383 0.857533
vt 0.405977 0.842408
vt 0.407358 0.827257
vt 0.854544 0.357994
vt 0.871232 0.374388
vt 0.854014 0.374518
vt 0.871760 0.357862
vt 0.888075 0.374100
vt 0.887434 0.390303
vt 0.870548 0.390549
vt 0.853349 0.390628
vt 0.920134 0.642893
vt 0.902952 0.628864
vt 0.918262 0.627404
vt 0.904572 0.644153
vt 0.890312 0.629919
vt 0.888669 0.614802
vt 0.901076 0.613603
vt 0.916063 0.611947
vt 0.920236 0.356583
vt 0.934774 0.372119
vt 0.920050 0.372970
vt 0.934734 0.355852
vt 0.948313 0.371115
vt 0.948558 0.387150
vt 0.934703 0.388268
vt 0.919713 0.389180
vt 0.920344 0.290201
vt 0.934407 0.306688
vt 0.920353 0.306865
vt 0.968362 0.703601
vt 0.954082 0.688059
vt 0.967268 0.687342
vt 0.952756 0.672048
vt 0.965717 0.671111
vt 0.934518 0.323115
vt 0.920353 0.323498
vt 0.924663 0.705065
vt 0.907920 0.690143
vt 0.923957 0.689499
vt 0.908546 0.705501
vt 0.894724 0.690609
vt 0.893948 0.675412
vt 0.907051 0.674797
vt 0.922971 0.673946
vt 0.783350 0.357496
vt 0.801057 0.374222
vt 0.783171 0.373968
vt 0.801360 0.357739
vt 0.818859 0.374411
vt 0.818365 0.390420
vt 0.800696 0.390192
vt 0.782961 0.389909
vt 0.783784 0.288483
vt 0.801951 0.306330
vt 0.783712 0.306036
vt 0.802061 0.288814
vt 0.820043 0.306582
vt 0.819849 0.323912
vt 0.801801 0.323703
vt 0.783617 0.323438
vt 0.855648 0.289639
vt 0.872660 0.307019
vt 0.855491 0.306934
vt 0.872802 0.289843
vt 0.889295 0.307037
vt 0.889130 0.324004
vt 0.872451 0.324112
vt 0.855264 0.324127
vt 0.440098 0.767139
vt 0.423394 0.782119
vt 0.423968 0.766759
vt 0.439444 0.782708
vt 0.422576 0.797469
vt 0.409463 0.796898
vt 0.410189 0.781698
vt 0.410699 0.766487
vt 0.782459 0.419614
vt 0.799303 0.433488
vt 0.782182 0.433031
vt 0.799808 0.420002
vt 0.816403 0.433968
vt 0.482811 0.784701
vt 0.468333 0.800052
vt 0.469604 0.784037
vt 0.483850 0.768438
vt 0.470490 0.768003
vt 0.851576 0.421021
vt 0.867420 0.435329
vt 0.850484 0.434920
vt 0.868642 0.421216
vt 0.884237 0.435629
vt 0.882756 0.448901
vt 0.866065 0.448301
vt 0.849302 0.447649
vt 0.657740 0.354304
vt 0.641071 0.370114
vt 0.640388 0.353574
vt 0.675353 0.354942
vt 0.658392 0.370832
vt 0.675937 0.371453
vt 0.659198 0.386909
vt 0.641931 0.386244
vt 0.656383 0.285667
vt 0.639189 0.302491
vt 0.639009 0.285193
vt 0.674115 0.286122
vt 0.656564 0.303060
vt 0.674282 0.303587
vt 0.656842 0.320337
vt 0.639468 0.319689
vt 0.728621 0.287377
vt 0.710409 0.304530
vt 0.710304 0.286975
vt 0.747010 0.287762
vt 0.728684 0.304952
vt 0.747027 0.305344
vt 0.728785 0.322373
vt 0.710571 0.321935
vt 0.208277 0.830908
vt 0.191342 0.845053
vt 0.193179 0.829563
vt 0.222072 0.832268
vt 0.206101 0.846606
vt 0.219469 0.848157
vt 0.203500 0.862255
vt 0.189179 0.860510
vt 0.213377 0.767837
vt 0.196889 0.782955
vt 0.197556 0.767388
vt 0.228073 0.768301
vt 0.212606 0.783633
vt 0.227174 0.784332
vt 0.211508 0.799414
vt 0.195941 0.798509
vt 0.590211 0.283655
vt 0.575556 0.299781
vt 0.575558 0.283121
vt 0.605783 0.284184
vt 0.590280 0.300514
vt 0.605907 0.301216
vt 0.590406 0.317326
vt 0.575583 0.316408
vt 0.538805 0.466873
vt 0.526197 0.477735
vt 0.524705 0.465948
vt 0.417930 0.550696
vt 0.401384 0.538011
vt 0.412497 0.536059
vt 0.405537 0.552833
vt 0.391614 0.539632
vt 0.387743 0.525004
vt 0.395976 0.523849
vt 0.196730 0.893300
vt 0.180247 0.906538
vt 0.183719 0.891278
vt 0.548663 0.410517
vt 0.535695 0.424063
vt 0.535754 0.408561
vt 0.549234 0.425948
vt 0.536090 0.439224
vt 0.523601 0.437235
vt 0.523964 0.421951
vt 0.594187 0.414694
vt 0.579612 0.428581
vt 0.578237 0.413602
vt 0.610595 0.415536
vt 0.595729 0.429386
vt 0.612182 0.429946
vt 0.597586 0.443068
vt 0.581379 0.442665
vt 0.644688 0.085899
vt 0.660595 0.100438
vt 0.643398 0.100405
vt 0.661769 0.086088
vt 0.677934 0.100582
vt 0.677041 0.115657
vt 0.659580 0.115608
vt 0.642300 0.115687
vt 0.677766 0.829329
vt 0.694682 0.814913
vt 0.692899 0.830654
vt 0.679286 0.813807
vt 0.696109 0.799147
vt 0.710526 0.800052
vt 0.708847 0.816041
vt 0.706733 0.831993
vt 0.682105 0.767138
vt 0.698395 0.751756
vt 0.697955 0.767563
vt 0.682486 0.751563
vt 0.698520 0.735945
vt 0.713349 0.735908
vt 0.713201 0.751958
vt 0.712686 0.768003
vt 0.183293 0.581189
vt 0.200030 0.594603
vt 0.186281 0.596546
vt 0.536029 0.091201
vt 0.548727 0.104973
vt 0.536324 0.106778
vt 0.215977 0.608448
vt 0.203162 0.610185
vt 0.188845 0.611962
vt 0.525054 0.034339
vt 0.537523 0.046580
vt 0.524109 0.047975
vt 0.539283 0.033746
vt 0.552412 0.045872
vt 0.550705 0.059524
vt 0.536445 0.060850
vt 0.523876 0.062706
vt 0.668329 0.891086
vt 0.685060 0.877614
vt 0.681378 0.893098
vt 0.671268 0.875717
vt 0.688139 0.862021
vt 0.701001 0.863714
vt 0.697223 0.879421
vt 0.584028 0.046165
vt 0.598078 0.058663
vt 0.581849 0.058548
vt 0.197473 0.705082
vt 0.213787 0.720412
vt 0.197907 0.720657
vt 0.213293 0.704606
vt 0.228558 0.720161
vt 0.228761 0.736210
vt 0.213965 0.736222
vt 0.198065 0.736235
vt 0.192929 0.642909
vt 0.209862 0.657268
vt 0.194500 0.658425
vt 0.208025 0.641534
vt 0.223986 0.656093
vt 0.225719 0.672077
vt 0.211340 0.673029
vt 0.195775 0.673962
vt 0.576028 0.150337
vt 0.590805 0.165939
vt 0.575836 0.166738
vt 0.591162 0.149429
vt 0.606622 0.165310
vt 0.606276 0.182073
vt 0.590560 0.182586
vt 0.575725 0.183239
vt 0.934296 0.095676
vt 0.919508 0.109351
vt 0.918735 0.094014
vt 0.948916 0.097694
vt 0.934766 0.111167
vt 0.948966 0.113263
vt 0.934975 0.126976
vt 0.920010 0.125123
vt 0.664172 0.565751
vt 0.680734 0.578932
vt 0.667700 0.580998
vt 0.944583 0.042081
vt 0.930595 0.053400
vt 0.928665 0.042083
vt 0.946368 0.054126
vt 0.932249 0.066447
vt 0.916199 0.065546
vt 0.914457 0.053104
vt 0.986658 0.045502
vt 0.975075 0.057366
vt 0.974436 0.043799
vt 0.873167 0.947414
vt 0.886754 0.934350
vt 0.881404 0.948539
vt 0.876979 0.932765
vt 0.890850 0.919508
vt 0.903246 0.921598
vt 0.897870 0.936257
vt 0.800295 0.088847
vt 0.783171 0.102548
vt 0.782949 0.088469
vt 0.817606 0.089250
vt 0.800722 0.102998
vt 0.818223 0.103502
vt 0.801096 0.118017
vt 0.783366 0.117509
vt 0.681254 0.689269
vt 0.697823 0.704332
vt 0.681975 0.704832
vt 0.680252 0.673718
vt 0.696997 0.688540
vt 0.695844 0.672763
vt 0.711596 0.687792
vt 0.712551 0.703819
vt 0.675489 0.627193
vt 0.692503 0.641280
vt 0.677381 0.642675
vt 0.673270 0.611744
vt 0.690271 0.625590
vt 0.687615 0.609951
vt 0.703668 0.623995
vt 0.706327 0.639874
vt 0.802164 0.218411
vt 0.783890 0.235503
vt 0.783889 0.217910
vt 0.820282 0.218964
vt 0.802187 0.235964
vt 0.820322 0.236459
vt 0.802177 0.253582
vt 0.783872 0.253165
vt 0.801664 0.149996
vt 0.783757 0.166118
vt 0.783659 0.149429
vt 0.819564 0.150655
vt 0.801861 0.166688
vt 0.819843 0.167349
vt 0.802006 0.183709
vt 0.783825 0.183151
vt 0.872027 0.153344
vt 0.855187 0.168985
vt 0.854823 0.152311
vt 0.888801 0.154537
vt 0.872380 0.169988
vt 0.889100 0.171129
vt 0.872627 0.186844
vt 0.855450 0.185908
vt 0.934386 0.224458
vt 0.920377 0.240166
vt 0.920416 0.223514
vt 0.955107 0.768272
vt 0.969063 0.752448
vt 0.968447 0.768725
vt 0.955633 0.752229
vt 0.969253 0.736163
vt 0.934304 0.240887
vt 0.920351 0.256839
vt 0.934934 0.159133
vt 0.920505 0.173836
vt 0.920454 0.157440
vt 0.948198 0.160940
vt 0.934802 0.175377
vt 0.947865 0.176999
vt 0.934650 0.191691
vt 0.920497 0.190331
vt 0.904821 0.828327
vt 0.921908 0.814030
vt 0.920384 0.829547
vt 0.891993 0.827449
vt 0.906144 0.813012
vt 0.893163 0.812280
vt 0.907216 0.797679
vt 0.923137 0.798492
vt 0.639101 0.215793
vt 0.656336 0.233256
vt 0.638961 0.233105
vt 0.656479 0.215843
vt 0.674077 0.233458
vt 0.674016 0.251012
vt 0.656273 0.250725
vt 0.638900 0.250465
vt 0.640665 0.147889
vt 0.657468 0.164396
vt 0.640091 0.164552
vt 0.658028 0.147718
vt 0.675139 0.164366
vt 0.674736 0.181359
vt 0.657034 0.181358
vt 0.639652 0.181468
vt 0.711400 0.147936
vt 0.729189 0.164878
vt 0.711056 0.164619
vt 0.729428 0.148195
vt 0.747379 0.165216
vt 0.747273 0.182255
vt 0.728995 0.181914
vt 0.710779 0.181647
vt 0.436970 0.658186
vt 0.419823 0.643950
vt 0.435393 0.642676
vt 0.438252 0.673719
vt 0.421199 0.659259
vt 0.422324 0.674587
vt 0.408213 0.660035
vt 0.406991 0.644872
vt 0.661300 0.417121
vt 0.645663 0.430639
vt 0.644231 0.416698
vt 0.678474 0.417489
vt 0.662578 0.430882
vt 0.679567 0.431107
vt 0.663968 0.443460
vt 0.647241 0.443415
vt 0.730363 0.418507
vt 0.713688 0.431599
vt 0.713025 0.418166
vt 0.747723 0.418862
vt 0.730795 0.431893
vt 0.484629 0.735874
vt 0.470936 0.719861
vt 0.484383 0.719589
vt 0.470354 0.703820
vt 0.483711 0.703315
vt 0.426373 0.891086
vt 0.409563 0.904283
vt 0.412316 0.889129
vt 0.422907 0.906363
vt 0.406286 0.919350
vt 0.395644 0.917701
vt 0.398276 0.902717
vt 0.400554 0.887690
vt 0.918352 0.420674
vt 0.933080 0.435140
vt 0.917207 0.435621
vt 0.933943 0.419916
vt 0.948179 0.434246
vt 0.947309 0.449115
vt 0.931804 0.449611
vt 0.915725 0.449659
vt 0.910525 0.581175
vt 0.893690 0.568043
vt 0.907007 0.565913
vt 0.896492 0.583183
vt 0.882421 0.569649
vt 0.879742 0.554680
vt 0.890363 0.552992
vt 0.902713 0.550839
vt 0.832300 0.630606
vt 0.835933 0.645757
vt 0.831751 0.645721
vt 0.832932 0.615489
vt 0.836340 0.630642
vt 0.836809 0.615521
vt 0.840355 0.630665
vt 0.840090 0.645780
vt 0.350646 0.569999
vt 0.353242 0.585105
vt 0.349760 0.585094
vt 0.351681 0.555004
vt 0.353901 0.569995
vt 0.354664 0.555023
vt 0.357134 0.569995
vt 0.356702 0.585115
vt 0.864793 0.645676
vt 0.860998 0.660829
vt 0.860615 0.645723
vt 0.865296 0.660784
vt 0.861316 0.675928
vt 0.856943 0.675958
vt 0.856723 0.660861
vt 0.856461 0.645757
vt 0.377224 0.585060
vt 0.374367 0.600203
vt 0.373744 0.585079
vt 0.378050 0.600168
vt 0.374933 0.615322
vt 0.371090 0.615355
vt 0.370707 0.600231
vt 0.370286 0.585097
vt 0.364172 0.960154
vt 0.361808 0.946310
vt 0.364151 0.946290
vt 0.364166 0.970611
vt 0.362118 0.960178
vt 0.362246 0.970627
vt 0.360073 0.960305
vt 0.359463 0.946401
vt 0.848589 0.826824
vt 0.844692 0.841949
vt 0.844517 0.826835
vt 0.848621 0.841938
vt 0.844888 0.857072
vt 0.841093 0.857094
vt 0.840733 0.841973
vt 0.840414 0.826859
vt 0.363886 0.826657
vt 0.359980 0.841783
vt 0.359808 0.826668
vt 0.363916 0.841771
vt 0.360174 0.856906
vt 0.356370 0.856928
vt 0.356014 0.841805
vt 0.355699 0.826691
vt 0.121023 0.706161
vt 0.116587 0.721244
vt 0.116594 0.706165
vt 0.121049 0.721238
vt 0.116602 0.736321
vt 0.112100 0.736328
vt 0.112095 0.721246
vt 0.112135 0.706164
vt 0.605488 0.705985
vt 0.601054 0.721067
vt 0.601061 0.705988
vt 0.605515 0.721062
vt 0.601068 0.736144
vt 0.596566 0.736150
vt 0.596564 0.721069
vt 0.596605 0.705986
vt 0.120832 0.600426
vt 0.117414 0.585282
vt 0.120804 0.585281
vt 0.120860 0.615558
vt 0.117241 0.600425
vt 0.117087 0.615557
vt 0.113620 0.600416
vt 0.113995 0.585276
vt 0.848366 0.706156
vt 0.843929 0.721238
vt 0.843937 0.706159
vt 0.848391 0.721233
vt 0.843943 0.736315
vt 0.839440 0.736322
vt 0.839436 0.721241
vt 0.839477 0.706158
vt 0.605279 0.600262
vt 0.601865 0.585122
vt 0.605246 0.585122
vt 0.605312 0.615389
vt 0.601697 0.600261
vt 0.601547 0.615388
vt 0.598085 0.600250
vt 0.598455 0.585115
vt 0.363666 0.705985
vt 0.359230 0.721067
vt 0.359239 0.705988
vt 0.363691 0.721062
vt 0.359244 0.736144
vt 0.354740 0.736150
vt 0.354738 0.721069
vt 0.354781 0.705986
vt 0.848222 0.600424
vt 0.844816 0.585281
vt 0.848206 0.585280
vt 0.848239 0.615555
vt 0.844630 0.600423
vt 0.844465 0.615554
vt 0.841008 0.600414
vt 0.841396 0.585276
vt 0.121452 0.960330
vt 0.119127 0.946492
vt 0.121426 0.946472
vt 0.121476 0.970670
vt 0.119448 0.960353
vt 0.119608 0.970683
vt 0.117453 0.960477
vt 0.116827 0.946584
vt 0.363513 0.600262
vt 0.360113 0.585122
vt 0.363495 0.585122
vt 0.363532 0.615389
vt 0.359930 0.600261
vt 0.359766 0.615388
vt 0.356316 0.600250
vt 0.605878 0.960154
vt 0.603507 0.946310
vt 0.605850 0.946290
vt 0.605917 0.970611
vt 0.603823 0.960178
vt 0.603997 0.970627
vt 0.601778 0.960305
vt 0.601163 0.946401
vt 0.121228 0.826828
vt 0.117324 0.841953
vt 0.117156 0.826839
vt 0.121252 0.841941
vt 0.117511 0.857074
vt 0.113717 0.857097
vt 0.113366 0.841977
vt 0.113054 0.826863
vt 0.848889 0.960332
vt 0.846568 0.946495
vt 0.848867 0.946474
vt 0.848878 0.970669
vt 0.846885 0.960355
vt 0.847010 0.970682
vt 0.844891 0.960479
vt 0.844268 0.946586
vt 0.605686 0.826657
vt 0.601771 0.841782
vt 0.601608 0.826668
vt 0.605707 0.841771
vt 0.601954 0.856906
vt 0.598152 0.856928
vt 0.597807 0.841805
vt 0.597501 0.826691
vt 0.107910 0.570166
vt 0.110528 0.585270
vt 0.107039 0.585261
vt 0.108908 0.555176
vt 0.111172 0.570158
vt 0.111905 0.555190
vt 0.114413 0.570155
vt 0.838764 0.525628
vt 0.841974 0.511874
vt 0.841100 0.525873
vt 0.839965 0.511503
vt 0.842345 0.501440
vt 0.844227 0.501715
vt 0.844001 0.512156
vt 0.843443 0.526063
vt 0.138847 0.781586
vt 0.134517 0.766473
vt 0.139046 0.766487
vt 0.138562 0.796688
vt 0.134374 0.781565
vt 0.134166 0.796659
vt 0.129925 0.781551
vt 0.130012 0.766466
vt 0.858810 0.540339
vt 0.855159 0.525861
vt 0.857498 0.525613
vt 0.857013 0.555171
vt 0.856126 0.540451
vt 0.854032 0.555193
vt 0.853450 0.540542
vt 0.852815 0.526055
vt 0.376910 0.902287
vt 0.374287 0.887183
vt 0.377775 0.887191
vt 0.375917 0.917278
vt 0.373649 0.902295
vt 0.372921 0.917263
vt 0.370408 0.902298
vt 0.370821 0.887176
vt 0.832086 0.826943
vt 0.835867 0.811789
vt 0.836262 0.826895
vt 0.831569 0.811835
vt 0.835538 0.796691
vt 0.839911 0.796660
vt 0.840140 0.811755
vt 0.131375 0.540337
vt 0.127715 0.525859
vt 0.130055 0.525611
vt 0.129587 0.555170
vt 0.128689 0.540449
vt 0.126605 0.555192
vt 0.126011 0.540540
vt 0.125371 0.526052
vt 0.858048 0.947016
vt 0.854863 0.960751
vt 0.855759 0.946769
vt 0.856821 0.961119
vt 0.854434 0.971053
vt 0.852601 0.970786
vt 0.852886 0.960473
vt 0.853464 0.946578
vt 0.130609 0.947014
vt 0.127425 0.960749
vt 0.128320 0.946767
vt 0.129382 0.961117
vt 0.127029 0.971053
vt 0.125198 0.970786
vt 0.125449 0.960471
vt 0.126023 0.946576
vt 0.830632 0.691040
vt 0.834969 0.706152
vt 0.830436 0.706140
vt 0.830916 0.675938
vt 0.835110 0.691060
vt 0.835317 0.675965
vt 0.839563 0.691072
vt 0.830549 0.766532
vt 0.834950 0.751417
vt 0.835079 0.766506
vt 0.830385 0.751434
vt 0.834888 0.736329
vt 0.839490 0.751403
vt 0.839586 0.766486
vt 0.834986 0.887392
vt 0.837828 0.872248
vt 0.838470 0.887372
vt 0.834142 0.872283
vt 0.837248 0.857127
vt 0.841491 0.872220
vt 0.841930 0.887354
vt 0.107591 0.887393
vt 0.110443 0.872250
vt 0.111072 0.887373
vt 0.106760 0.872285
vt 0.109874 0.857131
vt 0.114104 0.872222
vt 0.114531 0.887355
vt 0.866286 0.706089
vt 0.861882 0.721203
vt 0.861758 0.706114
vt 0.866443 0.721187
vt 0.861940 0.736290
vt 0.857392 0.736296
vt 0.857344 0.721215
vt 0.857253 0.706133
vt 0.866186 0.781581
vt 0.861856 0.766468
vt 0.866382 0.766481
vt 0.865904 0.796683
vt 0.861716 0.781559
vt 0.861512 0.796654
vt 0.857269 0.781546
vt 0.857353 0.766460
vt 0.861582 0.902454
vt 0.858971 0.887346
vt 0.862450 0.887357
vt 0.860565 0.917450
vt 0.858331 0.902458
vt 0.857586 0.917431
vt 0.855101 0.902458
vt 0.855514 0.887337
vt 0.134174 0.902454
vt 0.131574 0.887347
vt 0.135056 0.887359
vt 0.133144 0.917449
vt 0.130921 0.902458
vt 0.130163 0.917430
vt 0.127689 0.902458
vt 0.128115 0.887338
vt 0.347360 0.826772
vt 0.351150 0.811619
vt 0.351542 0.826725
vt 0.346848 0.811663
vt 0.350825 0.796519
vt 0.355201 0.796490
vt 0.355428 0.811586
vt 0.589168 0.826772
vt 0.592963 0.811619
vt 0.593347 0.826725
vt 0.588664 0.811663
vt 0.592643 0.796519
vt 0.597017 0.796489
vt 0.597238 0.811586
vt 0.379864 0.841842
vt 0.376224 0.826691
vt 0.380402 0.826726
vt 0.379245 0.856960
vt 0.375828 0.841807
vt 0.375372 0.856929
vt 0.371816 0.841784
vt 0.372070 0.826668
vt 0.605592 0.766291
vt 0.601243 0.781382
vt 0.601163 0.766300
vt 0.605617 0.781372
vt 0.601343 0.796470
vt 0.596840 0.781399
vt 0.596706 0.766314
vt 0.364013 0.887172
vt 0.360881 0.902306
vt 0.360623 0.887180
vt 0.364048 0.902299
vt 0.361166 0.917245
vt 0.358222 0.917261
vt 0.357685 0.902314
vt 0.357203 0.887194
vt 0.848471 0.766462
vt 0.844128 0.781553
vt 0.844043 0.766471
vt 0.848499 0.781543
vt 0.844235 0.796640
vt 0.839726 0.781571
vt 0.363771 0.766291
vt 0.359424 0.781382
vt 0.359341 0.766300
vt 0.363798 0.781372
vt 0.359529 0.796470
vt 0.355019 0.781399
vt 0.354882 0.766314
vt 0.120942 0.660899
vt 0.116837 0.645795
vt 0.120915 0.645796
vt 0.120969 0.675993
vt 0.116744 0.660900
vt 0.116672 0.675995
vt 0.112516 0.660890
vt 0.112730 0.645784
vt 0.605402 0.660726
vt 0.601301 0.645624
vt 0.605373 0.645625
vt 0.605432 0.675819
vt 0.601209 0.660727
vt 0.601139 0.675820
vt 0.596987 0.660716
vt 0.597200 0.645612
vt 0.120683 0.526164
vt 0.118071 0.540593
vt 0.118341 0.526148
vt 0.120744 0.555216
vt 0.120713 0.540601
vt 0.117826 0.555215
vt 0.115416 0.540551
vt 0.115998 0.526060
vt 0.848298 0.660895
vt 0.844199 0.645791
vt 0.848277 0.645792
vt 0.848320 0.675988
vt 0.844099 0.660895
vt 0.844022 0.675990
vt 0.839870 0.660885
vt 0.605110 0.525982
vt 0.602530 0.540423
vt 0.602811 0.525965
vt 0.605176 0.555055
vt 0.605142 0.540431
vt 0.602275 0.555054
vt 0.599906 0.540379
vt 0.600513 0.525878
vt 0.363595 0.660726
vt 0.359501 0.645624
vt 0.363573 0.645625
vt 0.363618 0.675819
vt 0.359401 0.660727
vt 0.359324 0.675820
vt 0.355177 0.660716
vt 0.355398 0.645612
vt 0.848129 0.526166
vt 0.845510 0.540595
vt 0.845786 0.526150
vt 0.848173 0.555217
vt 0.848152 0.540603
vt 0.845255 0.555216
vt 0.842855 0.540553
vt 0.121323 0.887331
vt 0.118189 0.902464
vt 0.117942 0.887340
vt 0.121346 0.902456
vt 0.118469 0.917406
vt 0.115543 0.917425
vt 0.115004 0.902474
vt 0.363408 0.525982
vt 0.360821 0.540423
vt 0.361109 0.525965
vt 0.363457 0.555055
vt 0.363433 0.540431
vt 0.360555 0.555054
vt 0.358196 0.540378
vt 0.358810 0.525877
vt 0.605764 0.887172
vt 0.602616 0.902306
vt 0.602375 0.887180
vt 0.605782 0.902299
vt 0.602884 0.917245
vt 0.599942 0.917261
vt 0.599421 0.902314
vt 0.598956 0.887194
vt 0.121128 0.766467
vt 0.116782 0.781558
vt 0.116700 0.766476
vt 0.121153 0.781548
vt 0.116885 0.796645
vt 0.112563 0.796665
vt 0.112382 0.781576
vt 0.112244 0.766491
vt 0.848724 0.887330
vt 0.845603 0.902464
vt 0.845342 0.887339
vt 0.848761 0.902456
vt 0.845895 0.917408
vt 0.842968 0.917426
vt 0.842417 0.902474
vt 0.861969 0.585226
vt 0.859101 0.600368
vt 0.858480 0.585242
vt 0.862792 0.600335
vt 0.859663 0.615490
vt 0.855813 0.615522
vt 0.855433 0.600395
vt 0.855014 0.585258
vt 0.373512 0.946828
vt 0.370299 0.960581
vt 0.371177 0.946583
vt 0.372310 0.960953
vt 0.369878 0.971013
vt 0.367993 0.970737
vt 0.368270 0.960299
vt 0.368836 0.946393
vt 0.350242 0.887226
vt 0.353095 0.872082
vt 0.353734 0.887210
vt 0.349401 0.872115
vt 0.352518 0.856959
vt 0.356766 0.872056
vt 0.134573 0.585227
vt 0.131715 0.600371
vt 0.131082 0.585243
vt 0.135409 0.600338
vt 0.132288 0.615493
vt 0.128436 0.615525
vt 0.128045 0.600397
vt 0.127613 0.585259
vt 0.111321 0.525625
vt 0.114534 0.511872
vt 0.113657 0.525871
vt 0.112523 0.511501
vt 0.114940 0.501440
vt 0.116824 0.501716
vt 0.116562 0.512154
vt 0.838292 0.932298
vt 0.841968 0.946780
vt 0.839674 0.947030
vt 0.840001 0.917450
vt 0.840947 0.932182
vt 0.843595 0.932087
vt 0.110860 0.932296
vt 0.114528 0.946778
vt 0.112235 0.947028
vt 0.112577 0.917450
vt 0.113514 0.932180
vt 0.116160 0.932086
vt 0.864539 0.842013
vt 0.860910 0.826861
vt 0.865082 0.826898
vt 0.863918 0.857131
vt 0.860511 0.841976
vt 0.860053 0.857097
vt 0.856506 0.841952
vt 0.856762 0.826837
vt 0.592388 0.569999
vt 0.594998 0.585105
vt 0.591518 0.585094
vt 0.593408 0.555004
vt 0.595640 0.569995
vt 0.596387 0.555023
vt 0.598871 0.569995
vt 0.345842 0.766357
vt 0.350247 0.751244
vt 0.350374 0.766333
vt 0.345682 0.751259
vt 0.350188 0.736156
vt 0.354788 0.751231
vt 0.621663 0.841842
vt 0.618029 0.826691
vt 0.622210 0.826726
vt 0.621032 0.856960
vt 0.617623 0.841807
vt 0.617156 0.856929
vt 0.613608 0.841784
vt 0.613872 0.826668
vt 0.354224 0.525439
vt 0.357408 0.511704
vt 0.356513 0.525686
vt 0.355451 0.511336
vt 0.357790 0.501400
vt 0.359620 0.501667
vt 0.359384 0.511982
vt 0.618983 0.585060
vt 0.616138 0.600203
vt 0.615499 0.585079
vt 0.619824 0.600168
vt 0.616717 0.615322
vt 0.612872 0.615355
vt 0.612476 0.600231
vt 0.612039 0.585097
vt 0.381499 0.781406
vt 0.377163 0.766295
vt 0.381691 0.766306
vt 0.381221 0.796509
vt 0.377026 0.781386
vt 0.376824 0.796482
vt 0.372575 0.781375
vt 0.372657 0.766289
vt 0.373970 0.540157
vt 0.370305 0.525675
vt 0.372598 0.525425
vt 0.372249 0.555004
vt 0.371317 0.540273
vt 0.369285 0.555029
vt 0.368671 0.540368
vt 0.368007 0.525870
vt 0.595929 0.525439
vt 0.599114 0.511704
vt 0.598217 0.525686
vt 0.597155 0.511336
vt 0.599536 0.501400
vt 0.601369 0.501667
vt 0.601090 0.511982
vt 0.103292 0.691046
vt 0.107629 0.706158
vt 0.103100 0.706146
vt 0.103572 0.675943
vt 0.107767 0.691066
vt 0.107971 0.675970
vt 0.112219 0.691078
vt 0.138949 0.706095
vt 0.134544 0.721208
vt 0.134418 0.706119
vt 0.139108 0.721193
vt 0.134603 0.736296
vt 0.130052 0.736302
vt 0.130004 0.721221
vt 0.129911 0.706138
vt 0.595166 0.932116
vt 0.598819 0.946595
vt 0.596480 0.946843
vt 0.596961 0.917283
vt 0.597850 0.932005
vt 0.600527 0.931913
vt 0.615684 0.540157
vt 0.612009 0.525675
vt 0.614303 0.525426
vt 0.613973 0.555004
vt 0.613029 0.540273
vt 0.611006 0.555029
vt 0.610381 0.540368
vt 0.609709 0.525870
vt 0.104937 0.630610
vt 0.108575 0.645761
vt 0.104396 0.645726
vt 0.105560 0.615492
vt 0.108974 0.630645
vt 0.109434 0.615524
vt 0.112987 0.630669
vt 0.345945 0.690866
vt 0.350275 0.705979
vt 0.345745 0.705965
vt 0.346232 0.675764
vt 0.350419 0.690887
vt 0.350629 0.675793
vt 0.354869 0.690901
vt 0.615213 0.946828
vt 0.612003 0.960581
vt 0.612877 0.946583
vt 0.614013 0.960953
vt 0.611626 0.971013
vt 0.609743 0.970737
vt 0.609976 0.960299
vt 0.610535 0.946393
vt 0.137438 0.645680
vt 0.133646 0.660834
vt 0.133257 0.645727
vt 0.137948 0.660789
vt 0.133970 0.675933
vt 0.129594 0.675963
vt 0.129370 0.660866
vt 0.129101 0.645761
vt 0.592000 0.887226
vt 0.594866 0.872082
vt 0.595489 0.887209
vt 0.591174 0.872115
vt 0.594302 0.856959
vt 0.598534 0.872056
vt 0.381579 0.705914
vt 0.377180 0.721029
vt 0.377052 0.705941
vt 0.381740 0.721012
vt 0.377241 0.736117
vt 0.372692 0.736124
vt 0.372643 0.721043
vt 0.372549 0.705961
vt 0.587772 0.690865
vt 0.592102 0.705979
vt 0.587575 0.705965
vt 0.588054 0.675764
vt 0.592242 0.690887
vt 0.592447 0.675793
vt 0.596690 0.690901
vt 0.347624 0.630435
vt 0.351247 0.645587
vt 0.347071 0.645550
vt 0.348258 0.615319
vt 0.351656 0.630472
vt 0.352127 0.615353
vt 0.355664 0.630497
vt 0.618652 0.902287
vt 0.616042 0.887183
vt 0.619534 0.887191
vt 0.617643 0.917278
vt 0.615387 0.902295
vt 0.614644 0.917263
vt 0.612145 0.902298
vt 0.612574 0.887176
vt 0.623409 0.705914
vt 0.619008 0.721029
vt 0.618879 0.705941
vt 0.623572 0.721012
vt 0.619070 0.736117
vt 0.614518 0.736124
vt 0.614468 0.721043
vt 0.614373 0.705961
vt 0.104731 0.826948
vt 0.108515 0.811794
vt 0.108905 0.826899
vt 0.104220 0.811840
vt 0.108192 0.796696
vt 0.112787 0.811760
vt 0.380067 0.645505
vt 0.376281 0.660658
vt 0.375895 0.645553
vt 0.380575 0.660612
vt 0.376603 0.675756
vt 0.372233 0.675787
vt 0.372011 0.660692
vt 0.371746 0.645589
vt 0.589423 0.630435
vt 0.593051 0.645587
vt 0.588879 0.645550
vt 0.590046 0.615319
vt 0.593452 0.630472
vt 0.593911 0.615353
vt 0.597457 0.630497
vt 0.587672 0.766357
vt 0.592076 0.751243
vt 0.592200 0.766333
vt 0.587514 0.751259
vt 0.592017 0.736156
vt 0.596614 0.751231
vt 0.835319 0.570166
vt 0.837927 0.585268
vt 0.834435 0.585260
vt 0.836331 0.555176
vt 0.838584 0.570158
vt 0.839330 0.555191
vt 0.841828 0.570155
vt 0.623326 0.781406
vt 0.618989 0.766294
vt 0.623521 0.766306
vt 0.623043 0.796509
vt 0.618849 0.781386
vt 0.618642 0.796482
vt 0.614396 0.781374
vt 0.614481 0.766288
vt 0.137178 0.842017
vt 0.133553 0.826865
vt 0.137727 0.826902
vt 0.136547 0.857134
vt 0.133147 0.841980
vt 0.132680 0.857100
vt 0.129140 0.841955
vt 0.129402 0.826841
vt 0.621875 0.645504
vt 0.618094 0.660658
vt 0.617699 0.645553
vt 0.622391 0.660612
vt 0.618421 0.675756
vt 0.614049 0.675787
vt 0.613821 0.660692
vt 0.613548 0.645589
vt 0.353455 0.932116
vt 0.357119 0.946595
vt 0.354779 0.946843
vt 0.355239 0.917283
vt 0.356142 0.932005
vt 0.358820 0.931913
vt 0.103212 0.766538
vt 0.107611 0.751423
vt 0.107740 0.766511
vt 0.103050 0.751440
vt 0.107550 0.736335
vt 0.112150 0.751409
vt 0.640244 0.705812
vt 0.644156 0.690628
vt 0.644676 0.705770
vt 0.639776 0.690684
vt 0.643443 0.675496
vt 0.651888 0.690412
vt 0.652464 0.705619
vt 0.570853 0.766446
vt 0.574508 0.751304
vt 0.574762 0.766431
vt 0.570568 0.751314
vt 0.574407 0.736175
vt 0.578524 0.736171
vt 0.578614 0.751292
vt 0.578837 0.766412
vt 0.640598 0.751213
vt 0.644798 0.766370
vt 0.640364 0.766347
vt 0.640658 0.736078
vt 0.645064 0.751220
vt 0.652966 0.736051
vt 0.652886 0.751271
vt 0.652588 0.766487
vt 0.571178 0.690782
vt 0.574672 0.705920
vt 0.570766 0.705911
vt 0.571761 0.675659
vt 0.575032 0.690795
vt 0.575542 0.675673
vt 0.579052 0.690810
vt 0.578745 0.705929
vt 0.638623 0.811718
vt 0.641796 0.826889
vt 0.637695 0.826824
vt 0.639377 0.796601
vt 0.642840 0.811777
vt 0.651343 0.796898
vt 0.650394 0.812086
vt 0.649224 0.827257
vt 0.573704 0.826913
vt 0.576427 0.811790
vt 0.577285 0.826898
vt 0.572733 0.811810
vt 0.575720 0.796675
vt 0.579670 0.796649
vt 0.580283 0.811764
vt 0.581026 0.826876
vt 0.392109 0.872045
vt 0.393958 0.887115
vt 0.390542 0.887071
vt 0.393518 0.856993
vt 0.395726 0.872100
vt 0.402579 0.872627
vt 0.346246 0.947010
vt 0.345896 0.932174
vt 0.348197 0.947156
vt 0.343664 0.932052
vt 0.343798 0.917199
vt 0.346423 0.917280
vt 0.348251 0.932243
vt 0.350251 0.947200
vt 0.384526 0.932017
vt 0.384303 0.946903
vt 0.382013 0.946988
vt 0.386813 0.917051
vt 0.387169 0.931996
vt 0.389748 0.917060
vt 0.392543 0.932609
vt 0.388860 0.947315
vt 0.337447 0.887136
vt 0.338941 0.872146
vt 0.340380 0.887188
vt 0.335815 0.872117
vt 0.337641 0.857081
vt 0.341095 0.857081
vt 0.342218 0.872165
vt 0.343462 0.887231
vt 0.866015 0.525445
vt 0.865440 0.511419
vt 0.868306 0.525526
vt 0.863541 0.511147
vt 0.864072 0.501610
vt 1.000000 0.487625
vt 0.995855 0.487248
vt 0.999218 0.473306
vt 0.832669 0.511156
vt 0.832195 0.525320
vt 0.830248 0.525467
vt 0.833757 0.500893
vt 0.834335 0.510970
vt 0.835290 0.500631
vt 0.836091 0.510938
vt 0.834245 0.525275
vt 0.396784 0.811718
vt 0.399955 0.826890
vt 0.395864 0.826824
vt 0.397531 0.796601
vt 0.400991 0.811778
vt 0.408520 0.812086
vt 0.331873 0.826913
vt 0.334595 0.811790
vt 0.335461 0.826898
vt 0.330893 0.811810
vt 0.333882 0.796675
vt 0.337838 0.796649
vt 0.338457 0.811764
vt 0.339208 0.826876
vt 0.883429 0.751399
vt 0.887608 0.766560
vt 0.883188 0.766533
vt 0.883496 0.736265
vt 0.887881 0.751411
vt 0.895764 0.736251
vt 0.816619 0.827094
vt 0.819328 0.811970
vt 0.820202 0.827077
vt 0.815631 0.811993
vt 0.818609 0.796856
vt 0.822562 0.796827
vt 0.823187 0.811941
vt 0.823944 0.827052
vt 0.881441 0.811900
vt 0.884599 0.827074
vt 0.880515 0.827006
vt 0.882194 0.796785
vt 0.885641 0.811964
vt 0.894113 0.797094
vt 0.813710 0.766633
vt 0.817362 0.751487
vt 0.817626 0.766613
vt 0.813415 0.751500
vt 0.817254 0.736359
vt 0.821378 0.736351
vt 0.821475 0.751472
vt 0.821706 0.766592
vt 0.876742 0.872222
vt 0.878581 0.887295
vt 0.875176 0.887248
vt 0.878153 0.857172
vt 0.880350 0.872280
vt 0.888998 0.857719
vt 0.822225 0.887312
vt 0.823707 0.872321
vt 0.825149 0.887362
vt 0.820589 0.872294
vt 0.822402 0.857258
vt 0.825848 0.857256
vt 0.826976 0.872338
vt 0.828223 0.887403
vt 0.883101 0.705998
vt 0.887018 0.690818
vt 0.887524 0.705960
vt 0.882646 0.690870
vt 0.886320 0.675684
vt 0.895285 0.705817
vt 0.813998 0.690968
vt 0.817508 0.706102
vt 0.813590 0.706098
vt 0.814578 0.675844
vt 0.817864 0.690977
vt 0.818372 0.675855
vt 0.821894 0.690989
vt 0.821590 0.706109
vt 0.398742 0.751213
vt 0.402933 0.766370
vt 0.398509 0.766347
vt 0.398801 0.736078
vt 0.403197 0.751221
vt 0.411075 0.736052
vt 0.410995 0.751271
vt 0.328998 0.766447
vt 0.332659 0.751304
vt 0.332915 0.766431
vt 0.328712 0.751314
vt 0.332558 0.736176
vt 0.336681 0.736171
vt 0.336772 0.751292
vt 0.336997 0.766413
vt 0.398389 0.705812
vt 0.402295 0.690628
vt 0.402812 0.705770
vt 0.397925 0.690684
vt 0.401588 0.675496
vt 0.410003 0.690412
vt 0.329327 0.690783
vt 0.332825 0.705920
vt 0.328911 0.705912
vt 0.329915 0.675659
vt 0.333189 0.690795
vt 0.333704 0.675674
vt 0.337215 0.690810
vt 0.336905 0.705930
vt 0.152918 0.645539
vt 0.155731 0.630373
vt 0.157017 0.645462
vt 0.151768 0.630451
vt 0.154261 0.615307
vt 0.162997 0.629927
vt 0.164436 0.645071
vt 0.086678 0.690975
vt 0.090185 0.706109
vt 0.086273 0.706105
vt 0.087254 0.675851
vt 0.090538 0.690984
vt 0.091042 0.675861
vt 0.094563 0.690996
vt 0.094262 0.706116
vt 0.155785 0.706005
vt 0.159707 0.690825
vt 0.160216 0.705968
vt 0.155327 0.690877
vt 0.159005 0.675692
vt 0.167433 0.690619
vt 0.167998 0.705827
vt 0.090021 0.630535
vt 0.092509 0.645632
vt 0.088927 0.645628
vt 0.091280 0.615460
vt 0.093469 0.630530
vt 0.094573 0.615441
vt 0.097075 0.630533
vt 0.096251 0.645644
vt 0.156115 0.751407
vt 0.160301 0.766568
vt 0.155872 0.766540
vt 0.156182 0.736272
vt 0.160576 0.751420
vt 0.168479 0.736261
vt 0.168389 0.751480
vt 0.168081 0.766696
vt 0.086393 0.766640
vt 0.090041 0.751494
vt 0.090303 0.766620
vt 0.086099 0.751508
vt 0.089933 0.736366
vt 0.094052 0.736358
vt 0.094148 0.751479
vt 0.094378 0.766599
vt 0.147361 0.585317
vt 0.148757 0.570288
vt 0.150785 0.585264
vt 0.145559 0.570325
vt 0.146454 0.555340
vt 0.152368 0.554682
vt 0.155060 0.569653
vt 0.157397 0.584669
vt 0.096012 0.570381
vt 0.097191 0.585322
vt 0.094265 0.585381
vt 0.098006 0.555402
vt 0.098726 0.570297
vt 0.100487 0.555295
vt 0.101587 0.570223
vt 0.100268 0.585272
vt 0.637338 0.645352
vt 0.640135 0.630184
vt 0.641435 0.645271
vt 0.636176 0.630265
vt 0.638651 0.615120
vt 0.647403 0.629731
vt 0.648856 0.644872
vt 0.574544 0.630348
vt 0.577016 0.645448
vt 0.573442 0.645440
vt 0.575807 0.615275
vt 0.577982 0.630346
vt 0.579090 0.615259
vt 0.581578 0.630353
vt 0.580750 0.645463
vt 0.631740 0.585137
vt 0.633111 0.570106
vt 0.635158 0.585082
vt 0.629921 0.570145
vt 0.630743 0.555160
vt 0.636666 0.554506
vt 0.639415 0.569471
vt 0.641770 0.584485
vt 0.580542 0.570200
vt 0.581703 0.585145
vt 0.578789 0.585201
vt 0.582586 0.555221
vt 0.583243 0.570119
vt 0.585046 0.555114
vt 0.586090 0.570047
vt 0.584769 0.585098
vt 0.138583 0.525444
vt 0.138010 0.511418
vt 0.140882 0.525526
vt 0.136103 0.511145
vt 0.136669 0.501610
vt 0.500000 0.022966
vt 0.505704 0.015342
vt 0.504026 0.023225
vt 0.141439 0.511647
vt 0.145459 0.525102
vt 0.105232 0.511154
vt 0.104758 0.525318
vt 0.102815 0.525466
vt 0.106347 0.500893
vt 0.106895 0.510968
vt 0.107878 0.500631
vt 0.108649 0.510935
vt 0.106805 0.525273
vt 0.626255 0.932017
vt 0.626027 0.946903
vt 0.623728 0.946988
vt 0.628558 0.917051
vt 0.628909 0.931996
vt 0.631503 0.917060
vt 0.634314 0.932609
vt 0.630620 0.947315
vt 0.587961 0.947010
vt 0.587619 0.932174
vt 0.589906 0.947156
vt 0.585392 0.932052
vt 0.585536 0.917199
vt 0.588157 0.917280
vt 0.589969 0.932243
vt 0.591956 0.947200
vt 0.880253 0.645533
vt 0.883067 0.630367
vt 0.884344 0.645455
vt 0.879112 0.630445
vt 0.881606 0.615302
vt 0.891743 0.645063
vt 0.817366 0.630529
vt 0.819851 0.645627
vt 0.816263 0.645622
vt 0.818634 0.615455
vt 0.820819 0.630525
vt 0.821933 0.615437
vt 0.824430 0.630529
vt 0.823598 0.645639
vt 0.874739 0.585314
vt 0.876141 0.570286
vt 0.878155 0.585260
vt 0.872951 0.570323
vt 0.873853 0.555339
vt 0.884745 0.584664
vt 0.823405 0.570379
vt 0.824575 0.585320
vt 0.821643 0.585379
vt 0.825413 0.555401
vt 0.826124 0.570296
vt 0.827898 0.555295
vt 0.828989 0.570222
vt 0.827656 0.585270
vt 0.622638 0.525290
vt 0.621947 0.511366
vt 0.624897 0.525393
vt 0.620094 0.511052
vt 0.620596 0.501722
vt 0.986731 0.020338
vt 0.994527 0.025738
vt 0.986338 0.024148
vt 0.625388 0.511668
vt 0.629506 0.525004
vt 0.590099 0.511059
vt 0.589514 0.525145
vt 0.587625 0.525310
vt 0.591237 0.500958
vt 0.591696 0.510841
vt 0.592698 0.500658
vt 0.593389 0.510787
vt 0.591510 0.525088
vt 0.868980 0.932194
vt 0.868595 0.947038
vt 0.866350 0.947144
vt 0.871384 0.917232
vt 0.871595 0.932166
vt 0.874301 0.917240
vt 0.831337 0.947165
vt 0.830831 0.932356
vt 0.833236 0.947329
vt 0.828632 0.932228
vt 0.828628 0.917379
vt 0.831236 0.917460
vt 0.833152 0.932429
vt 0.835241 0.947385
vt 0.395507 0.645352
vt 0.398304 0.630184
vt 0.399594 0.645271
vt 0.394355 0.630265
vt 0.396831 0.615120
vt 0.405547 0.629731
vt 0.332722 0.630349
vt 0.335192 0.645448
vt 0.331611 0.645440
vt 0.333997 0.615275
vt 0.336167 0.630347
vt 0.337287 0.615259
vt 0.339770 0.630353
vt 0.338932 0.645463
vt 0.389960 0.585137
vt 0.391339 0.570106
vt 0.393368 0.585082
vt 0.388159 0.570145
vt 0.388987 0.555160
vt 0.394881 0.554506
vt 0.397614 0.569471
vt 0.338779 0.570201
vt 0.339930 0.585145
vt 0.337008 0.585202
vt 0.340839 0.555221
vt 0.341486 0.570119
vt 0.343305 0.555114
vt 0.344339 0.570047
vt 0.343001 0.585098
vt 0.149379 0.872226
vt 0.151212 0.887298
vt 0.147800 0.887251
vt 0.150801 0.857177
vt 0.152994 0.872285
vt 0.161675 0.857726
vt 0.159857 0.872816
vt 0.157818 0.887875
vt 0.103909 0.947164
vt 0.103409 0.932356
vt 0.105804 0.947328
vt 0.101215 0.932227
vt 0.101218 0.917379
vt 0.103821 0.917460
vt 0.105726 0.932428
vt 0.107805 0.947383
vt 0.141565 0.932194
vt 0.141176 0.947038
vt 0.138923 0.947143
vt 0.143980 0.917232
vt 0.144187 0.932166
vt 0.146905 0.917241
vt 0.149597 0.932767
vt 0.145777 0.947415
vt 0.094847 0.887315
vt 0.096336 0.872324
vt 0.097766 0.887365
vt 0.093224 0.872298
vt 0.095043 0.857262
vt 0.098484 0.857260
vt 0.099601 0.872341
vt 0.100835 0.887405
vt 0.380919 0.525290
vt 0.380227 0.511366
vt 0.383169 0.525393
vt 0.378384 0.511052
vt 0.378847 0.501722
vt 0.513286 0.490270
vt 0.505454 0.484834
vt 0.513559 0.486343
vt 0.383631 0.511668
vt 0.348388 0.511059
vt 0.347800 0.525145
vt 0.345906 0.525310
vt 0.349495 0.500958
vt 0.349989 0.510841
vt 0.350959 0.500658
vt 0.351685 0.510787
vt 0.349800 0.525088
vt 0.154113 0.811907
vt 0.157273 0.827081
vt 0.153180 0.827012
vt 0.154871 0.796792
vt 0.158322 0.811971
vt 0.166819 0.797104
vt 0.165863 0.812289
vt 0.164687 0.827457
vt 0.089283 0.827100
vt 0.091993 0.811976
vt 0.092860 0.827082
vt 0.088302 0.811999
vt 0.091279 0.796863
vt 0.095227 0.796833
vt 0.095846 0.811947
vt 0.096597 0.827057
vt 0.633905 0.872045
vt 0.635748 0.887115
vt 0.632323 0.887071
vt 0.635327 0.856993
vt 0.637532 0.872100
vt 0.646228 0.857532
vt 0.644411 0.872627
vt 0.642371 0.887690
vt 0.579226 0.887136
vt 0.580730 0.872146
vt 0.582153 0.887188
vt 0.577611 0.872117
vt 0.579444 0.857081
vt 0.582892 0.857081
vt 0.584001 0.872165
vt 0.585229 0.887231
vt 0.583054 0.917097
vt 0.583732 0.902206
vt 0.581017 0.902128
vt 0.586593 0.902274
vt 0.574222 0.917770
vt 0.577825 0.902164
vt 0.580116 0.917113
vt 0.571541 0.902799
vt 0.575809 0.887189
vt 0.567140 0.872729
vt 0.569214 0.887783
vt 0.565286 0.857643
vt 0.573992 0.872182
vt 0.576151 0.857071
vt 0.630564 0.902072
vt 0.633763 0.902101
vt 0.640077 0.902717
vt 0.637429 0.917701
vt 0.624981 0.902230
vt 0.626073 0.917158
vt 0.623451 0.917244
vt 0.626311 0.887180
vt 0.627845 0.902156
vt 0.629392 0.887130
vt 0.627504 0.872109
vt 0.628577 0.857021
vt 0.630780 0.872082
vt 0.632029 0.857011
vt 0.091756 0.857255
vt 0.093881 0.842180
vt 0.090439 0.842187
vt 0.097480 0.842163
vt 0.079235 0.842721
vt 0.087963 0.857332
vt 0.080894 0.857835
vt 0.077788 0.827579
vt 0.086487 0.842268
vt 0.076563 0.812416
vt 0.085193 0.827181
vt 0.075558 0.797235
vt 0.084096 0.812076
vt 0.087494 0.796888
vt 0.152072 0.842103
vt 0.154597 0.857243
vt 0.156027 0.842173
vt 0.163287 0.842604
vt 0.145029 0.842099
vt 0.147514 0.857193
vt 0.144072 0.857200
vt 0.145863 0.826989
vt 0.148629 0.842106
vt 0.149602 0.827004
vt 0.146565 0.811876
vt 0.147135 0.796760
vt 0.150420 0.811894
vt 0.151085 0.796778
vt 0.343259 0.540259
vt 0.345453 0.540128
vt 0.347769 0.540052
vt 0.345909 0.555029
vt 0.337911 0.555212
vt 0.331985 0.554575
vt 0.340633 0.540287
vt 0.343649 0.525415
vt 0.343094 0.511678
vt 0.494546 0.025757
vt 0.499982 0.033378
vt 0.496005 0.033661
vt 0.347838 0.501714
vt 0.346538 0.511372
vt 0.386066 0.555176
vt 0.386228 0.540249
vt 0.383609 0.540226
vt 0.381002 0.554994
vt 0.381416 0.540097
vt 0.383603 0.555074
vt 0.379101 0.540025
vt 0.379026 0.525126
vt 0.377026 0.525070
vt 0.376784 0.510833
vt 0.375088 0.510778
vt 0.375733 0.500660
vt 0.377195 0.500962
vt 0.098753 0.917277
vt 0.099360 0.902383
vt 0.096655 0.902308
vt 0.102212 0.902449
vt 0.089925 0.917946
vt 0.093472 0.902347
vt 0.095829 0.917293
vt 0.087186 0.902981
vt 0.091436 0.887371
vt 0.082758 0.872918
vt 0.084842 0.887967
vt 0.089611 0.872366
vt 0.136443 0.961394
vt 0.136980 0.970739
vt 0.135326 0.971495
vt 0.138290 0.961082
vt 0.141722 0.960775
vt 0.500018 0.477213
vt 0.503172 0.487051
vt 0.133148 0.961667
vt 0.133863 0.971795
vt 0.132308 0.971909
vt 0.135032 0.947365
vt 0.134843 0.961612
vt 0.137030 0.947308
vt 0.137058 0.932401
vt 0.138914 0.917424
vt 0.139372 0.932325
vt 0.141516 0.917339
vt 0.107626 0.971491
vt 0.108048 0.961621
vt 0.109089 0.971794
vt 0.106447 0.961402
vt 0.109745 0.961676
vt 0.110644 0.971909
vt 0.486714 0.020322
vt 0.496828 0.023540
vt 0.101184 0.960785
vt 0.101656 0.947061
vt 0.104601 0.961088
vt 0.105971 0.970731
vt 0.097071 0.947449
vt 0.098592 0.932205
vt 0.093196 0.932820
vt 0.146035 0.902252
vt 0.149219 0.902284
vt 0.155516 0.902899
vt 0.152821 0.917877
vt 0.140479 0.902406
vt 0.141811 0.887355
vt 0.143330 0.902334
vt 0.144880 0.887308
vt 0.143001 0.872285
vt 0.146266 0.872261
vt 0.335424 0.600226
vt 0.338539 0.600192
vt 0.341806 0.600167
vt 0.340731 0.615253
vt 0.323112 0.614726
vt 0.331805 0.600168
vt 0.330198 0.615209
vt 0.333593 0.585154
vt 0.329286 0.569553
vt 0.335591 0.570169
vt 0.393041 0.615197
vt 0.395188 0.600086
vt 0.391578 0.600155
vt 0.403892 0.614616
vt 0.386318 0.615192
vt 0.388468 0.600128
vt 0.389757 0.615190
vt 0.385206 0.600112
vt 0.387044 0.585088
vt 0.383977 0.585048
vt 0.385456 0.570070
vt 0.382606 0.570004
vt 0.330675 0.660545
vt 0.334370 0.660558
vt 0.338227 0.660576
vt 0.337655 0.675692
vt 0.317956 0.675348
vt 0.326463 0.660481
vt 0.325609 0.675604
vt 0.327515 0.645371
vt 0.328764 0.630279
vt 0.321495 0.629847
vt 0.397291 0.675564
vt 0.400688 0.660376
vt 0.396486 0.660453
vt 0.409215 0.675216
vt 0.389563 0.675619
vt 0.392797 0.660476
vt 0.393509 0.675589
vt 0.388946 0.660505
vt 0.391933 0.645370
vt 0.388198 0.645395
vt 0.390915 0.630273
vt 0.387318 0.630289
vt 0.835035 0.971490
vt 0.835486 0.961623
vt 0.836500 0.971793
vt 0.833882 0.961403
vt 0.837185 0.961678
vt 0.838056 0.971909
vt 0.005473 0.484853
vt 0.013269 0.490253
vt 0.003107 0.486989
vt 0.828581 0.960784
vt 0.829076 0.947061
vt 0.832028 0.961089
vt 0.833374 0.970730
vt 0.826001 0.932204
vt 0.823226 0.917292
vt 0.826158 0.917277
vt 0.863877 0.961396
vt 0.864382 0.970738
vt 0.862734 0.971495
vt 0.865716 0.961082
vt 0.869117 0.960773
vt 1.000000 0.033395
vt 0.996893 0.023603
vt 0.860588 0.961669
vt 0.861273 0.971795
vt 0.859719 0.971909
vt 0.862466 0.947367
vt 0.862281 0.961614
vt 0.864461 0.947309
vt 0.864483 0.932402
vt 0.866328 0.917424
vt 0.866793 0.932326
vt 0.868925 0.917339
vt 0.584992 0.540259
vt 0.587180 0.540128
vt 0.589491 0.540052
vt 0.587644 0.555029
vt 0.576987 0.539685
vt 0.579668 0.555211
vt 0.573772 0.554575
vt 0.580800 0.525037
vt 0.582376 0.540287
vt 0.585378 0.525415
vt 0.584851 0.511678
vt -0.000000 0.477196
vt 0.004097 0.477031
vt 0.589587 0.501714
vt 0.588258 0.511372
vt 0.627813 0.555176
vt 0.627970 0.540249
vt 0.625341 0.540226
vt 0.633387 0.539632
vt 0.622736 0.554994
vt 0.623143 0.540098
vt 0.625343 0.555074
vt 0.620822 0.540025
vt 0.620739 0.525126
vt 0.618735 0.525070
vt 0.618490 0.510833
vt 0.616792 0.510778
vt 0.617471 0.500660
vt 0.618936 0.500962
vt 0.820059 0.600404
vt 0.823184 0.600367
vt 0.826461 0.600341
vt 0.825386 0.615428
vt 0.816429 0.600348
vt 0.814825 0.615391
vt 0.809547 0.599819
vt 0.818216 0.585334
vt 0.820204 0.570350
vt 0.822466 0.555391
vt 0.877809 0.615377
vt 0.879970 0.600266
vt 0.876352 0.600332
vt 0.886817 0.599716
vt 0.871071 0.615367
vt 0.873234 0.600303
vt 0.874518 0.615367
vt 0.869963 0.600285
vt 0.871813 0.585262
vt 0.868738 0.585220
vt 0.870237 0.570246
vt 0.867377 0.570178
vt 0.868435 0.555254
vt 0.870917 0.555355
vt 0.815333 0.660728
vt 0.819035 0.660738
vt 0.822898 0.660753
vt 0.822329 0.675870
vt 0.811115 0.660667
vt 0.810266 0.675793
vt 0.803557 0.660357
vt 0.812160 0.645556
vt 0.813399 0.630462
vt 0.882021 0.675748
vt 0.885429 0.660562
vt 0.881223 0.660635
vt 0.892954 0.660229
vt 0.874287 0.675797
vt 0.877530 0.660656
vt 0.878236 0.675770
vt 0.873675 0.660682
vt 0.876673 0.645548
vt 0.872933 0.645571
vt 0.875666 0.630450
vt 0.872063 0.630464
vt 0.591613 0.971557
vt 0.592100 0.961496
vt 0.593144 0.971822
vt 0.590436 0.961308
vt 0.593856 0.961528
vt 0.594761 0.971909
vt 0.005741 0.015379
vt 0.000000 0.022966
vt 0.003429 0.013102
vt 0.004145 0.023343
vt 0.000782 0.037286
vt 0.588535 0.961035
vt 0.589898 0.970843
vt 0.581114 0.947350
vt 0.582745 0.932036
vt 0.585668 0.946928
vt 0.577375 0.932663
vt 0.621307 0.961299
vt 0.621935 0.970848
vt 0.620215 0.971560
vt 0.623214 0.961027
vt 0.626659 0.960793
vt 0.513787 0.010048
vt 0.503475 0.013147
vt 0.617887 0.961518
vt 0.618682 0.971822
vt 0.617065 0.971908
vt 0.619732 0.947181
vt 0.619642 0.961486
vt 0.621782 0.947135
vt 0.621677 0.932215
vt 0.624026 0.932143
vt 0.100298 0.540436
vt 0.102523 0.540311
vt 0.104870 0.540239
vt 0.103105 0.555209
vt 0.092267 0.539844
vt 0.095067 0.555392
vt 0.089161 0.554752
vt 0.095953 0.525137
vt 0.097651 0.540457
vt 0.100523 0.525550
vt 0.014078 0.014037
vt 0.028685 0.011135
vt 0.028314 0.014882
vt 0.013787 0.010048
vt 0.104632 0.501605
vt 0.103331 0.511426
vt 0.143510 0.555356
vt 0.143815 0.540417
vt 0.141161 0.540401
vt 0.149206 0.539790
vt 0.138400 0.555173
vt 0.138930 0.540279
vt 0.141024 0.555254
vt 0.136577 0.540211
vt 0.136634 0.525297
vt 0.134581 0.525253
vt 0.134436 0.510958
vt 0.132679 0.510925
vt 0.133416 0.500631
vt 0.134948 0.500896
vt 0.577220 0.600226
vt 0.580328 0.600192
vt 0.583590 0.600167
vt 0.582528 0.615253
vt 0.564956 0.614726
vt 0.573611 0.600167
vt 0.572018 0.615209
vt 0.566766 0.599636
vt 0.575383 0.585154
vt 0.571087 0.569553
vt 0.568795 0.584577
vt 0.577364 0.570169
vt 0.634851 0.615197
vt 0.636994 0.600086
vt 0.633374 0.600155
vt 0.643863 0.599534
vt 0.645736 0.614616
vt 0.628115 0.615192
vt 0.630257 0.600128
vt 0.631560 0.615190
vt 0.626989 0.600112
vt 0.628817 0.585088
vt 0.625744 0.585048
vt 0.627212 0.570070
vt 0.624357 0.570004
vt 0.572514 0.660545
vt 0.576203 0.660558
vt 0.580053 0.660576
vt 0.579488 0.675692
vt 0.559836 0.675347
vt 0.568313 0.660480
vt 0.567465 0.675604
vt 0.560787 0.660162
vt 0.569356 0.645371
vt 0.561959 0.644994
vt 0.570596 0.630278
vt 0.563351 0.629847
vt 0.639137 0.675564
vt 0.642537 0.660376
vt 0.638325 0.660453
vt 0.650086 0.660035
vt 0.651095 0.675216
vt 0.631395 0.675619
vt 0.634629 0.660476
vt 0.635347 0.675589
vt 0.630772 0.660505
vt 0.633756 0.645370
vt 0.630015 0.645395
vt 0.632730 0.630273
vt 0.629126 0.630289
vt 0.092693 0.600408
vt 0.095813 0.600371
vt 0.099085 0.600344
vt 0.098022 0.615432
vt 0.080402 0.614919
vt 0.089072 0.600352
vt 0.087479 0.615396
vt 0.082211 0.599825
vt 0.090846 0.585337
vt 0.086524 0.569735
vt 0.084241 0.584762
vt 0.092819 0.570352
vt 0.150456 0.615381
vt 0.152613 0.600270
vt 0.148987 0.600336
vt 0.159482 0.599722
vt 0.161345 0.614809
vt 0.143707 0.615371
vt 0.145864 0.600307
vt 0.147159 0.615371
vt 0.142588 0.600288
vt 0.144430 0.585265
vt 0.141350 0.585222
vt 0.142840 0.570247
vt 0.139975 0.570179
vt 0.090716 0.781744
vt 0.086858 0.781767
vt 0.094738 0.781717
vt 0.074770 0.782039
vt 0.083194 0.796956
vt 0.074196 0.766833
vt 0.082485 0.781823
vt 0.073836 0.751618
vt 0.081967 0.766682
vt 0.073695 0.736400
vt 0.081642 0.751534
vt 0.085981 0.736373
vt 0.155457 0.781669
vt 0.159174 0.796847
vt 0.159834 0.781712
vt 0.167557 0.781905
vt 0.147574 0.781642
vt 0.147883 0.766522
vt 0.151598 0.781657
vt 0.151960 0.766532
vt 0.148061 0.751401
vt 0.148106 0.736280
vt 0.152171 0.751405
vt 0.152227 0.736276
vt 0.088003 0.660734
vt 0.091699 0.660744
vt 0.095557 0.660759
vt 0.094994 0.675876
vt 0.075310 0.675553
vt 0.083793 0.660674
vt 0.082950 0.675800
vt 0.076256 0.660365
vt 0.084831 0.645562
vt 0.077420 0.645194
vt 0.086063 0.630468
vt 0.078804 0.630044
vt 0.160533 0.721117
vt 0.160654 0.736268
vt 0.156071 0.721137
vt 0.168347 0.721042
vt 0.152126 0.721148
vt 0.148015 0.721159
vt 0.151871 0.706021
vt 0.147791 0.706039
vt 0.151464 0.690897
vt 0.147437 0.690920
vt 0.150906 0.675776
vt 0.154698 0.675755
vt 0.086040 0.721239
vt 0.089982 0.721237
vt 0.094090 0.721237
vt 0.081581 0.721231
vt 0.081512 0.736383
vt 0.073775 0.721180
vt 0.081846 0.706081
vt 0.074072 0.705964
vt 0.082302 0.690937
vt 0.074583 0.690754
vt 0.158109 0.660569
vt 0.153895 0.660642
vt 0.165654 0.660237
vt 0.166653 0.675421
vt 0.146952 0.675803
vt 0.150196 0.660662
vt 0.146335 0.660688
vt 0.149332 0.645554
vt 0.145587 0.645576
vt 0.148317 0.630455
vt 0.144708 0.630469
vt 0.328668 0.721045
vt 0.328601 0.736179
vt 0.332614 0.721047
vt 0.336726 0.721050
vt 0.316292 0.736190
vt 0.324204 0.721032
vt 0.324125 0.736184
vt 0.324479 0.705883
vt 0.324947 0.690739
vt 0.317216 0.690547
vt 0.403137 0.720918
vt 0.403266 0.736069
vt 0.398682 0.720944
vt 0.390735 0.736094
vt 0.394744 0.720958
vt 0.394851 0.736086
vt 0.390638 0.720973
vt 0.394482 0.705831
vt 0.390409 0.705853
vt 0.394071 0.690708
vt 0.390051 0.690735
vt 0.330088 0.796697
vt 0.333322 0.781555
vt 0.329457 0.781575
vt 0.337352 0.781532
vt 0.325777 0.796760
vt 0.316774 0.766624
vt 0.325074 0.781626
vt 0.316424 0.751409
vt 0.324564 0.766483
vt 0.324246 0.751335
vt 0.398106 0.781477
vt 0.401831 0.796652
vt 0.402478 0.781515
vt 0.390225 0.781456
vt 0.393745 0.796591
vt 0.389796 0.796576
vt 0.390525 0.766336
vt 0.394248 0.781468
vt 0.394600 0.766342
vt 0.390696 0.751215
vt 0.394802 0.751215
vt 0.813355 0.721231
vt 0.813296 0.736366
vt 0.817304 0.721230
vt 0.821417 0.721230
vt 0.800982 0.736390
vt 0.808888 0.721223
vt 0.808819 0.736375
vt 0.801062 0.721171
vt 0.809155 0.706073
vt 0.809614 0.690929
vt 0.887839 0.721108
vt 0.887959 0.736260
vt 0.883385 0.721130
vt 0.895633 0.721032
vt 0.875431 0.736274
vt 0.879446 0.721141
vt 0.879547 0.736269
vt 0.875341 0.721153
vt 0.879193 0.706014
vt 0.875119 0.706033
vt 0.878789 0.690890
vt 0.874767 0.690914
vt 0.826757 0.902382
vt 0.824047 0.902306
vt 0.829613 0.902448
vt 0.817298 0.917943
vt 0.820855 0.902344
vt 0.814547 0.902977
vt 0.818806 0.887368
vt 0.808219 0.857829
vt 0.816968 0.872362
vt 0.819110 0.857250
vt 0.873425 0.902251
vt 0.876602 0.902281
vt 0.882875 0.902895
vt 0.880192 0.917874
vt 0.867880 0.902405
vt 0.869198 0.887353
vt 0.870726 0.902332
vt 0.872262 0.887305
vt 0.870375 0.872282
vt 0.871434 0.857196
vt 0.873635 0.872257
vt 0.874872 0.857189
vt 0.814818 0.796881
vt 0.818042 0.781737
vt 0.814178 0.781760
vt 0.822069 0.781711
vt 0.802062 0.782030
vt 0.810510 0.796948
vt 0.802855 0.797226
vt 0.809797 0.781815
vt 0.809276 0.766674
vt 0.808949 0.751526
vt 0.879415 0.842098
vt 0.881941 0.857238
vt 0.883361 0.842167
vt 0.890602 0.842597
vt 0.872382 0.842094
vt 0.873209 0.826984
vt 0.875977 0.842101
vt 0.876942 0.826998
vt 0.873905 0.811870
vt 0.874469 0.796754
vt 0.877754 0.811888
vt 0.878414 0.796772
vt 0.821230 0.842175
vt 0.817783 0.842182
vt 0.824834 0.842159
vt 0.806551 0.842713
vt 0.815309 0.857326
vt 0.813823 0.842262
vt 0.812521 0.827175
vt 0.811417 0.812069
vt 0.882776 0.781662
vt 0.886488 0.796840
vt 0.887144 0.781704
vt 0.894848 0.781895
vt 0.874904 0.781636
vt 0.875210 0.766516
vt 0.878923 0.781650
vt 0.879282 0.766525
vt 0.875387 0.751395
vt 0.879491 0.751397
vt 0.334342 0.857071
vt 0.336479 0.841997
vt 0.333025 0.842001
vt 0.340090 0.841983
vt 0.330534 0.857145
vt 0.320344 0.827380
vt 0.329059 0.842079
vt 0.319123 0.812214
vt 0.327771 0.826990
vt 0.326676 0.811882
vt 0.394772 0.841918
vt 0.397315 0.857056
vt 0.398727 0.841984
vt 0.387723 0.841919
vt 0.390226 0.857012
vt 0.386780 0.857021
vt 0.388543 0.826808
vt 0.391326 0.841923
vt 0.392283 0.826820
vt 0.389235 0.811693
vt 0.393090 0.811708
vt 0.827719 0.540436
vt 0.829948 0.540311
vt 0.832299 0.540240
vt 0.830522 0.555209
vt 0.819653 0.539842
vt 0.823348 0.525136
vt 0.825063 0.540457
vt 0.827947 0.525551
vt 0.827310 0.511659
vt 0.486213 0.500544
vt 0.832036 0.501604
vt 0.830761 0.511427
vt 0.871227 0.540417
vt 0.868581 0.540402
vt 0.872854 0.525101
vt 0.876591 0.539788
vt 0.865816 0.555173
vt 0.866355 0.540280
vt 0.864006 0.540212
vt 0.864070 0.525299
vt 0.862021 0.525256
vt 0.861877 0.510960
vt 0.860121 0.510928
vt 0.860827 0.500631
vt 0.862358 0.500896
vt 0.341309 0.917097
vt 0.341976 0.902206
vt 0.339255 0.902128
vt 0.344842 0.902274
vt 0.336053 0.902164
vt 0.338362 0.917113
vt 0.334020 0.887189
vt 0.325309 0.872730
vt 0.327398 0.887783
vt 0.332186 0.872182
vt 0.379599 0.961299
vt 0.380185 0.970848
vt 0.378472 0.971560
vt 0.381497 0.961027
vt 0.971315 0.499457
vt 0.986213 0.500544
vt 0.996571 0.497489
vt 0.376185 0.961518
vt 0.376942 0.971822
vt 0.375326 0.971908
vt 0.378026 0.947181
vt 0.377937 0.961486
vt 0.380072 0.947135
vt 0.379958 0.932215
vt 0.381717 0.917244
vt 0.382303 0.932143
vt 0.384334 0.917158
vt 0.349872 0.971557
vt 0.350396 0.961495
vt 0.351405 0.971822
vt 0.348728 0.961308
vt 0.352154 0.961528
vt 0.353023 0.971909
vt 0.500000 0.487626
vt 0.496525 0.497444
vt 0.343376 0.960806
vt 0.343944 0.946928
vt 0.346819 0.961035
vt 0.348149 0.970843
vt 0.339355 0.947351
vt 0.341007 0.932036
vt 0.335605 0.932663
vt 0.388801 0.902072
vt 0.391990 0.902101
vt 0.383230 0.902230
vt 0.384543 0.887180
vt 0.386089 0.902156
vt 0.387618 0.887130
vt 0.385721 0.872109
vt 0.388991 0.872082
vt 0.578294 0.841997
vt 0.574847 0.842001
vt 0.581898 0.841983
vt 0.563641 0.842524
vt 0.572353 0.857145
vt 0.562209 0.827380
vt 0.570890 0.842079
vt 0.560996 0.812214
vt 0.569611 0.826990
vt 0.560002 0.797030
vt 0.568525 0.811882
vt 0.571934 0.796697
vt 0.636593 0.841917
vt 0.639135 0.857056
vt 0.640558 0.841984
vt 0.647833 0.842408
vt 0.629531 0.841919
vt 0.630361 0.826808
vt 0.633141 0.841922
vt 0.634108 0.826820
vt 0.631061 0.811693
vt 0.631628 0.796575
vt 0.634923 0.811708
vt 0.635584 0.796591
vt 0.570524 0.721044
vt 0.570458 0.736179
vt 0.574463 0.721047
vt 0.578568 0.721050
vt 0.558183 0.736190
vt 0.566070 0.721032
vt 0.565992 0.736183
vt 0.558273 0.720971
vt 0.566343 0.705883
vt 0.558579 0.705755
vt 0.566808 0.690739
vt 0.559101 0.690546
vt 0.639957 0.781477
vt 0.643687 0.796651
vt 0.644339 0.781515
vt 0.652074 0.781698
vt 0.632063 0.781456
vt 0.632366 0.766336
vt 0.636092 0.781468
vt 0.636447 0.766342
vt 0.632538 0.751215
vt 0.632577 0.736094
vt 0.636651 0.751214
vt 0.636701 0.736086
vt 0.575166 0.781555
vt 0.571308 0.781575
vt 0.579189 0.781532
vt 0.559225 0.781832
vt 0.567633 0.796760
vt 0.558663 0.766624
vt 0.566935 0.781626
vt 0.558315 0.751409
vt 0.566428 0.766483
vt 0.566113 0.751335
vt 0.645003 0.720918
vt 0.645133 0.736069
vt 0.640539 0.720944
vt 0.652825 0.720833
vt 0.636593 0.720958
vt 0.632481 0.720973
vt 0.636329 0.705831
vt 0.632250 0.705853
vt 0.635914 0.690708
vt 0.631888 0.690735
vt 0.103798 0.796737
vt 0.107934 0.781602
vt 0.103462 0.781637
vt 0.099020 0.781679
vt 0.099433 0.796788
vt 0.098715 0.766569
vt 0.098518 0.751460
vt 0.098433 0.736350
vt 0.102976 0.736342
vt 0.356033 0.960962
vt 0.358458 0.971016
vt 0.356599 0.971384
vt 0.358045 0.960589
vt 0.360340 0.970740
vt 0.354769 0.971729
vt 0.354050 0.961319
vt 0.352465 0.947075
vt 0.350794 0.932212
vt 0.349264 0.917310
vt 0.352238 0.917303
vt 0.620586 0.615278
vt 0.617239 0.630440
vt 0.621271 0.630392
vt 0.613231 0.630476
vt 0.625275 0.630334
vt 0.624426 0.615227
vt 0.626023 0.645445
vt 0.626660 0.660555
vt 0.627186 0.675664
vt 0.622818 0.675715
vt 0.138189 0.811793
vt 0.133893 0.811759
vt 0.129621 0.811737
vt 0.129795 0.796641
vt 0.142928 0.796726
vt 0.142456 0.811837
vt 0.141873 0.826950
vt 0.141180 0.842064
vt 0.140385 0.857174
vt 0.623628 0.751207
vt 0.623646 0.736109
vt 0.619063 0.751205
vt 0.614522 0.751205
vt 0.628192 0.736101
vt 0.628164 0.751211
vt 0.628024 0.766322
vt 0.627774 0.781433
vt 0.627415 0.796545
vt 0.833643 0.600374
vt 0.837337 0.600397
vt 0.840662 0.615543
vt 0.829084 0.615451
vt 0.829977 0.600348
vt 0.830973 0.585255
vt 0.832083 0.570182
vt 0.833360 0.555175
vt 0.588246 0.796558
vt 0.592390 0.781424
vt 0.587916 0.781456
vt 0.583472 0.781496
vt 0.583879 0.796606
vt 0.583174 0.766386
vt 0.582983 0.751276
vt 0.582903 0.736166
vt 0.587445 0.736161
vt 0.588423 0.660659
vt 0.592717 0.660694
vt 0.596817 0.675811
vt 0.583691 0.675725
vt 0.584159 0.660614
vt 0.584737 0.645502
vt 0.585424 0.630388
vt 0.586211 0.615278
vt 0.378798 0.615278
vt 0.375443 0.630440
vt 0.379473 0.630392
vt 0.371438 0.630476
vt 0.383472 0.630334
vt 0.382634 0.615227
vt 0.384210 0.645445
vt 0.384839 0.660555
vt 0.385359 0.675664
vt 0.380996 0.675715
vt 0.106007 0.857175
vt 0.109359 0.842012
vt 0.105329 0.842061
vt 0.101328 0.842118
vt 0.102170 0.857225
vt 0.100586 0.827007
vt 0.099955 0.811897
vt 0.618683 0.690850
vt 0.623157 0.690815
vt 0.614233 0.690876
vt 0.627602 0.690773
vt 0.627909 0.705882
vt 0.628107 0.720992
vt 0.620324 0.872077
vt 0.616630 0.872054
vt 0.612959 0.872037
vt 0.613304 0.856907
vt 0.624880 0.856998
vt 0.623988 0.872102
vt 0.622996 0.887197
vt 0.621888 0.902271
vt 0.620614 0.917279
vt 0.346607 0.660659
vt 0.350904 0.660694
vt 0.355001 0.675811
vt 0.341865 0.675726
vt 0.342339 0.660615
vt 0.342924 0.645502
vt 0.343620 0.630388
vt 0.344419 0.615278
vt 0.592026 0.721068
vt 0.587466 0.721063
vt 0.582936 0.721057
vt 0.583080 0.705947
vt 0.583332 0.690836
vt 0.376860 0.690850
vt 0.381330 0.690815
vt 0.372412 0.690876
vt 0.385771 0.690773
vt 0.386075 0.705883
vt 0.386270 0.720992
vt 0.386355 0.736102
vt 0.381814 0.736109
vt 0.593963 0.917303
vt 0.596180 0.902318
vt 0.592917 0.902317
vt 0.589683 0.902308
vt 0.590993 0.917310
vt 0.588541 0.887239
vt 0.587513 0.872149
vt 0.586584 0.857049
vt 0.590428 0.857001
vt 0.136164 0.615451
vt 0.132803 0.630613
vt 0.136842 0.630566
vt 0.128789 0.630647
vt 0.140852 0.630511
vt 0.140011 0.615403
vt 0.141590 0.645623
vt 0.142220 0.660735
vt 0.142740 0.675846
vt 0.138370 0.675894
vt 0.616481 0.932097
vt 0.613798 0.931989
vt 0.611122 0.931902
vt 0.611663 0.917248
vt 0.619138 0.932188
vt 0.615994 0.961309
vt 0.617523 0.947058
vt 0.615318 0.971727
vt 0.613487 0.971381
vt 0.345612 0.736161
vt 0.350198 0.721068
vt 0.345634 0.721064
vt 0.341066 0.736167
vt 0.341099 0.721057
vt 0.341245 0.705947
vt 0.341500 0.690836
vt 0.103940 0.660837
vt 0.108240 0.660869
vt 0.112345 0.675987
vt 0.099204 0.675907
vt 0.099670 0.660794
vt 0.100246 0.645681
vt 0.100929 0.630566
vt 0.101715 0.615454
vt 0.613021 0.511328
vt 0.610643 0.501397
vt 0.612450 0.501039
vt 0.611062 0.511697
vt 0.609086 0.511977
vt 0.608814 0.501664
vt 0.614226 0.500706
vt 0.615915 0.500544
vt 0.614952 0.510976
vt 0.616570 0.525192
vt 0.618312 0.540057
vt 0.619914 0.554968
vt 0.616957 0.554979
vt 0.597736 0.960962
vt 0.600206 0.971016
vt 0.598343 0.971384
vt 0.599749 0.960589
vt 0.602090 0.970740
vt 0.596509 0.971729
vt 0.595751 0.961319
vt 0.594168 0.947075
vt 0.592508 0.932212
vt 0.134227 0.691028
vt 0.138703 0.690995
vt 0.129775 0.691053
vt 0.143150 0.690956
vt 0.143450 0.706066
vt 0.143642 0.721175
vt 0.143723 0.736285
vt 0.139178 0.736291
vt 0.102994 0.721245
vt 0.107556 0.721247
vt 0.098461 0.721240
vt 0.098600 0.706130
vt 0.098848 0.691019
vt 0.594614 0.540177
vt 0.597263 0.540288
vt 0.599350 0.555042
vt 0.590458 0.554998
vt 0.591993 0.540080
vt 0.595226 0.510985
vt 0.593668 0.525208
vt 0.595944 0.500707
vt 0.597725 0.501042
vt 0.371317 0.511328
vt 0.368897 0.501397
vt 0.370708 0.501039
vt 0.369357 0.511697
vt 0.367379 0.511977
vt 0.367066 0.501664
vt 0.372487 0.500706
vt 0.374178 0.500544
vt 0.373249 0.510976
vt 0.374863 0.525192
vt 0.376595 0.540057
vt 0.378184 0.554967
vt 0.375231 0.554979
vt 0.381796 0.751207
vt 0.377235 0.751205
vt 0.372697 0.751206
vt 0.386327 0.751212
vt 0.386189 0.766322
vt 0.385943 0.781433
vt 0.385588 0.796545
vt 0.614789 0.569972
vt 0.618045 0.569969
vt 0.611555 0.569979
vt 0.621272 0.569974
vt 0.622437 0.585043
vt 0.623481 0.600130
vt 0.352899 0.540177
vt 0.355551 0.540288
vt 0.357628 0.555042
vt 0.348728 0.554998
vt 0.350275 0.540080
vt 0.353522 0.510985
vt 0.351961 0.525208
vt 0.354205 0.500707
vt 0.355982 0.501042
vt 0.622671 0.811615
vt 0.618369 0.811583
vt 0.614091 0.811563
vt 0.614266 0.796465
vt 0.626944 0.811657
vt 0.626363 0.826772
vt 0.625673 0.841887
vt 0.346424 0.796558
vt 0.350566 0.781424
vt 0.346089 0.781457
vt 0.341641 0.781496
vt 0.342052 0.796606
vt 0.341339 0.766386
vt 0.341147 0.751276
vt 0.590743 0.600206
vt 0.594425 0.600231
vt 0.597753 0.615376
vt 0.587092 0.600177
vt 0.588070 0.585085
vt 0.589167 0.570011
vt 0.865537 0.811788
vt 0.861244 0.811754
vt 0.856974 0.811732
vt 0.857143 0.796636
vt 0.870266 0.796721
vt 0.869800 0.811832
vt 0.869223 0.826945
vt 0.868538 0.842060
vt 0.867752 0.857171
vt 0.113516 0.961125
vt 0.115922 0.971056
vt 0.114113 0.971414
vt 0.115476 0.960756
vt 0.117753 0.970789
vt 0.112334 0.971747
vt 0.111585 0.961478
vt 0.109969 0.947261
vt 0.108234 0.932396
vt 0.106641 0.917486
vt 0.109595 0.917474
vt 0.840956 0.961127
vt 0.843327 0.971056
vt 0.841521 0.971413
vt 0.842914 0.960758
vt 0.845156 0.970789
vt 0.839745 0.971747
vt 0.839025 0.961480
vt 0.837407 0.947263
vt 0.835663 0.932398
vt 0.834059 0.917486
vt 0.837016 0.917475
vt 0.110060 0.540357
vt 0.112742 0.540464
vt 0.114885 0.555205
vt 0.105939 0.555174
vt 0.107406 0.540265
vt 0.110541 0.511144
vt 0.109013 0.525396
vt 0.111243 0.500726
vt 0.113076 0.501072
vt 0.132588 0.555150
vt 0.130380 0.570135
vt 0.133645 0.570136
vt 0.127137 0.570139
vt 0.136881 0.570145
vt 0.135561 0.555143
vt 0.138034 0.585213
vt 0.139073 0.600303
vt 0.354441 0.902318
vt 0.351175 0.902317
vt 0.347938 0.902308
vt 0.346779 0.887239
vt 0.345735 0.872149
vt 0.344793 0.857049
vt 0.348641 0.857001
vt 0.374770 0.932096
vt 0.372089 0.931989
vt 0.369415 0.931902
vt 0.369942 0.917248
vt 0.378885 0.917279
vt 0.377423 0.932188
vt 0.374292 0.961309
vt 0.375820 0.947058
vt 0.373577 0.971727
vt 0.371743 0.971381
vt 0.860011 0.555151
vt 0.857792 0.570135
vt 0.861055 0.570135
vt 0.854551 0.570139
vt 0.864287 0.570144
vt 0.862981 0.555144
vt 0.865427 0.585212
vt 0.866452 0.600301
vt 0.867379 0.615400
vt 0.863536 0.615448
vt 0.848654 0.857060
vt 0.845105 0.872199
vt 0.848688 0.872189
vt 0.855882 0.872200
vt 0.852418 0.857061
vt 0.856212 0.857074
vt 0.852270 0.872190
vt 0.852105 0.887330
vt 0.854624 0.917412
vt 0.851917 0.902456
vt 0.851699 0.917401
vt 0.121076 0.736314
vt 0.116640 0.751398
vt 0.121102 0.751390
vt 0.125563 0.751385
vt 0.125549 0.736308
vt 0.130055 0.751383
vt 0.125555 0.766464
vt 0.125525 0.781546
vt 0.125472 0.796632
vt 0.605727 0.856895
vt 0.602155 0.872037
vt 0.605746 0.872027
vt 0.609500 0.856896
vt 0.609338 0.872028
vt 0.609154 0.887171
vt 0.608949 0.902298
vt 0.608720 0.917239
vt 0.363343 0.501783
vt 0.361377 0.512103
vt 0.361475 0.501772
vt 0.363381 0.512123
vt 0.365211 0.501770
vt 0.365385 0.512100
vt 0.365707 0.525961
vt 0.366359 0.555047
vt 0.366046 0.540417
vt 0.121276 0.857063
vt 0.117717 0.872201
vt 0.121300 0.872191
vt 0.128495 0.872203
vt 0.125041 0.857064
vt 0.128836 0.857077
vt 0.124883 0.872192
vt 0.124704 0.887331
vt 0.127199 0.917411
vt 0.124503 0.902456
vt 0.124273 0.917400
vt 0.848053 0.501841
vt 0.846045 0.512280
vt 0.846133 0.501827
vt 0.848099 0.512302
vt 0.852199 0.512150
vt 0.849972 0.501825
vt 0.851880 0.501712
vt 0.850153 0.512277
vt 0.850471 0.526146
vt 0.851091 0.555209
vt 0.850794 0.540590
vt 0.363552 0.630511
vt 0.359623 0.630510
vt 0.355971 0.615376
vt 0.367480 0.630500
vt 0.367296 0.615378
vt 0.367645 0.645613
vt 0.367789 0.660715
vt 0.367911 0.675808
vt 0.605092 0.501783
vt 0.603084 0.512103
vt 0.603224 0.501772
vt 0.605088 0.512123
vt 0.606960 0.501770
vt 0.607091 0.512100
vt 0.607409 0.525961
vt 0.608079 0.555047
vt 0.607754 0.540417
vt 0.848257 0.630678
vt 0.844321 0.630677
vt 0.852192 0.630666
vt 0.852011 0.615544
vt 0.856156 0.630643
vt 0.852354 0.645780
vt 0.852496 0.660883
vt 0.852617 0.675978
vt 0.120651 0.501842
vt 0.118606 0.512278
vt 0.118732 0.501827
vt 0.120660 0.512299
vt 0.124759 0.512148
vt 0.122571 0.501826
vt 0.124477 0.501713
vt 0.122714 0.512275
vt 0.123026 0.526143
vt 0.123662 0.555208
vt 0.123355 0.540587
vt 0.605343 0.630511
vt 0.601414 0.630510
vt 0.609271 0.630500
vt 0.609077 0.615378
vt 0.609445 0.645613
vt 0.609597 0.660715
vt 0.609725 0.675808
vt 0.120888 0.630681
vt 0.116952 0.630681
vt 0.113285 0.615545
vt 0.124823 0.630670
vt 0.124633 0.615547
vt 0.124993 0.645784
vt 0.125141 0.660888
vt 0.125267 0.675982
vt 0.363717 0.736138
vt 0.359281 0.751221
vt 0.363744 0.751214
vt 0.368206 0.751208
vt 0.368190 0.736131
vt 0.368200 0.766287
vt 0.372450 0.796465
vt 0.368172 0.781370
vt 0.368124 0.796458
vt 0.848417 0.736309
vt 0.843982 0.751392
vt 0.848444 0.751385
vt 0.852905 0.751380
vt 0.852890 0.736303
vt 0.857394 0.751378
vt 0.852898 0.766458
vt 0.852870 0.781541
vt 0.852821 0.796628
vt 0.363947 0.856895
vt 0.360388 0.872037
vt 0.363980 0.872027
vt 0.371191 0.872037
vt 0.367720 0.856896
vt 0.371522 0.856907
vt 0.367571 0.872028
vt 0.367403 0.887171
vt 0.367214 0.902298
vt 0.367001 0.917239
vt 0.605541 0.736138
vt 0.601105 0.751221
vt 0.605567 0.751213
vt 0.610030 0.751208
vt 0.610015 0.736131
vt 0.610022 0.766287
vt 0.609991 0.781370
vt 0.609938 0.796458
vt 0.380855 0.811615
vt 0.376557 0.811583
vt 0.372282 0.811563
vt 0.385124 0.811658
vt 0.384551 0.826772
vt 0.383870 0.841887
vt 0.383088 0.856998
vt 0.593794 0.841839
vt 0.589758 0.841886
vt 0.585751 0.841941
vt 0.585019 0.826829
vt 0.584395 0.811717
vt 0.351999 0.841840
vt 0.347959 0.841886
vt 0.343948 0.841941
vt 0.343207 0.826829
vt 0.342574 0.811717
vt 0.135841 0.872247
vt 0.132157 0.872221
vt 0.139495 0.872275
vt 0.138507 0.887367
vt 0.137398 0.902442
vt 0.136097 0.917455
vt 0.863223 0.872245
vt 0.859541 0.872219
vt 0.866874 0.872273
vt 0.865898 0.887366
vt 0.864803 0.902442
vt 0.863514 0.917456
vt 0.866512 0.736285
vt 0.861931 0.751378
vt 0.866491 0.751382
vt 0.871053 0.736279
vt 0.871020 0.751389
vt 0.870877 0.766499
vt 0.870625 0.781610
vt 0.865713 0.675888
vt 0.861569 0.691023
vt 0.866042 0.690990
vt 0.857119 0.691047
vt 0.870485 0.690950
vt 0.870079 0.675840
vt 0.870783 0.706060
vt 0.870973 0.721169
vt 0.111771 0.902481
vt 0.108517 0.902484
vt 0.105293 0.902479
vt 0.104139 0.887410
vt 0.103106 0.872322
vt 0.839182 0.902481
vt 0.835926 0.902484
vt 0.832698 0.902479
vt 0.831531 0.887408
vt 0.830485 0.872320
vt 0.829538 0.857222
vt 0.833378 0.857171
vt 0.831141 0.796732
vt 0.835276 0.781597
vt 0.830801 0.781631
vt 0.826355 0.781673
vt 0.826773 0.796782
vt 0.826048 0.766563
vt 0.825850 0.751454
vt 0.825764 0.736344
vt 0.830311 0.736336
vt 0.830329 0.721239
vt 0.834894 0.721241
vt 0.825793 0.721234
vt 0.825933 0.706124
vt 0.826183 0.691013
vt 0.826544 0.675902
vt 0.131930 0.932277
vt 0.129280 0.932165
vt 0.126635 0.932075
vt 0.134554 0.932373
vt 0.131311 0.961469
vt 0.132872 0.947245
vt 0.130617 0.971746
vt 0.128838 0.971411
vt 0.859361 0.932278
vt 0.856713 0.932167
vt 0.854070 0.932077
vt 0.861982 0.932374
vt 0.858751 0.961471
vt 0.860309 0.947247
vt 0.858027 0.971745
vt 0.856246 0.971411
vt 0.128800 0.511492
vt 0.126360 0.501436
vt 0.128221 0.501069
vt 0.126788 0.511865
vt 0.130052 0.500724
vt 0.131798 0.500544
vt 0.130784 0.511135
vt 0.132368 0.525379
vt 0.134035 0.540241
vt 0.836724 0.842009
vt 0.832691 0.842057
vt 0.828687 0.842114
vt 0.827938 0.827002
vt 0.827300 0.811891
vt 0.378550 0.872077
vt 0.374859 0.872054
vt 0.382210 0.872102
vt 0.381233 0.887197
vt 0.380142 0.902271
vt 0.856242 0.511494
vt 0.853765 0.501436
vt 0.855628 0.501069
vt 0.854228 0.511867
vt 0.857462 0.500724
vt 0.859210 0.500544
vt 0.858226 0.511137
vt 0.859810 0.525381
vt 0.861467 0.540243
vt 0.134594 0.751384
vt 0.139157 0.751388
vt 0.143689 0.751395
vt 0.143545 0.766505
vt 0.143291 0.781616
vt 0.837495 0.540359
vt 0.840179 0.540466
vt 0.842312 0.555206
vt 0.834838 0.540267
vt 0.837984 0.511147
vt 0.836455 0.525398
vt 0.838654 0.500726
vt 0.840484 0.501072
vt 0.106260 0.600376
vt 0.109951 0.600399
vt 0.102598 0.600350
vt 0.103580 0.585256
vt 0.104677 0.570182
vt 0.605640 0.796459
vt 0.601465 0.811564
vt 0.605663 0.811553
vt 0.609862 0.811553
vt 0.609764 0.826657
vt 0.609643 0.841772
vt 0.848798 0.917399
vt 0.846222 0.932038
vt 0.848835 0.932024
vt 0.851166 0.946490
vt 0.851446 0.932033
vt 0.850892 0.960352
vt 0.850746 0.970681
vt 0.121179 0.796634
vt 0.117010 0.811737
vt 0.121203 0.811726
vt 0.125397 0.811726
vt 0.125300 0.826828
vt 0.125181 0.841942
vt 0.605802 0.917238
vt 0.603183 0.931866
vt 0.605825 0.931853
vt 0.608192 0.946306
vt 0.608467 0.931861
vt 0.607932 0.960175
vt 0.607836 0.970626
vt 0.363477 0.569997
vt 0.360320 0.569997
vt 0.366633 0.569990
vt 0.369819 0.569979
vt 0.366876 0.585113
vt 0.367095 0.600251
vt 0.121371 0.917398
vt 0.118786 0.932036
vt 0.121398 0.932022
vt 0.123725 0.946488
vt 0.124011 0.932031
vt 0.123455 0.960350
vt 0.123344 0.970681
vt 0.848190 0.570155
vt 0.845023 0.570156
vt 0.851356 0.570148
vt 0.851595 0.585272
vt 0.851813 0.600414
vt 0.363642 0.690904
vt 0.359270 0.690906
vt 0.368013 0.690894
vt 0.368093 0.705976
vt 0.368153 0.721054
vt 0.605211 0.569997
vt 0.602055 0.569997
vt 0.608369 0.569990
vt 0.608627 0.585113
vt 0.608862 0.600251
vt 0.848343 0.691075
vt 0.843968 0.691077
vt 0.839694 0.675982
vt 0.852716 0.691065
vt 0.852795 0.706147
vt 0.852853 0.721225
vt 0.120774 0.570154
vt 0.117608 0.570155
vt 0.123941 0.570148
vt 0.124194 0.585273
vt 0.124424 0.600416
vt 0.605460 0.690904
vt 0.601089 0.690906
vt 0.609832 0.690894
vt 0.609915 0.705975
vt 0.609977 0.721054
vt 0.120996 0.691080
vt 0.116622 0.691082
vt 0.125371 0.691070
vt 0.125452 0.706152
vt 0.125512 0.721231
vt 0.363827 0.796459
vt 0.359657 0.811564
vt 0.363856 0.811553
vt 0.368054 0.811553
vt 0.367963 0.826657
vt 0.367851 0.841772
vt 0.848528 0.796629
vt 0.844364 0.811733
vt 0.848558 0.811721
vt 0.852752 0.811721
vt 0.852661 0.826824
vt 0.852549 0.841939
vt 0.364084 0.917238
vt 0.361477 0.931866
vt 0.364120 0.931853
vt 0.366494 0.946306
vt 0.366761 0.931861
vt 0.366226 0.960175
vt 0.366085 0.970626
vt 0.373050 0.569972
vt 0.376303 0.569969
vt 0.379526 0.569974
vt 0.380674 0.585043
vt 0.381703 0.600130
vt 0.860169 0.630609
vt 0.864204 0.630563
vt 0.868210 0.630507
vt 0.868941 0.645619
vt 0.869564 0.660730
vt 0.348969 0.600206
vt 0.352654 0.600232
vt 0.345313 0.600177
vt 0.346307 0.585085
vt 0.347421 0.570011
vt 0.831289 0.660832
vt 0.835592 0.660864
vt 0.827015 0.660789
vt 0.827597 0.645676
vt 0.828289 0.630562
vt 0.948597 0.418815
vt 0.962117 0.432917
vt 0.923440 0.579113
vt 0.918938 0.563829
vt 0.974817 0.446600
vt 0.961872 0.448087
vt 0.961512 0.401687
vt 0.948686 0.403076
vt 0.930300 0.610164
vt 0.913507 0.596532
vt 0.927172 0.594582
vt 0.961937 0.417391
vt 0.898933 0.598374
vt 0.885528 0.421262
vt 0.900871 0.435755
vt 0.902148 0.421104
vt 0.899335 0.449386
vt 0.903143 0.405735
vt 0.886592 0.406083
vt 0.903884 0.389855
vt 0.919169 0.405130
vt 0.934455 0.404239
vt 0.431809 0.860292
vt 0.414709 0.873927
vt 0.429303 0.875718
vt 0.897596 0.461663
vt 0.881148 0.460778
vt 0.913939 0.462428
vt 0.442994 0.877615
vt 0.446069 0.862022
vt 0.930102 0.462955
vt 0.945905 0.463066
vt 0.944061 0.475448
vt 0.928122 0.474626
vt 0.439316 0.893098
vt 0.695723 0.417831
vt 0.696608 0.431341
vt 0.469401 0.687793
vt 0.482603 0.687059
vt 0.468062 0.671787
vt 0.481039 0.670834
vt 0.694231 0.387983
vt 0.677497 0.402883
vt 0.676650 0.387480
vt 0.694927 0.403317
vt 0.712427 0.403718
vt 0.747408 0.389232
vt 0.729976 0.404100
vt 0.747553 0.404470
vt 0.627307 0.416186
vt 0.628849 0.430344
vt 0.630580 0.443367
vt 0.614014 0.443271
vt 0.624913 0.385458
vt 0.609288 0.400324
vt 0.608248 0.384520
vt 0.625994 0.401155
vt 0.642983 0.401833
vt 0.660169 0.402398
vt 0.433508 0.627193
vt 0.418191 0.628666
vt 0.461483 0.623995
vt 0.445545 0.609952
vt 0.458282 0.608197
vt 0.464140 0.639875
vt 0.448197 0.625591
vt 0.450423 0.641281
vt 0.466319 0.655810
vt 0.452268 0.657008
vt 0.453756 0.672763
vt 0.675650 0.147682
vt 0.693021 0.164444
vt 0.693458 0.147760
vt 0.692673 0.181459
vt 0.693993 0.131505
vt 0.676281 0.131404
vt 0.694630 0.115806
vt 0.711817 0.131698
vt 0.729713 0.131968
vt 0.747650 0.132307
vt 0.747504 0.148532
vt 0.607099 0.148724
vt 0.623100 0.164852
vt 0.623648 0.148217
vt 0.622689 0.181703
vt 0.624361 0.131873
vt 0.607740 0.132380
vt 0.625267 0.115930
vt 0.641394 0.131561
vt 0.658727 0.131414
vt 0.605865 0.215937
vt 0.622059 0.233008
vt 0.622185 0.215822
vt 0.622003 0.250235
vt 0.622391 0.198708
vt 0.606030 0.198961
vt 0.639327 0.198566
vt 0.656708 0.198526
vt 0.674431 0.198580
vt 0.674214 0.215965
vt 0.935407 0.830887
vt 0.951237 0.816296
vt 0.949113 0.832240
vt 0.937197 0.815153
vt 0.938630 0.799392
vt 0.952925 0.800314
vt 0.930638 0.862234
vt 0.946512 0.848129
vt 0.943366 0.863937
vt 0.933235 0.846585
vt 0.918553 0.845037
vt 0.903241 0.843618
vt 0.905006 0.155903
vt 0.905203 0.172414
vt 0.905314 0.189060
vt 0.889297 0.187895
vt 0.904203 0.123521
vt 0.888371 0.138182
vt 0.887774 0.122162
vt 0.904688 0.139578
vt 0.920307 0.141181
vt 0.948803 0.129039
vt 0.935010 0.142985
vt 0.948527 0.144944
vt 0.905388 0.222611
vt 0.905386 0.239466
vt 0.905372 0.256347
vt 0.889509 0.255861
vt 0.889420 0.204783
vt 0.905369 0.205801
vt 0.920461 0.206897
vt 0.967396 0.784984
vt 0.965888 0.801215
vt 0.954209 0.784303
vt 0.934506 0.208056
vt 0.837308 0.151421
vt 0.837644 0.168110
vt 0.837892 0.185079
vt 0.820049 0.184349
vt 0.836317 0.119276
vt 0.819205 0.134364
vt 0.818759 0.118599
vt 0.836869 0.135102
vt 0.854340 0.135968
vt 0.871544 0.136986
vt 0.765593 0.148943
vt 0.765581 0.165628
vt 0.765565 0.182667
vt 0.765598 0.117062
vt 0.765598 0.132711
vt 0.783529 0.133183
vt 0.801410 0.133730
vt 0.765521 0.217459
vt 0.747116 0.217056
vt 0.765496 0.235076
vt 0.765470 0.252762
vt 0.747185 0.199559
vt 0.765544 0.199967
vt 0.783868 0.200438
vt 0.802105 0.200972
vt 0.820193 0.201575
vt 0.678964 0.658186
vt 0.694352 0.657007
vt 0.708509 0.655810
vt 0.710255 0.671786
vt 0.664253 0.674587
vt 0.663121 0.659259
vt 0.661738 0.643950
vt 0.660097 0.628666
vt 0.658198 0.613410
vt 0.682421 0.720406
vt 0.682591 0.735984
vt 0.698329 0.720136
vt 0.713133 0.719860
vt 0.666331 0.736021
vt 0.666177 0.720652
vt 0.665778 0.705287
vt 0.665137 0.689931
vt 0.765585 0.088102
vt 0.748216 0.087739
vt 0.765592 0.102136
vt 0.726942 0.735873
vt 0.726696 0.719588
vt 0.782709 0.075451
vt 0.765579 0.075135
vt 0.748448 0.074791
vt 0.726023 0.703314
vt 0.724915 0.687059
vt 0.816921 0.076033
vt 0.799826 0.075747
vt 0.960081 0.042623
vt 0.961454 0.055439
vt 0.962230 0.069716
vt 0.947718 0.067810
vt 0.647386 0.552833
vt 0.643228 0.538011
vt 0.973268 0.032330
vt 0.958269 0.032173
vt 0.659875 0.550696
vt 0.972232 0.024396
vt 0.986625 0.032881
vt 0.995171 0.046966
vt 0.670697 0.596340
vt 0.684474 0.594384
vt 0.899830 0.064984
vt 0.898132 0.053061
vt 0.700464 0.608197
vt 0.656035 0.598188
vt 0.653575 0.583005
vt 0.650751 0.567873
vt 0.902556 0.092696
vt 0.903506 0.107837
vt 0.884709 0.077590
vt 0.883269 0.064651
vt 0.901323 0.078309
vt 0.917635 0.079305
vt 0.933477 0.080667
vt 0.948540 0.082456
vt 0.549062 0.152711
vt 0.561920 0.167698
vt 0.549289 0.168789
vt 0.561911 0.151442
vt 0.561968 0.184023
vt 0.238778 0.671147
vt 0.548722 0.120768
vt 0.561980 0.135282
vt 0.548855 0.136694
vt 0.562184 0.119264
vt 0.576343 0.134076
vt 0.591669 0.133109
vt 0.178677 0.659477
vt 0.177306 0.644165
vt 0.179797 0.674809
vt 0.175679 0.628875
vt 0.173794 0.613613
vt 0.191051 0.627419
vt 0.205806 0.625835
vt 0.219171 0.624259
vt 0.221817 0.640149
vt 0.181685 0.720879
vt 0.181298 0.705514
vt 0.181828 0.736249
vt 0.180669 0.690155
vt 0.196764 0.689516
vt 0.212480 0.688811
vt 0.227047 0.688088
vt 0.227989 0.704118
vt 0.554632 0.033859
vt 0.568022 0.045792
vt 0.664857 0.906363
vt 0.676930 0.908398
vt 0.565967 0.058790
vt 0.651424 0.904283
vt 0.648136 0.919350
vt 0.654190 0.889129
vt 0.660613 0.921454
vt 0.656594 0.873927
vt 0.658699 0.858689
vt 0.673782 0.860292
vt 0.158943 0.538150
vt 0.512899 0.035590
vt 0.513085 0.049912
vt 0.175472 0.550852
vt 0.163042 0.552999
vt 0.513298 0.022801
vt 0.528056 0.014627
vt 0.513958 0.013919
vt 0.526636 0.022716
vt 0.504433 0.036764
vt 0.644089 0.934216
vt 0.638832 0.948496
vt 0.655241 0.936147
vt 0.171642 0.598384
vt 0.169191 0.583192
vt 0.166378 0.568051
vt 0.179769 0.565926
vt 0.536005 0.075830
vt 0.524221 0.077876
vt 0.549591 0.074155
vt 0.548977 0.089393
vt 0.196295 0.579133
vt 0.680510 0.798265
vt 0.697196 0.783362
vt 0.681448 0.782707
vt 0.711799 0.784036
vt 0.665327 0.782119
vt 0.664505 0.797469
vt 0.665905 0.766759
vt 0.666240 0.751391
vt 0.690732 0.846361
vt 0.675938 0.844826
vt 0.704140 0.847892
vt 0.660536 0.843419
vt 0.662114 0.828123
vt 0.663436 0.812805
vt 0.611021 0.085938
vt 0.626394 0.100520
vt 0.627750 0.085831
vt 0.614524 0.059018
vt 0.629334 0.072073
vt 0.612651 0.071904
vt 0.631104 0.059508
vt 0.646161 0.072374
vt 0.647775 0.060070
vt 0.663087 0.072753
vt 0.723628 0.800937
vt 0.721649 0.817133
vt 0.678952 0.086357
vt 0.562952 0.412210
vt 0.564007 0.427452
vt 0.565525 0.441957
vt 0.550299 0.440833
vt 0.561916 0.380560
vt 0.548451 0.394790
vt 0.548480 0.378883
vt 0.562286 0.396527
vt 0.577234 0.398039
vt 0.592975 0.399297
vt 0.169611 0.889317
vt 0.166841 0.904461
vt 0.163531 0.919516
vt 0.174125 0.858893
vt 0.172017 0.874123
vt 0.186660 0.875924
vt 0.216321 0.863966
vt 0.200415 0.877834
vt 0.536080 0.392887
vt 0.504584 0.463385
vt 0.513071 0.477412
vt 0.503995 0.476930
vt 0.512807 0.464563
vt 0.527523 0.485953
vt 0.176005 0.921611
vt 0.159430 0.934357
vt 0.523811 0.452130
vt 0.512989 0.450152
vt 0.537112 0.453742
vt 0.551952 0.454814
vt 0.241509 0.768761
vt 0.561928 0.299032
vt 0.562010 0.282592
vt 0.561838 0.315449
vt 0.240457 0.785020
vt 0.225888 0.800342
vt 0.242315 0.736199
vt 0.228600 0.752259
vt 0.562070 0.266142
vt 0.562101 0.249688
vt 0.575570 0.266443
vt 0.242126 0.752485
vt 0.590182 0.266771
vt 0.605722 0.267117
vt 0.181381 0.766985
vt 0.180793 0.782344
vt 0.179962 0.797692
vt 0.181726 0.751619
vt 0.197948 0.751814
vt 0.213829 0.752032
vt 0.177555 0.828338
vt 0.175969 0.843629
vt 0.178885 0.813024
vt 0.194708 0.814046
vt 0.210071 0.815175
vt 0.224198 0.816325
vt 0.692113 0.286557
vt 0.692254 0.304076
vt 0.692469 0.321453
vt 0.674538 0.320923
vt 0.692034 0.251322
vt 0.674028 0.268581
vt 0.692041 0.268956
vt 0.710253 0.269332
vt 0.728595 0.269709
vt 0.747011 0.270088
vt 0.622098 0.284698
vt 0.622260 0.301876
vt 0.622514 0.318973
vt 0.606111 0.318185
vt 0.622015 0.267474
vt 0.638915 0.267839
vt 0.656288 0.268209
vt 0.623384 0.352738
vt 0.624052 0.369277
vt 0.606416 0.335056
vt 0.622881 0.335946
vt 0.639861 0.336740
vt 0.657229 0.337443
vt 0.674891 0.338068
vt 0.817126 0.420380
vt 0.833470 0.434455
vt 0.834391 0.420730
vt 0.832491 0.446992
vt 0.815648 0.446358
vt 0.835217 0.406038
vt 0.817785 0.405802
vt 0.835933 0.390575
vt 0.852535 0.406189
vt 0.869687 0.406219
vt 0.765050 0.432610
vt 0.747918 0.432230
vt 0.765092 0.419232
vt 0.484452 0.752159
vt 0.471004 0.751958
vt 0.471151 0.735909
vt 0.765140 0.404832
vt 0.765190 0.389586
vt 0.782721 0.405181
vt 0.800277 0.405509
vt 0.424301 0.751392
vt 0.440477 0.751563
vt 0.456300 0.751756
vt 0.456424 0.735946
vt 0.455861 0.767563
vt 0.455104 0.783362
vt 0.454020 0.799147
vt 0.438510 0.798265
vt 0.820182 0.289120
vt 0.837919 0.306785
vt 0.838074 0.289396
vt 0.837698 0.324057
vt 0.820319 0.254013
vt 0.838174 0.271940
vt 0.820272 0.271581
vt 0.838222 0.254457
vt 0.855748 0.272287
vt 0.872892 0.272621
vt 0.889473 0.272939
vt 0.889404 0.290006
vt 0.765386 0.305706
vt 0.765415 0.288132
vt 0.765355 0.323125
vt 0.747062 0.322769
vt 0.765443 0.270466
vt 0.783837 0.270842
vt 0.802136 0.271214
vt 0.765238 0.373661
vt 0.765281 0.357197
vt 0.765320 0.340318
vt 0.747117 0.339966
vt 0.783498 0.340620
vt 0.801606 0.340867
vt 0.819594 0.341049
vt 0.819266 0.357913
vt 0.955023 0.704089
vt 0.939600 0.688788
vt 0.940411 0.704584
vt 0.938463 0.673007
vt 0.955793 0.736181
vt 0.940904 0.720389
vt 0.955591 0.720132
vt 0.941082 0.736199
vt 0.925096 0.720639
vt 0.908931 0.720867
vt 0.905253 0.306984
vt 0.905310 0.290124
vt 0.905159 0.323798
vt 0.905348 0.273239
vt 0.920341 0.273522
vt 0.934271 0.273787
vt 0.969021 0.719878
vt 0.934320 0.290242
vt 0.888549 0.357591
vt 0.904411 0.373631
vt 0.904771 0.357165
vt 0.905008 0.340538
vt 0.888891 0.340872
vt 0.920324 0.340080
vt 0.934636 0.339509
vt 0.947713 0.338857
vt 0.948016 0.355008
vt 0.948859 0.640121
vt 0.932940 0.625814
vt 0.946214 0.624231
vt 0.935155 0.641513
vt 0.943022 0.608420
vt 0.936988 0.657246
vt 0.951025 0.656065
vt 0.921700 0.658409
vt 0.905937 0.659465
vt 0.836531 0.374518
vt 0.837018 0.358005
vt 0.837402 0.341155
vt 0.854954 0.341170
vt 0.872159 0.341080
vt 0.421513 0.812805
vt 0.437291 0.813807
vt 0.452598 0.814914
vt 0.466657 0.816041
vt 0.450818 0.830654
vt 0.464545 0.831993
vt 0.448656 0.846361
vt 0.461955 0.847893
vt 0.693155 0.355505
vt 0.693641 0.371999
vt 0.692767 0.338624
vt 0.710797 0.339122
vt 0.728928 0.339568
vt 0.561714 0.348164
vt 0.548646 0.362868
vt 0.548882 0.346782
vt 0.561748 0.364420
vt 0.238949 0.801251
vt 0.561756 0.331833
vt 0.575657 0.332985
vt 0.549140 0.330649
vt 0.590612 0.334065
vt 0.422224 0.565751
vt 0.408891 0.567873
vt 0.567531 0.455350
vt 0.438673 0.578932
vt 0.434173 0.563669
vt 0.554114 0.467229
vt 0.583513 0.455492
vt 0.442409 0.594384
vt 0.454442 0.592520
vt 0.695370 0.100805
vt 0.696207 0.086674
vt 0.725123 0.784700
vt 0.726162 0.768438
vt 0.697130 0.073598
vt 0.680083 0.073170
vt 0.726765 0.752159
vt 0.731323 0.074418
vt 0.714214 0.074018
vt 0.562593 0.103452
vt 0.563300 0.087966
vt 0.564402 0.072976
vt 0.580036 0.072262
vt 0.596177 0.071936
vt 0.242083 0.719914
vt 0.562075 0.216807
vt 0.562102 0.233240
vt 0.240329 0.687378
vt 0.575663 0.199811
vt 0.562026 0.200397
vt 0.241424 0.703638
vt 0.590394 0.199329
vt 0.962216 0.100036
vt 0.927556 0.877813
vt 0.923875 0.893279
vt 0.939581 0.879628
vt 0.975096 0.072076
vt 0.962432 0.084687
vt 0.907484 0.906524
vt 0.919430 0.908559
vt 0.894151 0.904453
vt 0.834862 0.089699
vt 0.835646 0.104081
vt 0.723350 0.670833
vt 0.849839 0.064307
vt 0.833981 0.076327
vt 0.833037 0.064187
vt 0.850985 0.076658
vt 0.866592 0.064445
vt 0.867909 0.077061
vt 0.838171 0.219572
vt 0.838222 0.236988
vt 0.838064 0.202253
vt 0.855630 0.203010
vt 0.872792 0.203853
vt 0.940495 0.767814
vt 0.940946 0.752009
vt 0.939726 0.783610
vt 0.924081 0.782938
vt 0.908044 0.782332
vt 0.692092 0.233705
vt 0.692215 0.216153
vt 0.692407 0.198718
vt 0.710564 0.198931
vt 0.728842 0.199213
vt 0.439250 0.689269
vt 0.423204 0.689931
vt 0.454905 0.688540
vt 0.455729 0.704333
vt 0.456234 0.720136
vt 0.418667 0.921455
vt 0.402246 0.934216
vt 0.959599 0.475747
vt 0.957717 0.486652
vt 0.961039 0.462598
vt 0.974772 0.461517
vt 0.886270 0.538144
vt 0.897282 0.536169
vt 0.880958 0.523890
vt 0.780154 0.612143
vt 0.797355 0.598515
vt 0.782669 0.596718
vt 0.752902 0.608705
vt 0.768862 0.594814
vt 0.765782 0.610407
vt 0.401922 0.451928
vt 0.415972 0.464426
vt 0.399759 0.463789
vt 0.431978 0.464799
vt 0.447588 0.464720
vt 0.445368 0.476733
vt 0.429578 0.476057
vt 0.772544 0.579331
vt 0.388979 0.424654
vt 0.403823 0.438656
vt 0.405409 0.424309
vt 0.406665 0.409196
vt 0.390331 0.409758
vt 0.407623 0.393529
vt 0.422431 0.408335
vt 0.437407 0.407140
vt 0.451273 0.405618
vt 0.451023 0.421199
vt 0.463995 0.434762
vt 0.288419 0.893316
vt 0.292923 0.908599
vt 0.476124 0.447885
vt 0.463555 0.449741
vt 0.268696 0.863999
vt 0.284683 0.877846
vt 0.272530 0.879692
vt 0.281550 0.862264
vt 0.298465 0.875904
vt 0.463971 0.419390
vt 0.313131 0.874068
vt 0.409789 0.226936
vt 0.409818 0.243820
vt 0.409813 0.260712
vt 0.394283 0.260553
vt 0.409594 0.193266
vt 0.394093 0.209375
vt 0.393889 0.192407
vt 0.409720 0.210077
vt 0.424444 0.210811
vt 0.438162 0.195142
vt 0.258783 0.672105
vt 0.244175 0.687425
vt 0.257497 0.688116
vt 0.438072 0.211560
vt 0.409071 0.159897
vt 0.409388 0.176526
vt 0.407939 0.127192
vt 0.392552 0.142292
vt 0.391752 0.126072
vt 0.408604 0.143427
vt 0.423911 0.144724
vt 0.451520 0.131709
vt 0.438252 0.146171
vt 0.451354 0.147724
vt 0.276431 0.641540
vt 0.262601 0.640179
vt 0.274636 0.657274
vt 0.273198 0.673035
vt 0.281212 0.610194
vt 0.265205 0.624290
vt 0.268353 0.608482
vt 0.278609 0.625843
vt 0.293399 0.627397
vt 0.308797 0.628822
vt 0.110596 0.220586
vt 0.127108 0.237970
vt 0.127198 0.220748
vt 0.127065 0.255209
vt 0.127340 0.203572
vt 0.110705 0.203554
vt 0.127549 0.186479
vt 0.144509 0.203658
vt 0.162081 0.203806
vt 0.179957 0.204010
vt 0.179818 0.221472
vt 0.111451 0.153000
vt 0.127841 0.169512
vt 0.128240 0.152729
vt 0.128768 0.136204
vt 0.111925 0.136492
vt 0.129452 0.120042
vt 0.145986 0.136073
vt 0.163469 0.136074
vt 0.181141 0.136180
vt 0.180734 0.152678
vt 0.198394 0.169724
vt 0.198640 0.152852
vt 0.198199 0.186889
vt 0.198943 0.136369
vt 0.199304 0.120399
vt 0.216829 0.136624
vt 0.234762 0.136930
vt 0.252712 0.137281
vt 0.252809 0.153745
vt 0.778446 0.845242
vt 0.793849 0.843775
vt 0.750235 0.848425
vt 0.766306 0.862476
vt 0.753439 0.864222
vt 0.747576 0.832545
vt 0.763649 0.846837
vt 0.761416 0.831147
vt 0.743647 0.800632
vt 0.759566 0.815420
vt 0.758074 0.799664
vt 0.130912 0.419729
vt 0.132091 0.433530
vt 0.133408 0.446146
vt 0.116731 0.445941
vt 0.129095 0.389567
vt 0.113024 0.403995
vt 0.112227 0.388429
vt 0.129911 0.405004
vt 0.147048 0.405827
vt 0.181241 0.391992
vt 0.164354 0.406510
vt 0.181777 0.407089
vt 0.199705 0.421745
vt 0.183079 0.434558
vt 0.200174 0.434845
vt 0.742306 0.784626
vt 0.728969 0.785351
vt 0.198904 0.392575
vt 0.199278 0.407593
vt 0.216829 0.408044
vt 0.252183 0.393924
vt 0.234408 0.408455
vt 0.251995 0.408835
vt 0.127973 0.357248
vt 0.128456 0.373605
vt 0.127373 0.323747
vt 0.110900 0.339463
vt 0.110703 0.322697
vt 0.127620 0.340604
vt 0.144813 0.341606
vt 0.179951 0.326242
vt 0.162356 0.342482
vt 0.180157 0.343243
vt 0.127110 0.289623
vt 0.127208 0.306739
vt 0.110485 0.271798
vt 0.127064 0.272436
vt 0.144206 0.273038
vt 0.161778 0.273604
vt 0.179678 0.274133
vt 0.197836 0.292181
vt 0.197895 0.309619
vt 0.197994 0.326882
vt 0.197823 0.257010
vt 0.197813 0.274627
vt 0.216110 0.275088
vt 0.234504 0.275516
vt 0.252936 0.275911
vt 0.549123 0.644113
vt 0.550704 0.628822
vt 0.552542 0.613558
vt 0.546726 0.674759
vt 0.547799 0.659426
vt 0.532023 0.658403
vt 0.500975 0.672104
vt 0.516720 0.657273
vt 0.502664 0.656122
vt 0.545312 0.705465
vt 0.545897 0.690106
vt 0.544866 0.736201
vt 0.544967 0.720831
vt 0.528792 0.720636
vt 0.512970 0.720416
vt 0.498267 0.720188
vt 0.485434 0.703684
vt 0.065494 0.302536
vt 0.065614 0.286134
vt 0.065350 0.318901
vt 0.486486 0.687424
vt 0.484629 0.736245
vt 0.065696 0.269705
vt 0.065735 0.253259
vt 0.079623 0.270426
vt 0.484818 0.719960
vt 0.094614 0.271126
vt 0.004829 0.463626
vt 0.013375 0.477711
vt 0.013342 0.465089
vt 0.027768 0.486195
vt 0.013662 0.486444
vt 0.563104 0.552936
vt 0.550693 0.550839
vt 0.567201 0.538095
vt 0.024925 0.453226
vt 0.013712 0.450863
vt 0.052282 0.442782
vt 0.038546 0.455152
vt 0.053632 0.456465
vt 0.557039 0.583134
vt 0.559801 0.567991
vt 0.554642 0.598328
vt 0.540052 0.596526
vt 0.510536 0.608481
vt 0.526364 0.594615
vt 0.051034 0.397329
vt 0.038240 0.395010
vt 0.065704 0.414915
vt 0.066523 0.429924
vt 0.067751 0.444144
vt 0.065025 0.383616
vt 0.051197 0.381552
vt 0.065234 0.399424
vt 0.080492 0.401240
vt 0.096494 0.402754
vt 0.114472 0.089329
vt 0.130313 0.104372
vt 0.131358 0.089376
vt 0.117244 0.061691
vt 0.132580 0.075262
vt 0.115763 0.074962
vt 0.133935 0.062290
vt 0.149516 0.075671
vt 0.150698 0.062942
vt 0.166530 0.076137
vt 0.167509 0.063600
vt 0.183597 0.076623
vt 0.182874 0.090211
vt 0.052933 0.612158
vt 0.036052 0.626088
vt 0.050783 0.627624
vt 0.022717 0.624555
vt 0.066135 0.629032
vt 0.067966 0.613762
vt 0.064563 0.644327
vt 0.063247 0.659645
vt 0.062181 0.674981
vt 0.046223 0.674185
vt 0.029599 0.689087
vt 0.045288 0.689742
vt 0.015064 0.688411
vt 0.061362 0.690331
vt 0.060787 0.705692
vt 0.060453 0.721059
vt 0.060362 0.736429
vt 0.044148 0.736466
vt 0.555016 0.874067
vt 0.557459 0.889259
vt 0.552871 0.858838
vt 0.560263 0.904401
vt 0.563592 0.919453
vt 0.546932 0.906524
vt 0.037883 0.077675
vt 0.025678 0.079308
vt 0.051821 0.076346
vt 0.051403 0.091777
vt 0.530481 0.893315
vt 0.567686 0.934301
vt 0.013444 0.036127
vt 0.013815 0.050631
vt 0.551226 0.921598
vt 0.013616 0.023114
vt 0.027181 0.023251
vt 0.004692 0.037020
vt 0.082539 0.538235
vt 0.087795 0.523956
vt 0.078497 0.553102
vt 0.066084 0.550996
vt 0.071457 0.536304
vt 0.055939 0.035143
vt 0.069899 0.047637
vt 0.061843 0.566087
vt 0.049844 0.564051
vt 0.068196 0.060981
vt 0.075217 0.568169
vt 0.072459 0.583322
vt 0.070063 0.598524
vt 0.545009 0.751571
vt 0.545395 0.766937
vt 0.546021 0.782295
vt 0.546890 0.797642
vt 0.529973 0.782933
vt 0.514316 0.783637
vt 0.499818 0.784359
vt 0.498877 0.768328
vt 0.548006 0.812973
vt 0.549372 0.828286
vt 0.550993 0.843576
vt 0.535672 0.845031
vt 0.520978 0.846613
vt 0.507688 0.848188
vt 0.505043 0.832297
vt 0.051984 0.155583
vt 0.065364 0.171082
vt 0.052287 0.171735
vt 0.065266 0.154739
vt 0.065482 0.187476
vt 0.052563 0.187918
vt 0.065226 0.138472
vt 0.051687 0.139477
vt 0.065297 0.122323
vt 0.079950 0.137621
vt 0.095589 0.136961
vt 0.405813 0.095897
vt 0.407025 0.111294
vt 0.402414 0.067523
vt 0.387818 0.080645
vt 0.385986 0.067321
vt 0.404271 0.081206
vt 0.420388 0.082011
vt 0.449701 0.069758
vt 0.435993 0.083139
vt 0.450766 0.084643
vt 0.056014 0.876110
vt 0.042303 0.878065
vt 0.400293 0.055184
vt 0.026391 0.864250
vt 0.068467 0.859041
vt 0.070622 0.874263
vt 0.073074 0.889446
vt 0.075890 0.904578
vt 0.079248 0.919619
vt 0.461195 0.043719
vt 0.462888 0.056849
vt 0.463910 0.071367
vt 0.083402 0.934441
vt 0.473803 0.032856
vt 0.458992 0.032885
vt 0.066822 0.921755
vt 0.472477 0.024638
vt 0.486929 0.033180
vt 0.486441 0.024249
vt 0.495416 0.047207
vt 0.269638 0.092084
vt 0.252277 0.091730
vt 0.270024 0.106491
vt 0.270362 0.121743
vt 0.013732 0.752587
vt 0.000000 0.736573
vt 0.000246 0.752857
vt 0.286312 0.078993
vt 0.269205 0.078698
vt 0.252082 0.078362
vt 0.000918 0.769131
vt 0.016607 0.800661
vt 0.002026 0.785387
vt 0.320434 0.079484
vt 0.303392 0.079251
vt 0.044318 0.752044
vt 0.028468 0.752312
vt 0.060516 0.751799
vt 0.060913 0.767163
vt 0.061552 0.782520
vt 0.062434 0.797864
vt 0.047765 0.814264
vt 0.032437 0.815441
vt 0.018351 0.816637
vt 0.063561 0.813192
vt 0.064939 0.828501
vt 0.066575 0.843785
vt 0.271379 0.223215
vt 0.252990 0.222829
vt 0.271405 0.240882
vt 0.271396 0.258585
vt 0.271215 0.188219
vt 0.252973 0.205247
vt 0.271316 0.205639
vt 0.289592 0.206062
vt 0.325462 0.189669
vt 0.307746 0.206516
vt 0.325718 0.207005
vt 0.270884 0.154142
vt 0.271072 0.171023
vt 0.270648 0.137673
vt 0.288541 0.138108
vt 0.323350 0.123111
vt 0.306359 0.138593
vt 0.324064 0.139138
vt 0.342260 0.156288
vt 0.342772 0.173148
vt 0.343158 0.190254
vt 0.340802 0.123683
vt 0.341608 0.139760
vt 0.358929 0.140478
vt 0.375948 0.141315
vt 0.392901 0.361867
vt 0.408330 0.377482
vt 0.408838 0.361162
vt 0.409195 0.344652
vt 0.393378 0.345281
vt 0.409440 0.328005
vt 0.424165 0.343853
vt 0.438080 0.342893
vt 0.260685 0.816354
vt 0.247889 0.817488
vt 0.450938 0.357881
vt 0.394135 0.294654
vt 0.409606 0.311262
vt 0.409713 0.294451
vt 0.409780 0.277594
vt 0.394237 0.277620
vt 0.424394 0.277505
vt 0.437898 0.277351
vt 0.256112 0.752286
vt 0.242548 0.752531
vt 0.256681 0.768329
vt 0.437925 0.293785
vt 0.272224 0.783638
vt 0.271411 0.767842
vt 0.273365 0.799419
vt 0.255909 0.736238
vt 0.270916 0.752037
vt 0.270738 0.736227
vt 0.286825 0.751793
vt 0.303071 0.751571
vt 0.270287 0.378624
vt 0.270572 0.362396
vt 0.269954 0.394268
vt 0.252727 0.328337
vt 0.270811 0.345713
vt 0.252621 0.345376
vt 0.271005 0.328677
vt 0.288944 0.345973
vt 0.306979 0.346147
vt 0.324861 0.346226
vt 0.324350 0.362909
vt 0.271158 0.311378
vt 0.271273 0.293888
vt 0.271352 0.276272
vt 0.289695 0.276598
vt 0.307908 0.276886
vt 0.325923 0.277133
vt 0.325786 0.294626
vt 0.343292 0.312065
vt 0.343521 0.294749
vt 0.342966 0.329234
vt 0.325984 0.259580
vt 0.343664 0.277335
vt 0.343727 0.259866
vt 0.361039 0.277487
vt 0.377941 0.277583
vt 0.787701 0.721047
vt 0.771445 0.720870
vt 0.740552 0.736510
vt 0.755522 0.720670
vt 0.755397 0.736480
vt 0.740700 0.720460
vt 0.755962 0.704863
vt 0.756722 0.689065
vt 0.757810 0.673280
vt 0.773421 0.674168
vt 0.268677 0.436174
vt 0.251552 0.435801
vt 0.269145 0.423215
vt 0.727118 0.720251
vt 0.269573 0.409187
vt 0.287124 0.409507
vt 0.304630 0.409787
vt 0.322066 0.410009
vt 0.321048 0.424234
vt 0.336913 0.437839
vt 0.338231 0.424504
vt 0.335489 0.449938
vt 0.730256 0.671473
vt 0.745055 0.656378
vt 0.339404 0.410153
vt 0.340420 0.394984
vt 0.356602 0.410186
vt 0.373606 0.410071
vt 0.790508 0.659634
vt 0.774646 0.658627
vt 0.759236 0.657513
vt 0.761021 0.641773
vt 0.747170 0.640426
vt 0.763188 0.626066
vt 0.749763 0.624527
vt 0.341273 0.379177
vt 0.341972 0.362873
vt 0.342532 0.346195
vt 0.359909 0.346039
vt 0.376900 0.345739
vt 0.262855 0.832298
vt 0.278903 0.846614
vt 0.265502 0.848188
vt 0.276683 0.830914
vt 0.274845 0.815180
vt 0.290237 0.814025
vt 0.306084 0.812974
vt 0.343617 0.224924
vt 0.343712 0.242383
vt 0.343436 0.207532
vt 0.360811 0.208101
vt 0.377740 0.208715
vt 0.338700 0.093471
vt 0.339831 0.108194
vt 0.336032 0.067131
vt 0.319255 0.067061
vt 0.352760 0.067177
vt 0.337422 0.079709
vt 0.354337 0.079953
vt 0.369420 0.067225
vt 0.371151 0.080248
vt 0.464246 0.102031
vt 0.284299 0.594615
vt 0.287984 0.579149
vt 0.272139 0.592791
vt 0.476399 0.073357
vt 0.464305 0.086529
vt 0.304505 0.565912
vt 0.292431 0.563870
vt 0.317940 0.567991
vt 0.484861 0.752531
vt 0.065680 0.220349
vt 0.065729 0.236804
vt 0.486614 0.785066
vt 0.079647 0.203726
vt 0.065593 0.203903
vt 0.485520 0.768807
vt 0.094747 0.203607
vt 0.065545 0.106353
vt 0.066057 0.090675
vt 0.066921 0.075452
vt 0.082793 0.074970
vt 0.099129 0.074836
vt 0.199723 0.105082
vt 0.200192 0.090590
vt 0.001818 0.687745
vt 0.003313 0.671509
vt 0.000779 0.704008
vt 0.200697 0.077103
vt 0.000176 0.720287
vt 0.234950 0.077982
vt 0.217818 0.077560
vt 0.789767 0.906686
vt 0.803202 0.904571
vt 0.069405 0.457191
vt 0.773188 0.893497
vt 0.777690 0.908759
vt 0.055417 0.468511
vt 0.085543 0.457487
vt 0.769447 0.878044
vt 0.757280 0.879899
vt 0.065066 0.351458
vt 0.051474 0.365647
vt 0.051802 0.349652
vt 0.064990 0.367607
vt 0.052135 0.333593
vt 0.052443 0.317485
vt 0.065198 0.335214
vt 0.079495 0.336756
vt 0.094797 0.338178
vt 0.198336 0.360595
vt 0.198590 0.376862
vt 0.198139 0.343903
vt 0.216243 0.344473
vt 0.234419 0.344963
vt 0.772677 0.783164
vt 0.788804 0.782507
vt 0.756921 0.783887
vt 0.756095 0.768094
vt 0.755588 0.752290
vt 0.197864 0.239377
vt 0.197939 0.221778
vt 0.198049 0.204262
vt 0.216288 0.204555
vt 0.234614 0.204885
vt 0.271327 0.704612
vt 0.270875 0.720417
vt 0.272099 0.688816
vt 0.287845 0.689495
vt 0.303964 0.690107
vt 0.793327 0.550983
vt 0.809867 0.538229
vt 0.460717 0.476846
vt 0.458447 0.487369
vt 0.462477 0.464011
vt 0.475891 0.462617
vt 0.325843 0.934301
vt 0.314711 0.936268
vt 0.331159 0.948555
vt 0.495974 0.487366
vt 0.487011 0.060440
vt 0.050541 0.908780
vt 0.102404 0.048928
vt 0.534491 0.563869
vt 0.041731 0.478419
vt 0.166963 0.446404
vt 0.450860 0.179942
vt 0.437899 0.260904
vt 0.481317 0.800937
vt 0.541008 0.477707
vt 0.192284 0.908579
vt 0.212144 0.592755
vt 0.600241 0.046802
vt 0.676233 0.563669
vt 0.986288 0.059729
vt 0.934265 0.257333
vt 0.947557 0.193106
vt 0.680745 0.443531
vt 0.836907 0.500545
vt 0.109495 0.500545
vt 0.594252 0.500544
vt 0.352515 0.500544
vt 0.995903 0.033560
vt 0.974322 0.431283
vt 0.960965 0.385879
vt 0.434869 0.908399
vt 0.637817 0.523849
vt 0.654443 0.536059
vt 0.696624 0.592520
vt 0.236743 0.654958
vt 0.570422 0.034534
vt 0.153629 0.523897
vt 0.170042 0.536183
vt 0.541553 0.023222
vt 0.191792 0.563850
vt 0.664511 0.060654
vt 0.212536 0.879656
vt 0.170630 0.936271
vt 0.154078 0.948545
vt 0.947437 0.322674
vt 0.458817 0.863715
vt 0.236957 0.817441
vt 0.569882 0.467080
vt 0.599708 0.455407
vt 0.961760 0.115581
vt 0.974583 0.087213
vt 0.721302 0.654651
vt 0.413294 0.936147
vt 0.396992 0.948496
vt 0.986185 0.459961
vt 0.756681 0.592998
vt 0.776992 0.564030
vt 0.475779 0.432716
vt 0.463676 0.403814
vt 0.487994 0.671194
vt 0.556069 0.536179
vt 0.572551 0.523906
vt 0.514321 0.592790
vt 0.184352 0.064233
vt 0.534984 0.908599
vt 0.572998 0.948555
vt 0.556657 0.936267
vt 0.042283 0.023940
vt 0.071878 0.035966
vt 0.510880 0.863999
vt 0.030231 0.879927
vt 0.088812 0.948603
vt 0.072255 0.936391
vt 0.003590 0.801612
vt 0.450711 0.341803
vt 0.732235 0.655276
vt 0.463920 0.117704
vt 0.476036 0.088641
vt 0.488165 0.801297
vt 0.071335 0.468509
vt 0.101868 0.457530
vt 0.798699 0.536291
vt 0.815124 0.523949
vt 0.486915 0.460679
s 1
usemtl Pillow
f 3458/1/3458 3455/2/3455 1154/3/1154
f 350/4/350 3459/5/3459 3458/1/3458
f 3459/5/3459 4/6/4 1157/7/1157
f 3459/5/3459 293/8/293 3455/2/3455
f 3454/9/3454 3451/10/3451 1153/11/1153
f 346/12/346 3460/13/3460 3454/9/3454
f 1786/14/1786 1163/15/1163 3460/13/3460
f 3460/13/3460 299/16/299 3451/10/3451
f 1152/17/1152 3461/18/3461 3447/19/3447
f 3450/20/3450 1793/21/1793 3461/18/3461
f 3461/18/3461 9/22/9 1164/23/1164
f 3447/19/3447 1164/23/1164 300/24/300
f 3446/25/3446 3443/26/3443 1151/27/1151
f 354/28/354 3462/29/3462 3446/25/3446
f 1794/30/1794 1161/31/1161 3462/29/3462
f 3462/29/3462 297/32/297 3443/26/3443
f 3442/33/3442 3439/34/3439 1150/35/1150
f 342/36/342 3463/37/3463 3442/33/3442
f 1782/38/1782 1179/39/1179 3463/37/3463
f 3463/37/3463 315/40/315 3439/34/3439
f 3438/41/3438 3435/42/3435 1149/43/1149
f 357/44/357 3464/45/3464 3438/41/3438
f 1797/46/1797 1180/47/1180 3464/45/3464
f 3464/45/3464 316/48/316 3435/42/3435
f 3434/49/3434 3431/50/3431 1148/51/1148
f 358/52/358 3465/53/3465 3434/49/3434
f 1798/54/1798 1173/55/1173 3465/53/3465
f 3465/53/3465 309/56/309 3431/50/3431
f 1147/57/1147 3466/58/3466 3427/59/3427
f 3430/60/3430 1781/61/1781 3466/58/3466
f 3466/58/3466 20/62/20 1183/63/1183
f 3427/59/3427 1183/63/1183 319/64/319
f 1146/65/1146 3467/66/3467 3423/67/3423
f 3426/68/3426 1801/69/1801 3467/66/3467
f 3467/66/3467 23/70/23 1184/71/1184
f 3423/67/3423 1184/71/1184 320/72/320
f 1145/73/1145 3468/74/3468 3419/75/3419
f 3422/76/3422 1802/77/1802 3468/74/3468
f 3468/74/3468 19/78/19 1176/79/1176
f 3419/75/3419 1176/79/1176 312/80/312
f 3418/81/3418 3415/82/3415 1144/83/1144
f 334/84/334 3469/85/3469 3418/81/3418
f 1774/86/1774 1187/87/1187 3469/85/3469
f 3469/85/3469 323/88/323 3415/82/3415
f 3414/89/3414 3411/90/3411 1143/91/1143
f 365/92/365 3470/93/3470 3414/89/3414
f 1805/94/1805 1188/95/1188 3470/93/3470
f 3470/93/3470 324/96/324 3411/90/3411
f 3410/97/3410 3407/98/3407 1142/99/1142
f 366/100/366 3471/101/3471 3410/97/3410
f 1806/102/1806 1175/103/1175 3471/101/3471
f 3471/101/3471 311/104/311 3407/98/3407
f 1141/105/1141 3472/106/3472 3403/107/3403
f 3406/108/3406 1778/109/1778 3472/106/3472
f 3472/106/3472 17/110/17 1191/111/1191
f 3403/107/3403 1191/111/1191 327/112/327
f 1140/113/1140 3473/114/3473 3399/115/3399
f 3402/116/3402 1809/117/1809 3473/114/3473
f 3473/114/3473 25/118/25 1192/119/1192
f 3399/115/3399 1192/119/1192 328/120/328
f 1139/121/1139 3474/122/3474 3395/123/3395
f 3398/124/3398 1810/125/1810 3474/122/3474
f 3474/122/3474 12/126/12 1169/127/1169
f 3395/123/3395 1169/127/1169 305/128/305
f 1138/129/1138 3475/130/3475 3391/131/3391
f 3394/132/3394 1770/133/1770 3475/130/3475
f 3475/130/3475 65/134/65 1235/135/1235
f 3391/131/3391 1235/135/1235 371/136/371
f 1137/137/1137 3476/138/3476 3387/139/3387
f 3390/140/3390 1813/141/1813 3476/138/3476
f 3476/142/3476 66/143/66 1236/144/1236
f 3387/145/3387 1236/144/1236 372/146/372
f 1136/147/1136 3477/148/3477 3383/149/3383
f 3386/150/3386 1814/151/1814 3477/148/3477
f 3477/148/3477 40/152/40 1209/153/1209
f 3383/149/3383 1209/153/1209 345/154/345
f 1135/155/1135 3478/156/3478 3379/157/3379
f 3382/158/3382 1769/159/1769 3478/156/3478
f 3478/156/3478 64/160/64 1239/161/1239
f 3379/157/3379 1239/161/1239 375/162/375
f 1134/163/1134 3479/164/3479 3375/165/3375
f 3378/166/3378 1817/167/1817 3479/164/3479
f 3479/164/3479 67/168/67 1240/169/1240
f 3375/165/3375 1240/169/1240 376/170/376
f 1133/171/1133 3480/172/3480 3371/173/3371
f 3374/174/3374 1818/175/1818 3480/172/3480
f 3480/172/3480 63/176/63 1232/177/1232
f 3371/173/3371 1232/177/1232 368/178/368
f 1132/179/1132 3481/180/3481 3367/181/3367
f 3370/182/3370 1738/183/1738 3481/180/3481
f 3481/180/3481 33/184/33 1243/185/1243
f 3367/181/3367 1243/185/1243 379/186/379
f 1131/187/1131 3482/188/3482 3363/189/3363
f 3366/190/3366 1821/191/1821 3482/192/3482
f 3482/192/3482 68/193/68 1244/194/1244
f 3363/189/3363 1244/195/1244 380/196/380
f 1130/197/1130 3483/198/3483 3359/199/3359
f 3362/200/3362 1822/201/1822 3483/198/3483
f 3483/198/3483 62/202/62 1231/203/1231
f 3359/199/3359 1231/203/1231 367/204/367
f 3358/205/3358 3355/206/3355 1129/207/1129
f 326/208/326 3484/209/3484 3358/205/3358
f 1766/210/1766 1247/211/1247 3484/209/3484
f 3484/209/3484 383/212/383 3355/206/3355
f 3354/213/3354 3351/214/3351 1128/215/1128
f 385/216/385 3485/217/3485 3354/213/3354
f 1825/218/1825 1248/219/1248 3485/217/3485
f 3485/217/3485 384/220/384 3351/214/3351
f 3350/221/3350 3347/222/3347 1127/223/1127
f 386/224/386 3486/225/3486 3350/221/3350
f 1826/226/1826 1215/227/1215 3486/225/3486
f 3486/225/3486 351/228/351 3347/222/3347
f 3346/229/3346 3343/230/3343 1126/231/1126
f 325/232/325 3487/233/3487 3346/229/3346
f 1765/234/1765 1251/235/1251 3487/233/3487
f 3487/233/3487 387/236/387 3343/230/3343
f 3342/237/3342 3339/238/3339 1125/239/1125
f 389/240/389 3488/241/3488 3342/237/3342
f 1829/242/1829 1252/243/1252 3488/241/3488
f 3488/241/3488 388/244/388 3339/238/3339
f 3338/245/3338 3335/246/3335 1124/247/1124
f 390/248/390 3489/249/3489 3338/245/3338
f 1830/250/1830 1228/251/1228 3489/249/3489
f 3489/249/3489 364/252/364 3335/246/3335
f 3334/253/3334 3331/254/3331 1123/255/1123
f 294/256/294 3490/257/3490 3334/258/3334
f 1734/259/1734 1255/260/1255 3490/257/3490
f 3490/257/3490 391/261/391 3331/262/3331
f 3330/263/3330 3327/264/3327 1122/265/1122
f 393/266/393 3491/267/3491 3330/268/3330
f 1833/269/1833 1256/270/1256 3491/267/3491
f 3491/267/3491 392/271/392 3327/272/3327
f 3326/273/3326 3323/274/3323 1121/275/1121
f 394/276/394 3492/277/3492 3326/273/3326
f 1834/278/1834 1227/279/1227 3492/277/3492
f 3492/277/3492 363/280/363 3323/274/3323
f 1120/281/1120 3493/282/3493 3319/283/3319
f 3322/284/3322 1762/285/1762 3493/282/3493
f 3493/282/3493 57/286/57 1259/287/1259
f 3319/283/3319 1259/287/1259 395/288/395
f 1119/289/1119 3494/290/3494 3315/291/3315
f 3318/292/3318 1837/293/1837 3494/290/3494
f 3494/290/3494 72/294/72 1260/295/1260
f 3315/291/3315 1260/295/1260 396/296/396
f 1118/297/1118 3495/298/3495 3311/299/3311
f 3314/300/3314 1838/301/1838 3495/298/3495
f 3495/298/3495 47/302/47 1216/303/1216
f 3311/299/3311 1216/303/1216 352/304/352
f 1117/305/1117 3496/306/3496 3307/307/3307
f 3310/308/3310 1761/309/1761 3496/306/3496
f 3496/306/3496 56/310/56 1263/311/1263
f 3307/312/3307 1263/313/1263 399/314/399
f 1116/315/1116 3497/316/3497 3303/317/3303
f 3306/318/3306 1841/319/1841 3497/316/3497
f 3497/316/3497 73/320/73 1264/321/1264
f 3303/317/3303 1264/321/1264 400/322/400
f 1115/323/1115 3498/324/3498 3299/325/3299
f 3302/326/3302 1842/327/1842 3498/328/3498
f 3498/328/3498 55/329/55 1224/330/1224
f 3299/325/3299 1224/331/1224 360/332/360
f 1114/333/1114 3499/334/3499 3295/335/3295
f 3298/336/3298 1741/337/1741 3499/334/3499
f 3499/334/3499 36/338/36 1267/339/1267
f 3295/335/3295 1267/339/1267 403/340/403
f 1113/341/1113 3500/342/3500 3291/343/3291
f 3294/344/3294 1845/345/1845 3500/342/3500
f 3500/342/3500 74/346/74 1268/347/1268
f 3291/343/3291 1268/347/1268 404/348/404
f 1112/349/1112 3501/350/3501 3287/351/3287
f 3290/352/3290 1846/353/1846 3501/350/3501
f 3501/350/3501 54/354/54 1223/355/1223
f 3287/351/3287 1223/355/1223 359/356/359
f 3286/357/3286 3283/358/3283 1111/359/1111
f 318/360/318 3502/361/3502 3286/357/3286
f 1758/362/1758 1271/363/1271 3502/361/3502
f 3502/361/3502 407/364/407 3283/358/3283
f 3282/365/3282 3279/366/3279 1110/367/1110
f 409/368/409 3503/369/3503 3282/370/3282
f 1849/371/1849 1272/372/1272 3503/369/3503
f 3503/369/3503 408/373/408 3279/374/3279
f 3278/375/3278 3275/376/3275 1109/377/1109
f 410/378/410 3504/379/3504 3278/380/3278
f 1850/381/1850 1213/382/1213 3504/379/3504
f 3504/379/3504 349/383/349 3275/384/3275
f 3274/385/3274 3271/386/3271 1108/387/1108
f 317/388/317 3505/389/3505 3274/385/3274
f 1757/390/1757 1275/391/1275 3505/389/3505
f 3505/389/3505 411/392/411 3271/386/3271
f 3270/393/3270 3267/394/3267 1107/395/1107
f 413/396/413 3506/397/3506 3270/393/3270
f 1853/398/1853 1276/399/1276 3506/397/3506
f 3506/397/3506 412/400/412 3267/394/3267
f 3266/401/3266 3263/402/3263 1106/403/1106
f 414/404/414 3507/405/3507 3266/401/3266
f 1854/406/1854 1220/407/1220 3507/405/3507
f 3507/405/3507 356/408/356 3263/402/3263
f 3262/409/3262 3259/410/3259 1105/411/1105
f 302/412/302 3508/413/3508 3262/409/3262
f 1742/414/1742 1279/415/1279 3508/413/3508
f 3508/413/3508 415/416/415 3259/410/3259
f 3258/417/3258 3255/418/3255 1104/419/1104
f 417/420/417 3509/421/3509 3258/417/3258
f 1857/422/1857 1280/423/1280 3509/421/3509
f 3509/421/3509 416/424/416 3255/418/3255
f 3254/425/3254 3251/426/3251 1103/427/1103
f 418/428/418 3510/429/3510 3254/425/3254
f 1858/430/1858 1219/431/1219 3510/429/3510
f 3510/429/3510 355/432/355 3251/426/3251
f 3250/433/3250 3247/434/3247 1102/435/1102
f 314/436/314 3511/437/3511 3250/433/3250
f 1754/438/1754 1283/439/1283 3511/440/3511
f 3511/440/3511 419/441/419 3247/442/3247
f 3246/443/3246 3243/444/3243 1101/445/1101
f 421/446/421 3512/447/3512 3246/443/3246
f 1861/448/1861 1284/449/1284 3512/450/3512
f 3512/447/3512 420/451/420 3243/444/3243
f 3242/452/3242 3239/453/3239 1100/454/1100
f 422/455/422 3513/456/3513 3242/452/3242
f 1862/457/1862 1201/458/1201 3513/456/3513
f 3513/456/3513 337/459/337 3239/453/3239
f 1099/460/1099 3514/461/3514 3235/462/3235
f 3238/463/3238 1753/464/1753 3514/461/3514
f 3514/461/3514 48/465/48 1287/466/1287
f 3235/462/3235 1287/466/1287 423/467/423
f 1098/468/1098 3515/469/3515 3231/470/3231
f 3234/471/3234 1865/472/1865 3515/469/3515
f 3515/469/3515 79/473/79 1288/474/1288
f 3231/470/3231 1288/474/1288 424/475/424
f 1097/476/1097 3516/477/3516 3227/478/3227
f 3230/479/3230 1866/480/1866 3516/477/3516
f 3516/477/3516 35/481/35 1204/482/1204
f 3227/478/3227 1204/482/1204 340/483/340
f 3226/484/3226 3223/485/3223 1096/486/1096
f 306/487/306 3517/488/3517 3226/484/3226
f 1746/489/1746 1291/490/1291 3517/488/3517
f 3517/488/3517 427/491/427 3223/485/3223
f 3222/492/3222 3219/493/3219 1095/494/1095
f 429/495/429 3518/496/3518 3222/492/3222
f 1869/497/1869 1292/498/1292 3518/499/3518
f 3518/496/3518 428/500/428 3219/493/3219
f 3218/501/3218 3215/502/3215 1094/503/1094
f 430/504/430 3519/505/3519 3218/506/3218
f 1870/507/1870 1203/508/1203 3519/505/3519
f 3519/509/3519 339/510/339 3215/502/3215
f 1093/511/1093 3520/512/3520 3211/513/3211
f 3214/514/3214 1750/515/1750 3520/512/3520
f 3520/512/3520 45/516/45 1295/517/1295
f 3211/513/3211 1295/517/1295 431/518/431
f 1092/519/1092 3521/520/3521 3207/521/3207
f 3210/522/3210 1873/523/1873 3521/520/3521
f 3521/520/3521 81/524/81 1296/525/1296
f 3207/521/3207 1296/525/1296 432/526/432
f 1091/527/1091 3522/528/3522 3203/529/3203
f 3206/530/3206 1874/531/1874 3522/528/3522
f 3522/528/3522 28/532/28 1197/533/1197
f 3203/529/3203 1197/533/1197 333/534/333
f 3202/535/3202 3199/536/3199 1090/537/1090
f 437/538/437 3523/539/3523 3202/535/3202
f 3523/539/3523 85/540/85 1934/541/1934
f 3523/539/3523 494/542/494 3199/536/3199
f 3198/543/3198 3195/544/3195 1089/545/1089
f 443/546/443 3524/547/3524 3198/543/3198
f 1307/548/1307 1930/549/1930 3524/547/3524
f 3524/547/3524 490/550/490 3195/544/3195
f 1088/551/1088 3525/552/3525 3191/553/3191
f 3194/554/3194 1308/555/1308 3525/552/3525
f 3525/552/3525 90/556/90 1937/557/1937
f 3191/553/3191 1937/557/1937 497/558/497
f 3190/559/3190 3187/560/3187 1087/561/1087
f 441/562/441 3526/563/3526 3190/559/3190
f 1305/564/1305 1938/565/1938 3526/563/3526
f 3526/563/3526 498/566/498 3187/560/3187
f 3186/567/3186 3183/568/3183 1086/569/1086
f 459/570/459 3527/571/3527 3186/567/3186
f 1323/572/1323 1926/573/1926 3527/571/3527
f 3527/571/3527 486/574/486 3183/568/3183
f 3182/575/3182 3179/576/3179 1085/577/1085
f 460/578/460 3528/579/3528 3182/575/3182
f 1324/580/1324 1941/581/1941 3528/579/3528
f 3528/579/3528 501/582/501 3179/576/3179
f 3178/583/3178 3175/584/3175 1084/585/1084
f 453/586/453 3529/587/3529 3178/583/3178
f 1317/588/1317 1942/589/1942 3529/587/3529
f 3529/587/3529 502/590/502 3175/584/3175
f 1083/591/1083 3530/592/3530 3171/593/3171
f 3174/594/3174 1327/595/1327 3530/592/3530
f 3530/592/3530 101/596/101 1925/597/1925
f 3171/593/3171 1925/597/1925 485/598/485
f 1082/599/1082 3531/600/3531 3167/601/3167
f 3170/602/3170 1328/603/1328 3531/600/3531
f 3531/600/3531 104/604/104 1945/605/1945
f 3167/601/3167 1945/605/1945 505/606/505
f 1081/607/1081 3532/608/3532 3163/609/3163
f 3166/610/3166 1320/611/1320 3532/608/3532
f 3532/608/3532 100/612/100 1946/613/1946
f 3163/609/3163 1946/613/1946 506/614/506
f 3162/615/3162 3159/616/3159 1080/617/1080
f 467/618/467 3533/619/3533 3162/615/3162
f 1331/620/1331 1918/621/1918 3533/619/3533
f 3533/619/3533 478/622/478 3159/616/3159
f 3158/623/3158 3155/624/3155 1079/625/1079
f 468/626/468 3534/627/3534 3158/623/3158
f 1332/628/1332 1949/629/1949 3534/627/3534
f 3534/627/3534 509/630/509 3155/624/3155
f 3154/631/3154 3151/632/3151 1078/633/1078
f 455/634/455 3535/635/3535 3154/631/3154
f 1319/636/1319 1950/637/1950 3535/635/3535
f 3535/635/3535 510/638/510 3151/632/3151
f 1077/639/1077 3536/640/3536 3147/641/3147
f 3150/642/3150 1335/643/1335 3536/640/3536
f 3536/640/3536 98/644/98 1922/645/1922
f 3147/641/3147 1922/645/1922 482/646/482
f 1076/647/1076 3537/648/3537 3143/649/3143
f 3146/650/3146 1336/651/1336 3537/648/3537
f 3537/648/3537 106/652/106 1953/653/1953
f 3143/649/3143 1953/653/1953 513/654/513
f 1075/655/1075 3538/656/3538 3139/657/3139
f 3142/658/3142 1313/659/1313 3538/656/3538
f 3538/656/3538 93/660/93 1954/661/1954
f 3139/657/3139 1954/661/1954 514/662/514
f 1074/663/1074 3539/664/3539 3135/665/3135
f 3138/666/3138 1379/667/1379 3539/664/3539
f 3539/664/3539 146/668/146 1914/669/1914
f 3135/665/3135 1914/669/1914 474/670/474
f 1073/671/1073 3540/672/3540 3131/673/3131
f 3134/674/3134 1380/675/1380 3540/676/3540
f 3540/676/3540 147/677/147 1957/678/1957
f 3131/673/3131 1957/679/1957 517/680/517
f 1072/681/1072 3541/682/3541 3127/683/3127
f 3130/684/3130 1353/685/1353 3541/682/3541
f 3541/682/3541 121/686/121 1958/687/1958
f 3127/683/3127 1958/687/1958 518/688/518
f 1071/689/1071 3542/690/3542 3123/691/3123
f 3126/692/3126 1383/693/1383 3542/690/3542
f 3542/690/3542 145/694/145 1913/695/1913
f 3123/691/3123 1913/695/1913 473/696/473
f 1070/697/1070 3543/698/3543 3119/699/3119
f 3122/700/3122 1384/701/1384 3543/698/3543
f 3543/698/3543 148/702/148 1961/703/1961
f 3119/699/3119 1961/703/1961 521/704/521
f 1069/705/1069 3544/706/3544 3115/707/3115
f 3118/708/3118 1376/709/1376 3544/706/3544
f 3544/706/3544 144/710/144 1962/711/1962
f 3115/707/3115 1962/711/1962 522/712/522
f 1068/713/1068 3545/714/3545 3111/715/3111
f 3114/716/3114 1387/717/1387 3545/714/3545
f 3545/714/3545 114/718/114 1882/719/1882
f 3111/715/3111 1882/719/1882 442/720/442
f 1067/721/1067 3546/722/3546 3107/723/3107
f 3110/724/3110 1388/725/1388 3546/722/3546
f 3546/726/3546 149/727/149 1965/728/1965
f 3107/729/3107 1965/728/1965 525/730/525
f 1066/731/1066 3547/732/3547 3103/733/3103
f 3106/734/3106 1375/735/1375 3547/732/3547
f 3547/732/3547 143/736/143 1966/737/1966
f 3103/733/3103 1966/737/1966 526/738/526
f 3102/739/3102 3099/740/3099 1065/741/1065
f 527/742/527 3548/743/3548 3102/739/3102
f 1391/744/1391 1910/745/1910 3548/743/3548
f 3548/743/3548 470/746/470 3099/740/3099
f 3098/747/3098 3095/748/3095 1064/749/1064
f 528/750/528 3549/751/3549 3098/747/3098
f 1392/752/1392 1969/753/1969 3549/751/3549
f 3549/751/3549 529/754/529 3095/748/3095
f 3094/755/3094 3091/756/3091 1063/757/1063
f 495/758/495 3550/759/3550 3094/755/3094
f 1359/760/1359 1970/761/1970 3550/759/3550
f 3550/759/3550 530/762/530 3091/756/3091
f 3090/763/3090 3087/764/3087 1062/765/1062
f 531/766/531 3551/767/3551 3090/763/3090
f 1395/768/1395 1909/769/1909 3551/767/3551
f 3551/767/3551 469/770/469 3087/764/3087
f 3086/771/3086 3083/772/3083 1061/773/1061
f 532/774/532 3552/775/3552 3086/771/3086
f 1396/776/1396 1973/777/1973 3552/775/3552
f 3552/775/3552 533/778/533 3083/772/3083
f 3082/779/3082 3079/780/3079 1060/781/1060
f 508/782/508 3553/783/3553 3082/779/3082
f 1372/784/1372 1974/785/1974 3553/783/3553
f 3553/783/3553 534/786/534 3079/780/3079
f 3078/787/3078 3075/788/3075 1059/789/1059
f 535/790/535 3554/791/3554 3078/792/3078
f 1399/793/1399 1878/794/1878 3554/791/3554
f 3554/791/3554 438/795/438 3075/796/3075
f 3074/797/3074 3071/798/3071 1058/799/1058
f 536/800/536 3555/801/3555 3074/802/3074
f 1400/803/1400 1977/804/1977 3555/801/3555
f 3555/801/3555 537/805/537 3071/806/3071
f 3070/807/3070 3067/808/3067 1057/809/1057
f 507/810/507 3556/811/3556 3070/807/3070
f 1371/812/1371 1978/813/1978 3556/811/3556
f 3556/811/3556 538/814/538 3067/808/3067
f 1056/815/1056 3557/816/3557 3063/817/3063
f 3066/818/3066 1403/819/1403 3557/816/3557
f 3557/816/3557 138/820/138 1906/821/1906
f 3063/817/3063 1906/821/1906 466/822/466
f 1055/823/1055 3558/824/3558 3059/825/3059
f 3062/826/3062 1404/827/1404 3558/824/3558
f 3558/824/3558 153/828/153 1981/829/1981
f 3059/825/3059 1981/829/1981 541/830/541
f 1054/831/1054 3559/832/3559 3055/833/3055
f 3058/834/3058 1360/835/1360 3559/832/3559
f 3559/832/3559 128/836/128 1982/837/1982
f 3055/833/3055 1982/837/1982 542/838/542
f 1053/839/1053 3560/840/3560 3051/841/3051
f 3054/842/3054 1407/843/1407 3560/844/3560
f 3560/840/3560 137/845/137 1905/846/1905
f 3051/841/3051 1905/846/1905 465/847/465
f 1052/848/1052 3561/849/3561 3047/850/3047
f 3050/851/3050 1408/852/1408 3561/849/3561
f 3561/849/3561 154/853/154 1985/854/1985
f 3047/850/3047 1985/854/1985 545/855/545
f 1051/856/1051 3562/857/3562 3043/858/3043
f 3046/859/3046 1368/860/1368 3562/857/3562
f 3562/857/3562 136/861/136 1986/862/1986
f 3043/863/3043 1986/864/1986 546/865/546
f 1050/866/1050 3563/867/3563 3039/868/3039
f 3042/869/3042 1411/870/1411 3563/867/3563
f 3563/867/3563 117/871/117 1885/872/1885
f 3039/868/3039 1885/872/1885 445/873/445
f 1049/874/1049 3564/875/3564 3035/876/3035
f 3038/877/3038 1412/878/1412 3564/875/3564
f 3564/875/3564 155/879/155 1989/880/1989
f 3035/876/3035 1989/880/1989 549/881/549
f 1048/882/1048 3565/883/3565 3031/884/3031
f 3034/885/3034 1367/886/1367 3565/883/3565
f 3565/883/3565 135/887/135 1990/888/1990
f 3031/884/3031 1990/888/1990 550/889/550
f 3030/890/3030 3027/891/3027 1047/892/1047
f 551/893/551 3566/894/3566 3030/890/3030
f 1415/895/1415 1902/896/1902 3566/894/3566
f 3566/894/3566 462/897/462 3027/891/3027
f 3026/898/3026 3023/899/3023 1046/900/1046
f 552/901/552 3567/902/3567 3026/903/3026
f 1416/904/1416 1993/905/1993 3567/902/3567
f 3567/902/3567 553/906/553 3023/907/3023
f 3022/908/3022 3019/909/3019 1045/910/1045
f 493/911/493 3568/912/3568 3022/913/3022
f 1357/914/1357 1994/915/1994 3568/912/3568
f 3568/912/3568 554/916/554 3019/917/3019
f 3018/918/3018 3015/919/3015 1044/920/1044
f 555/921/555 3569/922/3569 3018/918/3018
f 1419/923/1419 1901/924/1901 3569/922/3569
f 3569/922/3569 461/925/461 3015/919/3015
f 3014/926/3014 3011/927/3011 1043/928/1043
f 556/929/556 3570/930/3570 3014/926/3014
f 1420/931/1420 1997/932/1997 3570/930/3570
f 3570/930/3570 557/933/557 3011/927/3011
f 3010/934/3010 3007/935/3007 1042/936/1042
f 500/937/500 3571/938/3571 3010/934/3010
f 1364/939/1364 1998/940/1998 3571/938/3571
f 3571/938/3571 558/941/558 3007/935/3007
f 3006/942/3006 3003/943/3003 1041/944/1041
f 559/945/559 3572/946/3572 3006/942/3006
f 1423/947/1423 1886/948/1886 3572/946/3572
f 3572/946/3572 446/949/446 3003/943/3003
f 3002/950/3002 2999/951/2999 1040/952/1040
f 560/953/560 3573/954/3573 3002/950/3002
f 1424/955/1424 2001/956/2001 3573/954/3573
f 3573/954/3573 561/957/561 2999/951/2999
f 2998/958/2998 2995/959/2995 1039/960/1039
f 499/961/499 3574/962/3574 2998/958/2998
f 1363/963/1363 2002/964/2002 3574/962/3574
f 3574/962/3574 562/965/562 2995/959/2995
f 2994/966/2994 2991/967/2991 1038/968/1038
f 563/969/563 3575/970/3575 2994/971/2994
f 1427/972/1427 1898/973/1898 3575/970/3575
f 3575/974/3575 458/975/458 2991/967/2991
f 2990/976/2990 2987/977/2987 1037/978/1037
f 564/979/564 3576/980/3576 2990/976/2990
f 1428/981/1428 2005/982/2005 3576/980/3576
f 3576/980/3576 565/983/565 2987/977/2987
f 2986/984/2986 2983/985/2983 1036/986/1036
f 481/987/481 3577/988/3577 2986/984/2986
f 1345/989/1345 2006/990/2006 3577/988/3577
f 3577/988/3577 566/991/566 2983/985/2983
f 1035/992/1035 3578/993/3578 2979/994/2979
f 2982/995/2982 1431/996/1431 3578/993/3578
f 3578/993/3578 129/997/129 1897/998/1897
f 2979/994/2979 1897/998/1897 457/999/457
f 1034/1000/1034 3579/1001/3579 2975/1002/2975
f 2978/1003/2978 1432/1004/1432 3579/1001/3579
f 3579/1001/3579 160/1005/160 2009/1006/2009
f 2975/1002/2975 2009/1006/2009 569/1007/569
f 1033/1008/1033 3580/1009/3580 2971/1010/2971
f 2974/1011/2974 1348/1012/1348 3580/1009/3580
f 3580/1009/3580 116/1013/116 2010/1014/2010
f 2971/1010/2971 2010/1014/2010 570/1015/570
f 2970/1016/2970 2967/1017/2967 1032/1018/1032
f 571/1019/571 3581/1020/3581 2970/1016/2970
f 1435/1021/1435 1890/1022/1890 3581/1020/3581
f 3581/1020/3581 450/1023/450 2967/1017/2967
f 2966/1024/2966 2963/1025/2963 1031/1026/1031
f 572/1027/572 3582/1028/3582 2966/1024/2966
f 1436/1029/1436 2013/1030/2013 3582/1028/3582
f 3582/1028/3582 573/1031/573 2963/1025/2963
f 2962/1032/2962 2959/1033/2959 1030/1034/1030
f 483/1035/483 3583/1036/3583 2962/1032/2962
f 1347/1037/1347 2014/1038/2014 3583/1039/3583
f 3583/1039/3583 574/1040/574 2959/1041/2959
f 1029/1042/1029 3584/1043/3584 2955/1044/2955
f 2958/1045/2958 1439/1046/1439 3584/1043/3584
f 3584/1043/3584 126/1047/126 1894/1048/1894
f 2955/1044/2955 1894/1048/1894 454/1049/454
f 1028/1050/1028 3585/1051/3585 2951/1052/2951
f 2954/1053/2954 1440/1054/1440 3585/1051/3585
f 3585/1051/3585 162/1055/162 2017/1056/2017
f 2951/1052/2951 2017/1056/2017 577/1057/577
f 1027/1058/1027 3586/1059/3586 2947/1060/2947
f 2950/1061/2950 1341/1062/1341 3586/1059/3586
f 3586/1059/3586 109/1063/109 2018/1064/2018
f 2947/1060/2947 2018/1064/2018 578/1065/578
f 2946/1066/2946 2943/1067/2943 1026/1068/1026
f 728/1069/728 3587/1070/3587 2946/1066/2946
f 2168/1071/2168 1486/1072/1486 3587/1070/3587
f 3587/1070/3587 622/1073/622 2943/1067/2943
f 2942/1074/2942 2939/1075/2939 1025/1076/1025
f 845/1077/845 3588/1078/3588 2942/1074/2942
f 2285/1079/2285 1495/1080/1495 3588/1078/3588
f 3588/1078/3588 631/1081/631 2939/1075/2939
f 1024/1082/1024 3589/1083/3589 2935/1084/2935
f 2938/1085/2938 1712/1086/1712 3589/1083/3589
f 3589/1083/3589 261/1087/261 1455/1088/1455
f 2935/1084/2935 1455/1088/1455 591/1089/591
f 1023/1090/1023 3590/1091/3590 2931/1092/2931
f 2934/1093/2934 2151/1094/2151 3590/1091/3590
f 3590/1091/3590 271/1095/271 1464/1096/1464
f 2931/1092/2931 1464/1096/1464 600/1097/600
f 2930/1098/2930 2927/1099/2927 1022/1100/1022
f 629/1101/629 3591/1102/3591 2930/1098/2930
f 2069/1103/2069 2105/1104/2105 3591/1102/3591
f 3591/1102/3591 665/1105/665 2927/1099/2927
f 1021/1106/1021 3592/1107/3592 2923/1108/2923
f 2926/1109/2926 2080/1110/2080 3592/1107/3592
f 3592/1107/3592 182/1111/182 2021/1112/2021
f 2923/1108/2923 2021/1112/2021 581/1113/581
f 1020/1114/1020 3593/1115/3593 2919/1116/2919
f 2922/1117/2922 1518/1118/1518 3593/1115/3593
f 3593/1115/3593 185/1119/185 2054/1120/2054
f 2919/1116/2919 2054/1120/2054 614/1121/614
f 1019/1122/1019 3594/1123/3594 2915/1124/2915
f 2918/1125/2918 2087/1126/2087 3594/1123/3594
f 3594/1123/3594 172/1127/172 2056/1128/2056
f 3594/1123/3594 616/1129/616 2915/1124/2915
f 1018/1130/1018 3595/1131/3595 2911/1132/2911
f 2914/1133/2914 1450/1134/1450 3595/1131/3595
f 3595/1131/3595 193/1135/193 2084/1136/2084
f 2911/1132/2911 2084/1136/2084 644/1137/644
f 2910/1138/2910 2907/1139/2907 1017/1140/1017
f 588/1141/588 3596/1142/3596 2910/1138/2910
f 1452/1143/1452 2108/1144/2108 3596/1142/3596
f 3596/1142/3596 668/1145/668 2907/1139/2907
f 1016/1146/1016 3597/1147/3597 2903/1148/2903
f 2906/1149/2906 1531/1150/1531 3597/1147/3597
f 3597/1147/3597 179/1151/179 2106/1152/2106
f 3597/1147/3597 666/1153/666 2903/1148/2903
f 2902/1154/2902 2899/1155/2899 1015/1156/1015
f 663/1157/663 3598/1158/3598 2902/1154/2902
f 1527/1159/1527 2063/1160/2063 3598/1158/3598
f 3598/1158/3598 623/1161/623 2899/1155/2899
f 1014/1162/1014 3599/1163/3599 2895/1164/2895
f 2898/1165/2898 1523/1166/1523 3599/1163/3599
f 3599/1163/3599 175/1167/175 2065/1168/2065
f 2895/1164/2895 2065/1168/2065 625/1169/625
f 2894/1170/2894 2891/1171/2891 1013/1172/1013
f 649/1173/649 3600/1174/3600 2894/1170/2894
f 1513/1175/1513 2067/1176/2067 3600/1174/3600
f 3600/1174/3600 627/1177/627 2891/1171/2891
f 2890/1178/2890 2887/1179/2887 1012/1180/1012
f 633/1181/633 3601/1182/3601 2890/1178/2890
f 2073/1183/2073 2095/1184/2095 3601/1182/3601
f 3601/1182/3601 655/1185/655 2887/1179/2887
f 2886/1186/2886 2883/1187/2883 1011/1188/1011
f 645/1189/645 3602/1190/3602 2886/1186/2886
f 1509/1191/1509 2071/1192/2071 3602/1190/3602
f 3602/1190/3602 631/1081/631 2883/1187/2883
f 2882/1193/2882 2879/1194/2879 1010/1195/1010
f 602/1196/602 3603/1197/3603 2882/1193/2882
f 1466/1198/1466 2091/1199/2091 3603/1197/3603
f 3603/1197/3603 651/1200/651 2879/1194/2879
f 1009/1201/1009 3604/1202/3604 2875/1203/2875
f 2878/1204/2878 1468/1205/1468 3604/1202/3604
f 3604/1202/3604 280/1206/280 2093/1207/2093
f 2875/1203/2875 2093/1207/2093 653/1208/653
f 2874/1209/2874 2871/1210/2871 1008/1211/1008
f 638/1212/638 3605/1213/3605 2874/1209/2874
f 1502/1214/1502 2046/1215/2046 3605/1213/3605
f 3605/1213/3605 606/1216/606 2871/1210/2871
f 1007/1217/1007 3606/1218/3606 2867/1219/2867
f 2870/1220/2870 1505/1221/1505 3606/1218/3606
f 3606/1218/3606 286/1222/286 2049/1223/2049
f 2867/1219/2867 2049/1223/2049 609/1224/609
f 2866/1225/2866 2863/1226/2863 1006/1227/1006
f 864/1228/864 3607/1229/3607 2866/1225/2866
f 2304/1230/2304 1532/1231/1532 3607/1229/3607
f 3607/1229/3607 668/1145/668 2863/1226/2863
f 1005/1232/1005 3608/1233/3608 2859/1234/2859
f 2862/1235/2862 2194/1236/2194 3608/1233/3608
f 3608/1233/3608 188/1237/188 1492/1238/1492
f 2859/1234/2859 1492/1238/1492 628/1239/628
f 2858/1240/2858 2855/1241/2855 1004/1242/1004
f 740/1243/740 3609/1244/3609 2858/1240/2858
f 2180/1245/2180 1501/1246/1501 3609/1244/3609
f 3609/1244/3609 637/1247/637 2855/1241/2855
f 2854/1248/2854 2851/1249/2851 1003/1250/1003
f 2854/1248/2854 1729/1251/1729 3610/1252/3610
f 3610/1252/3610 273/1253/273 1461/1254/1461
f 3610/1252/3610 597/1255/597 2851/1249/2851
f 2850/1256/2850 2847/1257/2847 1002/1258/1002
f 863/1259/863 3611/1260/3611 2850/1256/2850
f 1727/1261/1727 1507/1262/1507 3611/1260/3611
f 3611/1260/3611 643/1263/643 2847/1257/2847
f 1001/1264/1001 3612/1265/3612 2843/1266/2843
f 2846/1267/2846 2301/1268/2301 3612/1265/3612
f 3612/1265/3612 183/1269/183 1445/1270/1445
f 2843/1266/2843 1445/1270/1445 581/1113/581
f 2842/1271/2842 2839/1272/2839 1000/1273/1000
f 2842/1271/2842 1726/1274/1726 3613/1275/3613
f 3613/1275/3613 164/1276/164 1485/1277/1485
f 3613/1275/3613 621/1278/621 2839/1272/2839
f 999/1279/999 3614/1280/3614 2835/1281/2835
f 2838/1282/2838 2276/1283/2276 3614/1280/3614
f 3614/1280/3614 267/1284/267 1471/1285/1471
f 2835/1281/2835 1471/1285/1471 607/1286/607
f 998/1287/998 3615/1288/3615 2831/1289/2831
f 2834/1290/2834 2282/1291/2282 3615/1288/3615
f 3615/1288/3615 278/1292/278 1462/1293/1462
f 2831/1289/2831 1462/1293/1462 598/1294/598
f 2830/1295/2830 2827/1296/2827 997/1297/997
f 851/1298/851 3616/1299/3616 2830/1295/2830
f 2291/1300/2291 1530/1301/1530 3616/1299/3616
f 3616/1299/3616 666/1153/666 2827/1296/2827
f 996/1302/996 3617/1303/3617 2823/1304/2823
f 2826/1305/2826 1724/1306/1724 3617/1303/3617
f 3617/1303/3617 179/1151/179 1536/1307/1536
f 2823/1304/2823 1536/1307/1536 672/1308/672
f 995/1309/995 3618/1310/3618 2819/1311/2819
f 2822/1312/2822 1722/1313/1722 3618/1310/3618
f 3618/1310/3618 182/1111/182 1503/1314/1503
f 2819/1311/2819 1503/1314/1503 639/1315/639
f 994/1316/994 3619/1317/3619 2815/1318/2815
f 2818/1319/2818 2147/1320/2147 3619/1317/3619
f 3619/1317/3619 280/1206/280 1494/1321/1494
f 2815/1318/2815 1494/1321/1494 630/1322/630
f 993/1323/993 3620/1324/3620 2811/1325/2811
f 2814/1326/2814 2296/1327/2296 3620/1324/3620
f 3620/1324/3620 180/1328/180 1454/1329/1454
f 2811/1325/2811 1454/1329/1454 590/1330/590
f 2810/1331/2810 2807/1332/2807 992/1333/992
f 855/1334/855 3621/1335/3621 2810/1331/2810
f 1719/1336/1719 1446/1337/1446 3621/1335/3621
f 3621/1335/3621 582/1338/582 2807/1332/2807
f 2806/1339/2806 2803/1340/2803 991/1341/991
f 853/1342/853 3622/1343/3622 2806/1339/2806
f 1717/1344/1717 1472/1345/1472 3622/1343/3622
f 3622/1343/3622 608/1346/608 2803/1340/2803
f 2802/1347/2802 2799/1348/2799 990/1349/990
f 852/1350/852 3623/1351/3623 2802/1347/2802
f 1716/1352/1716 1463/1353/1463 3623/1351/3623
f 3623/1351/3623 599/1354/599 2799/1348/2799
f 989/1355/989 3624/1356/3624 2795/1357/2795
f 2798/1358/2798 2286/1359/2286 3624/1356/3624
f 3624/1356/3624 177/1360/177 1478/1361/1478
f 2795/1357/2795 1478/1361/1478 614/1121/614
f 988/1362/988 3625/1363/3625 2791/1364/2791
f 2794/1365/2794 2162/1366/2162 3625/1363/3625
f 3625/1363/3625 192/1367/192 1473/1368/1473
f 2791/1364/2791 1473/1368/1473 609/1224/609
f 2790/1369/2790 2787/1370/2787 987/1371/987
f 847/1372/847 3626/1373/3626 2790/1369/2790
f 1711/1374/1711 1447/1375/1447 3626/1373/3626
f 3626/1373/3626 583/1376/583 2787/1370/2787
f 986/1377/986 3627/1378/3627 2783/1379/2783
f 2786/1380/2786 2082/1381/2082 3627/1378/3627
f 3627/1378/3627 192/1367/192 2019/1382/2019
f 2783/1379/2783 2019/1382/2019 579/1383/579
f 985/1384/985 3628/1385/3628 2779/1386/2779
f 2782/1387/2782 1476/1388/1476 3628/1385/3628
f 3628/1385/3628 189/1389/189 2020/1390/2020
f 2779/1386/2779 2020/1390/2020 580/1391/580
f 984/1392/984 3629/1393/3629 2775/1394/2775
f 2778/1395/2778 1537/1396/1537 3629/1393/3629
f 3629/1393/3629 183/1269/183 2112/1397/2112
f 2775/1394/2775 2112/1397/2112 672/1308/672
f 983/1398/983 3630/1399/3630 2771/1400/2771
f 2774/1401/2774 1533/1402/1533 3630/1399/3630
f 3630/1399/3630 177/1360/177 2055/1403/2055
f 2771/1400/2771 2055/1403/2055 615/1404/615
f 2770/1405/2770 2767/1406/2767 982/1407/982
f 585/1408/585 3631/1409/3631 2770/1405/2770
f 1449/1410/1449 2111/1411/2111 3631/1409/3631
f 3631/1409/3631 671/1412/671 2767/1406/2767
f 2766/1413/2766 2763/1414/2763 981/1415/981
f 587/1416/587 3632/1417/3632 2766/1413/2766
f 1451/1418/1451 2101/1419/2101 3632/1417/3632
f 3632/1417/3632 661/1420/661 2763/1414/2763
f 980/1421/980 3633/1422/3633 2759/1423/2759
f 589/1424/589 3633/1422/3633 2762/1425/2762
f 1453/1426/1453 2097/1427/2097 3633/1422/3633
f 2759/1423/2759 2097/1427/2097 657/1428/657
f 2758/1429/2758 2755/1430/2755 979/1431/979
f 646/1432/646 3634/1433/3634 2758/1429/2758
f 1510/1434/1510 2062/1435/2062 3634/1433/3634
f 3634/1433/3634 622/1073/622 2755/1430/2755
f 978/1436/978 3635/1437/3635 2751/1438/2751
f 664/1439/664 3635/1437/3635 2754/1440/2754
f 1528/1441/1528 2064/1442/2064 3635/1437/3635
f 2751/1438/2751 2064/1442/2064 624/1443/624
f 2750/1444/2750 2747/1445/2747 977/1446/977
f 662/1447/662 3636/1448/3636 2750/1444/2750
f 1526/1449/1526 2066/1450/2066 3636/1448/3636
f 3636/1448/3636 626/1451/626 2747/1445/2747
f 976/1452/976 3637/1453/3637 2743/1454/2743
f 660/1455/660 3637/1453/3637 2746/1456/2746
f 1524/1457/1524 2068/1458/2068 3637/1453/3637
f 2743/1454/2743 2068/1458/2068 628/1239/628
f 975/1459/975 3638/1460/3638 2739/1461/2739
f 2742/1462/2742 1522/1463/1522 3638/1460/3638
f 3638/1460/3638 276/1464/276 2070/1465/2070
f 2739/1461/2739 2070/1465/2070 630/1322/630
f 974/1466/974 3639/1467/3639 2735/1468/2735
f 656/1469/656 3639/1467/3639 2738/1470/2738
f 1520/1471/1520 2072/1472/2072 3639/1467/3639
f 2735/1468/2735 2072/1472/2072 632/1473/632
f 973/1474/973 3640/1475/3640 2731/1476/2731
f 2734/1477/2734 1499/1478/1499 3640/1475/3640
f 3640/1475/3640 284/1479/284 2043/1480/2043
f 2731/1476/2731 2043/1480/2043 603/1481/603
f 972/1482/972 3641/1483/3641 2727/1484/2727
f 2730/1485/2730 1469/1486/1469 3641/1483/3641
f 3641/1483/3641 288/1487/288 2090/1488/2090
f 2727/1484/2727 2090/1488/2090 650/1489/650
f 971/1490/971 3642/1491/3642 2723/1492/2723
f 2726/1493/2726 1512/1494/1512 3642/1491/3642
f 3642/1491/3642 290/1495/290 2079/1496/2079
f 2723/1492/2723 2079/1496/2079 639/1315/639
f 970/1497/970 3643/1498/3643 2719/1499/2719
f 2722/1500/2722 2289/1501/2289 3643/1498/3643
f 3643/1498/3643 263/1502/263 1460/1503/1460
f 2719/1499/2719 1460/1503/1460 596/1504/596
f 969/1505/969 3644/1506/3644 2715/1507/2715
f 2718/1508/2718 2306/1509/2306 3644/1506/3644
f 3644/1506/3644 187/1510/187 1538/1511/1538
f 2715/1507/2715 1538/1511/1538 674/1512/674
f 968/1513/968 3645/1514/3645 2711/1515/2711
f 2714/1516/2714 2290/1517/2290 3645/1514/3645
f 3645/1514/3645 185/1119/185 1444/1518/1444
f 2711/1515/2711 1444/1518/1444 580/1391/580
f 967/1519/967 3646/1520/3646 2707/1521/2707
f 2710/1522/2710 2124/1523/2124 3646/1520/3646
f 3646/1520/3646 170/1524/170 1484/1525/1484
f 2707/1521/2707 1484/1525/1484 620/1526/620
f 966/1527/966 3647/1528/3647 2703/1529/2703
f 2706/1530/2706 2277/1531/2277 3647/1528/3647
f 3647/1528/3647 260/1532/260 1521/1533/1521
f 2703/1529/2703 1521/1533/1521 657/1428/657
f 2702/1534/2702 2699/1535/2699 965/1536/965
f 2702/1534/2702 2299/1537/2299 3648/1538/3648
f 3648/1538/3648 290/1495/290 1470/1539/1470
f 3648/1538/3648 606/1216/606 2699/1535/2699
f 2698/1540/2698 2695/1541/2695 964/1542/964
f 2698/1540/2698 2297/1543/2297 3649/1544/3649
f 3649/1544/3649 276/1464/276 1519/1545/1519
f 3649/1544/3649 655/1185/655 2695/1541/2695
f 2694/1546/2694 2691/1547/2691 963/1548/963
f 854/1549/854 3650/1550/3650 2694/1546/2694
f 2294/1551/2294 1477/1552/1477 3650/1550/3650
f 3650/1550/3650 613/1553/613 2691/1547/2691
f 2690/1554/2690 2687/1555/2687 962/1556/962
f 840/1557/840 3651/1558/3651 2690/1554/2690
f 2280/1559/2280 1487/1560/1487 3651/1558/3651
f 3651/1558/3651 623/1161/623 2687/1555/2687
f 961/1561/961 3652/1562/3652 2683/1563/2683
f 2686/1564/2686 2119/1565/2119 3652/1562/3652
f 3652/1562/3652 175/1167/175 1479/1566/1479
f 2683/1563/2683 1479/1566/1479 615/1404/615
f 2682/1567/2682 2679/1568/2679 960/1569/960
f 701/1570/701 3653/1571/3653 2682/1567/2682
f 2141/1572/2141 1474/1573/1474 3653/1571/3653
f 3653/1571/3653 610/1574/610 2679/1568/2679
f 959/1575/959 3654/1576/3654 2675/1577/2675
f 2678/1578/2678 1708/1579/1708 3654/1576/3654
f 3654/1576/3654 277/1580/277 1496/1581/1496
f 2675/1577/2675 1496/1581/1496 632/1473/632
f 958/1582/958 3655/1583/3655 2671/1584/2671
f 2674/1585/2674 2186/1586/2186 3655/1583/3655
f 3655/1583/3655 166/1587/166 1456/1588/1456
f 2671/1584/2671 1456/1588/1456 592/1589/592
f 2670/1590/2670 2667/1591/2667 957/1592/957
f 843/1593/843 3656/1594/3656 2670/1590/2670
f 1707/1595/1707 1448/1596/1448 3656/1594/3656
f 3656/1594/3656 584/1597/584 2667/1591/2667
f 2666/1598/2666 2663/1599/2663 956/1600/956
f 2666/1598/2666 1705/1601/1705 3657/1602/3657
f 3657/1602/3657 281/1603/281 1465/1604/1465
f 3657/1602/3657 601/1605/601 2663/1599/2663
f 955/1606/955 3658/1607/3658 2659/1608/2659
f 2662/1609/2662 1703/1610/1703 3658/1607/3658
f 3658/1607/3658 268/1611/268 1488/1612/1488
f 2659/1608/2659 1488/1612/1488 624/1443/624
f 2658/1613/2658 2655/1614/2655 954/1615/954
f 675/1616/675 3659/1617/3659 2658/1613/2658
f 2115/1618/2115 1480/1619/1480 3659/1617/3659
f 3659/1617/3659 616/1129/616 2655/1614/2655
f 953/1620/953 3660/1621/3660 2651/1622/2651
f 2654/1623/2654 1702/1624/1702 3660/1621/3660
f 3660/1621/3660 171/1625/171 1534/1626/1534
f 2651/1622/2651 1534/1626/1534 670/1627/670
f 2650/1628/2650 2647/1629/2647 952/1630/952
f 2650/1628/2650 2128/1631/2128 3661/1632/3661
f 3661/1632/3661 284/1479/284 1515/1633/1515
f 3661/1632/3661 651/1200/651 2647/1629/2647
f 2646/1634/2646 2643/1635/2643 951/1636/951
f 2646/1634/2646 1699/1637/1699 3662/1638/3662
f 3662/1638/3662 265/1639/265 1457/1640/1457
f 3662/1638/3662 593/1641/593 2643/1635/2643
f 2642/1642/2642 2639/1643/2639 950/1644/950
f 677/1645/677 3663/1646/3663 2642/1642/2642
f 1541/1647/1541 1535/1648/1535 3663/1646/3663
f 3663/1646/3663 671/1412/671 2639/1643/2639
f 2638/1649/2638 2635/1650/2635 949/1651/949
f 697/1652/697 3664/1653/3664 2638/1649/2638
f 2137/1654/2137 1489/1655/1489 3664/1653/3664
f 3664/1653/3664 625/1169/625 2635/1650/2635
f 948/1656/948 3665/1657/3665 2631/1658/2631
f 2634/1659/2634 1545/1660/1545 3665/1657/3665
f 3665/1657/3665 259/1661/259 1498/1662/1498
f 2631/1658/2631 1498/1662/1498 634/1663/634
f 947/1664/947 3666/1665/3666 2627/1666/2627
f 2630/1667/2630 1550/1668/1550 3666/1665/3666
f 3666/1665/3666 174/1669/174 1481/1670/1481
f 2627/1666/2627 1481/1670/1481 617/1671/617
f 946/1672/946 3667/1673/3667 2623/1674/2623
f 2626/1675/2626 1555/1676/1555 3667/1673/3667
f 3667/1673/3667 286/1222/286 1467/1677/1467
f 2623/1674/2623 1467/1677/1467 603/1481/603
f 945/1678/945 3668/1679/3668 2619/1680/2619
f 2622/1681/2622 1558/1682/1558 3668/1679/3668
f 3668/1679/3668 176/1683/176 1458/1684/1458
f 2619/1680/2619 1458/1684/1458 594/1685/594
f 2618/1686/2618 2615/1687/2615 944/1688/944
f 716/1689/716 3669/1690/3669 2618/1686/2618
f 2156/1691/2156 1508/1692/1508 3669/1690/3669
f 3669/1690/3669 644/1137/644 2615/1687/2615
f 2614/1693/2614 2611/1694/2611 943/1695/943
f 699/1696/699 3670/1697/3670 2614/1693/2614
f 1563/1698/1563 1490/1699/1490 3670/1697/3670
f 3670/1697/3670 626/1451/626 2611/1694/2611
f 2610/1700/2610 2607/1701/2607 942/1702/942
f 704/1703/704 3671/1704/3671 2610/1700/2610
f 1568/1705/1568 1516/1706/1516 3671/1704/3671
f 3671/1704/3671 652/1707/652 2607/1701/2607
f 941/1708/941 3672/1709/3672 2603/1710/2603
f 2606/1711/2606 2174/1712/2174 3672/1709/3672
f 3672/1709/3672 194/1713/194 1482/1714/1482
f 2603/1710/2603 1482/1714/1482 618/1715/618
f 940/1716/940 3673/1717/3673 2599/1718/2599
f 2602/1719/2602 2200/1720/2200 3673/1717/3673
f 3673/1717/3673 288/1487/288 1517/1721/1517
f 2599/1718/2599 1517/1721/1517 653/1208/653
f 939/1722/939 3674/1723/3674 2595/1724/2595
f 2598/1725/2598 1577/1726/1577 3674/1723/3674
f 3674/1723/3674 269/1727/269 1459/1728/1459
f 2595/1724/2595 1459/1728/1459 595/1729/595
f 2594/1730/2594 2591/1731/2591 938/1732/938
f 719/1733/719 3675/1734/3675 2594/1730/2594
f 1583/1735/1583 1525/1736/1525 3675/1734/3675
f 3675/1734/3675 661/1420/661 2591/1731/2591
f 937/1737/937 3676/1738/3676 2587/1739/2587
f 2590/1740/2590 1589/1741/1589 3676/1738/3676
f 3676/1738/3676 193/1135/193 1443/1742/1443
f 2587/1739/2587 1443/1742/1443 579/1383/579
f 2586/1743/2586 2583/1744/2583 936/1745/936
f 731/1746/731 3677/1747/3677 2586/1743/2586
f 1595/1748/1595 1491/1749/1491 3677/1747/3677
f 3677/1747/3677 627/1177/627 2583/1744/2583
f 2582/1750/2582 2579/1751/2579 935/1752/935
f 737/1753/737 3678/1754/3678 2582/1750/2582
f 1601/1755/1601 1475/1756/1475 3678/1754/3678
f 3678/1754/3678 611/1757/611 2579/1751/2579
f 2578/1758/2578 2575/1759/2575 934/1760/934
f 743/1761/743 3679/1762/3679 2578/1758/2578
f 1607/1763/1607 1500/1764/1500 3679/1762/3679
f 3679/1762/3679 636/1765/636 2575/1759/2575
f 933/1766/933 3680/1767/3680 2571/1768/2571
f 2574/1769/2574 1613/1770/1613 3680/1767/3680
f 3680/1767/3680 168/1771/168 1483/1772/1483
f 2571/1768/2571 1483/1772/1483 619/1773/619
f 2570/1774/2570 2567/1775/2567 932/1776/932
f 2570/1774/2570 1621/1777/1621 3681/1778/3681
f 3681/1778/3681 189/1389/189 1529/1779/1529
f 3681/1778/3681 665/1105/665 2567/1775/2567
f 931/1780/931 3682/1781/3682 2563/1782/2563
f 2566/1783/2566 1629/1784/1629 3682/1781/3682
f 3682/1781/3682 172/1127/172 1514/1785/1514
f 2563/1782/2563 1514/1785/1514 650/1489/650
f 930/1786/930 3683/1787/3683 2559/1788/2559
f 2562/1789/2562 1636/1790/1636 3683/1787/3683
f 1636/1790/1636 1352/1791/1352 3683/1787/3683
f 3683/1787/3683 488/1792/488 2559/1788/2559
f 929/1793/929 3684/1794/3684 2555/1795/2555
f 2558/1796/2558 1638/1797/1638 3684/1794/3684
f 3684/1794/3684 196/1798/196 1634/1799/1634
f 2555/1795/2555 1634/1799/1634 770/1800/770
f 2554/1801/2554 2551/1802/2551 928/1803/928
f 771/1804/771 3685/1805/3685 2554/1801/2554
f 3685/1805/3685 87/1806/87 1304/1807/1304
f 2551/1802/2551 1304/1807/1304 440/1808/440
f 2550/1809/2550 2547/1810/2547 927/1811/927
f 776/1812/776 3686/1813/3686 2550/1809/2550
f 1640/1814/1640 1611/1815/1611 3686/1813/3686
f 3686/1813/3686 747/1816/747 2547/1810/2547
f 2546/1817/2546 2543/1818/2543 926/1819/926
f 775/1820/775 3687/1821/3687 2546/1817/2546
f 3687/1821/3687 112/1822/112 1344/1823/1344
f 2543/1818/2543 1344/1823/1344 480/1824/480
f 925/1825/925 3688/1826/3688 2539/1827/2539
f 2542/1828/2542 2213/1829/2213 3688/1826/3688
f 3688/1826/3688 197/1830/197 1542/1831/1542
f 2539/1827/2539 1542/1831/1542 678/1832/678
f 2538/1833/2538 2535/1834/2535 924/1835/924
f 780/1836/780 3689/1837/3689 2538/1833/2538
f 3689/1837/3689 98/644/98 1318/1838/1318
f 2535/1834/2535 1318/1838/1318 454/1049/454
f 923/1839/923 3690/1840/3690 2531/1841/2531
f 2534/1842/2534 1646/1843/1646 3690/1840/3690
f 3690/1840/3690 200/1844/200 1632/1845/1632
f 2531/1841/2531 1632/1845/1632 768/1846/768
f 2530/1847/2530 2527/1848/2527 922/1849/922
f 779/1850/779 3691/1851/3691 2530/1847/2530
f 2219/1852/2219 1358/1853/1358 3691/1851/3691
f 3691/1851/3691 494/1854/494 2527/1848/2527
f 921/1855/921 3692/1856/3692 2523/1857/2523
f 2526/1858/2526 1648/1859/1648 3692/1856/3692
f 3692/1856/3692 204/1860/204 1630/1861/1630
f 2523/1857/2523 1630/1861/1630 766/1862/766
f 920/1863/920 3693/1864/3693 2519/1865/2519
f 2522/1866/2522 2223/1867/2223 3693/1864/3693
f 3693/1868/3693 85/540/85 1301/1869/1301
f 2519/1870/2519 1301/1869/1301 437/538/437
f 2518/1871/2518 2515/1872/2515 919/1873/919
f 781/1874/781 3694/1875/3694 2518/1871/2518
f 2221/1876/2221 1578/1877/1578 3694/1875/3694
f 3694/1875/3694 714/1878/714 2515/1872/2515
f 2514/1879/2514 2511/1880/2511 918/1881/918
f 787/1882/787 3695/1883/3695 2514/1879/2514
f 3695/1883/3695 114/718/114 1346/1884/1346
f 2511/1880/2511 1346/1884/1346 482/646/482
f 917/1885/917 3696/1886/3696 2507/1887/2507
f 2510/1888/2510 1652/1889/1652 3696/1886/3696
f 3696/1886/3696 212/1890/212 1622/1891/1622
f 2507/1887/2507 1622/1891/1622 758/1892/758
f 2506/1893/2506 2503/1894/2503 916/1895/916
f 790/1896/790 3697/1897/3697 2506/1893/2506
f 3697/1897/3697 88/1898/88 1305/564/1305
f 2503/1894/2503 1305/564/1305 441/562/441
f 915/1899/915 3698/1900/3698 2499/1901/2499
f 2502/1902/2502 1656/1903/1656 3698/1900/3698
f 3698/1900/3698 206/1904/206 1627/1905/1627
f 2499/1901/2499 1627/1905/1627 763/1906/763
f 2498/1907/2498 2495/1908/2495 914/1909/914
f 789/1910/789 3699/1911/3699 2498/1907/2498
f 3699/1911/3699 113/1912/113 1345/989/1345
f 2495/1908/2495 1345/989/1345 481/987/481
f 913/1913/913 3700/1914/3700 2491/1915/2491
f 2494/1916/2494 1658/1917/1658 3700/1914/3700
f 3700/1914/3700 210/1918/210 1625/1919/1625
f 2491/1915/2491 1625/1919/1625 761/1920/761
f 2490/1921/2490 2487/1922/2487 912/1923/912
f 793/1924/793 3701/1925/3701 2490/1921/2490
f 3701/1925/3701 97/1926/97 1317/588/1317
f 2487/1922/2487 1317/588/1317 453/586/453
f 911/1927/911 3702/1928/3702 2483/1929/2483
f 2486/1930/2486 2231/1931/2231 3702/1928/3702
f 3702/1928/3702 207/1932/207 1546/1933/1546
f 2483/1929/2483 1546/1933/1546 682/1934/682
f 910/1935/910 3703/1936/3703 2479/1937/2479
f 2482/1938/2482 1661/1939/1661 3703/1936/3703
f 1661/1939/1661 1353/685/1353 3703/1936/3703
f 3703/1936/3703 489/1940/489 2479/1937/2479
f 2478/1941/2478 2475/1942/2475 909/1943/909
f 798/1944/798 3704/1945/3704 2478/1941/2478
f 1662/1946/1662 1599/1947/1599 3704/1945/3704
f 3704/1945/3704 735/1948/735 2475/1942/2475
f 2474/1949/2474 2471/1950/2471 908/1951/908
f 799/1952/799 3705/1953/3705 2474/1949/2474
f 3705/1953/3705 89/1954/89 1306/1955/1306
f 2471/1950/2471 1306/1955/1306 442/720/442
f 907/1956/907 3706/1957/3706 2467/1958/2467
f 2470/1959/2470 1664/1960/1664 3706/1957/3706
f 3706/1957/3706 214/1961/214 1619/1962/1619
f 2467/1958/2467 1619/1962/1619 755/1963/755
f 906/1964/906 3707/1965/3707 2463/1966/2463
f 2466/1967/2466 1665/1968/1665 3707/1965/3707
f 1665/1968/1665 1354/1969/1354 3707/1965/3707
f 3707/1965/3707 490/550/490 2463/1966/2463
f 2462/1970/2462 2459/1971/2459 905/1972/905
f 802/1973/802 3708/1974/3708 2462/1970/2462
f 1666/1975/1666 1587/1976/1587 3708/1974/3708
f 3708/1974/3708 723/1977/723 2459/1971/2459
f 904/1978/904 3709/1979/3709 2455/1980/2455
f 2458/1981/2458 1668/1982/1668 3709/1979/3709
f 1668/1982/1668 1311/1983/1311 3709/1979/3709
f 3709/1979/3709 447/1984/447 2455/1980/2455
f 2454/1985/2454 2451/1986/2451 903/1987/903
f 806/1988/806 3710/1989/3710 2454/1985/2454
f 1670/1990/1670 1616/1991/1616 3710/1989/3710
f 3710/1989/3710 752/1992/752 2451/1986/2451
f 902/1993/902 3711/1994/3711 2447/1995/2447
f 2450/1996/2450 2243/1997/2243 3711/1994/3711
f 2243/1997/2243 1351/1998/1351 3711/1994/3711
f 3711/1994/3711 487/1999/487 2447/1995/2447
f 2446/2000/2446 2443/2001/2443 901/2002/901
f 808/2003/808 3712/2004/3712 2446/2000/2446
f 1672/2005/1672 1614/2006/1614 3712/2004/3712
f 3712/2004/3712 750/2007/750 2443/2001/2443
f 2442/2008/2442 2439/2009/2439 900/2010/900
f 807/2011/807 3713/2012/3713 2442/2008/2442
f 3713/2012/3713 86/2013/86 1303/2014/1303
f 2439/2009/2439 1303/2014/1303 439/2015/439
f 899/2016/899 3714/2017/3714 2435/2018/2435
f 2438/2019/2438 2245/2020/2245 3714/2017/3714
f 3714/2017/3714 217/2021/217 1553/2022/1553
f 2435/2018/2435 1553/2022/1553 689/2023/689
f 898/2024/898 3715/2025/3715 2431/2026/2431
f 2434/2027/2434 1675/2028/1675 3715/2025/3715
f 3715/2025/3715 107/2029/107 1339/2030/1339
f 2431/2026/2431 1339/2030/1339 475/2031/475
f 2430/2032/2430 2427/2033/2427 897/2034/897
f 812/2035/812 3716/2036/3716 2430/2032/2430
f 1676/2037/1676 1605/2038/1605 3716/2036/3716
f 3716/2036/3716 741/2039/741 2427/2033/2427
f 896/2040/896 3717/2041/3717 2423/2042/2423
f 2426/2043/2426 1677/2044/1677 3717/2041/3717
f 1677/2044/1677 1312/2045/1312 3717/2041/3717
f 3717/2041/3717 448/2046/448 2423/2042/2423
f 2422/2047/2422 2419/2048/2419 895/2049/895
f 814/2050/814 3718/2051/3718 2422/2047/2422
f 1678/2052/1678 1608/2053/1608 3718/2051/3718
f 3718/2051/3718 744/2054/744 2419/2048/2419
f 894/2055/894 3719/2056/3719 2415/2057/2415
f 2418/2058/2418 1679/2059/1679 3719/2056/3719
f 3719/2056/3719 108/2060/108 1340/2061/1340
f 2415/2057/2415 1340/2061/1340 476/2062/476
f 2414/2063/2414 2411/2064/2411 893/2065/893
f 816/2066/816 3720/2067/3720 2414/2063/2414
f 1680/2068/1680 1593/2069/1593 3720/2067/3720
f 3720/2067/3720 729/2070/729 2411/2064/2411
f 892/2071/892 3721/2072/3721 2407/2073/2407
f 2410/2074/2410 1681/2075/1681 3721/2072/3721
f 3721/2076/3721 82/2077/82 1299/2078/1299
f 2407/2073/2407 1299/2079/1299 435/2080/435
f 2406/2081/2406 2403/2082/2403 891/2083/891
f 818/2084/818 3722/2085/3722 2406/2081/2406
f 1682/2086/1682 1602/2087/1602 3722/2085/3722
f 3722/2085/3722 738/2088/738 2403/2082/2403
f 2402/2089/2402 2399/2090/2399 890/2091/890
f 819/2092/819 3723/2093/3723 2402/2089/2402
f 1683/2094/1683 1356/2095/1356 3723/2093/3723
f 3723/2093/3723 492/2096/492 2399/2090/2399
f 889/2097/889 3724/2098/3724 2395/2099/2395
f 2398/2100/2398 1684/2101/1684 3724/2098/3724
f 3724/2098/3724 252/2102/252 1562/2103/1562
f 2395/2099/2395 1562/2103/1562 698/2104/698
f 888/2105/888 3725/2106/3725 2391/2107/2391
f 2394/2108/2394 1685/2109/1685 3725/2106/3725
f 1685/2109/1685 1313/659/1313 3725/2106/3725
f 3725/2106/3725 449/2110/449 2391/2107/2391
f 2390/2111/2390 2387/2112/2387 887/2113/887
f 822/2114/822 3726/2115/3726 2390/2111/2390
f 1686/2116/1686 1596/2117/1596 3726/2115/3726
f 3726/2115/3726 732/2118/732 2387/2112/2387
f 886/2119/886 3727/2120/3727 2383/2121/2383
f 2386/2122/2386 2225/2123/2225 3727/2120/3727
f 3727/2120/3727 109/1063/109 1341/1062/1341
f 2383/2121/2383 1341/1062/1341 477/2124/477
f 2382/2125/2382 2379/2126/2379 885/2127/885
f 786/2128/786 3728/2129/3728 2382/2125/2382
f 2226/2130/2226 1581/2131/1581 3728/2129/3728
f 3728/2129/3728 717/2132/717 2379/2126/2379
f 884/2133/884 3729/2134/3729 2375/2135/2375
f 2378/2136/2378 1687/2137/1687 3729/2134/3729
f 3729/2138/3729 83/2139/83 1300/2140/1300
f 2375/2135/2375 1300/2141/1300 436/2142/436
f 2374/2143/2374 2371/2144/2371 883/2145/883
f 824/2146/824 3730/2147/3730 2374/2143/2374
f 1688/2148/1688 1590/2149/1590 3730/2147/3730
f 3730/2147/3730 726/2150/726 2371/2144/2371
f 2370/2151/2370 2367/2152/2367 882/2153/882
f 795/2154/795 3731/2155/3731 2370/2151/2370
f 2235/2156/2235 1357/914/1357 3731/2155/3731
f 3731/2155/3731 493/911/493 2367/2152/2367
f 881/2157/881 3732/2158/3732 2363/2159/2363
f 2366/2160/2366 2236/2161/2236 3732/2158/3732
f 3732/2158/3732 258/2162/258 1549/2163/1549
f 2363/2159/2363 1549/2163/1549 685/2164/685
f 880/2165/880 3733/2166/3733 2359/2167/2359
f 2362/2168/2362 1689/2169/1689 3733/2166/3733
f 1689/2169/1689 1314/2170/1314 3733/2166/3733
f 3733/2166/3733 450/1023/450 2359/2167/2359
f 2358/2171/2358 2355/2172/2355 879/2173/879
f 826/2174/826 3734/2175/3734 2358/2171/2358
f 1690/2176/1690 1584/2177/1584 3734/2175/3734
f 3734/2175/3734 720/2178/720 2355/2172/2355
f 878/2179/878 3735/2180/3735 2351/2181/2351
f 2354/2182/2354 1691/2183/1691 3735/2180/3735
f 3735/2180/3735 110/2184/110 1342/2185/1342
f 2351/2181/2351 1342/2185/1342 478/622/478
f 2350/2186/2350 2347/2187/2347 877/2188/877
f 828/2189/828 3736/2190/3736 2350/2186/2350
f 1692/2191/1692 1569/2192/1569 3736/2190/3736
f 3736/2190/3736 705/2193/705 2347/2187/2347
f 2346/2194/2346 2343/2195/2343 876/2196/876
f 830/2197/830 3737/2198/3737 2346/2194/2346
f 3737/2198/3737 95/2199/95 1315/2200/1315
f 2343/2195/2343 1315/2200/1315 451/2201/451
f 875/2202/875 3738/2203/3738 2339/2204/2339
f 2342/2205/2342 1696/2206/1696 3738/2203/3738
f 3738/2203/3738 244/2207/244 1574/2208/1574
f 2339/2204/2339 1574/2208/1574 710/2209/710
f 2338/2210/2338 2335/2211/2335 874/2212/874
f 829/2213/829 3739/2214/3739 2338/2210/2338
f 2269/2215/2269 1355/2216/1355 3739/2214/3739
f 3739/2214/3739 491/2217/491 2335/2211/2335
f 873/2218/873 3740/2219/3740 2331/2220/2331
f 2334/2221/2334 1698/2222/1698 3740/2219/3740
f 3740/2219/3740 248/2223/248 1572/2224/1572
f 2331/2220/2331 1572/2224/1572 708/2225/708
f 872/2226/872 3741/2227/3741 2327/2228/2327
f 2330/2229/2330 2273/2230/2273 3741/2227/3741
f 3741/2231/3741 84/2232/84 1302/2233/1302
f 2327/2228/2327 1302/2234/1302 438/795/438
f 2326/2235/2326 2323/2236/2323 871/2237/871
f 831/2238/831 3742/2239/3742 2326/2235/2326
f 2271/2240/2271 1566/2241/1566 3742/2239/3742
f 3742/2239/3742 702/2242/702 2323/2236/2323
f 2322/2243/2322 2319/2244/2319 870/2245/870
f 809/2246/809 3743/2247/3743 2322/2243/2322
f 3743/2247/3743 111/2248/111 1343/2249/1343
f 2319/2244/2319 1343/2249/1343 479/2250/479
f 869/2251/869 3744/2252/3744 2315/2253/2315
f 2318/2254/2318 2250/2255/2250 3744/2252/3744
f 3744/2252/3744 256/2256/256 1556/2257/1556
f 2315/2253/2315 1556/2257/1556 692/2258/692
f 2314/2259/2314 2311/2260/2311 868/2261/868
f 777/2262/777 3745/2263/3745 2314/2259/2314
f 3745/2263/3745 96/2264/96 1316/2265/1316
f 2311/2260/2311 1316/2265/1316 452/2266/452
f 867/2267/867 3746/2268/3746 2307/2269/2307
f 2310/2270/2310 2218/2271/2218 3746/2268/3746
f 3746/2268/3746 254/2272/254 1559/2273/1559
f 2307/2269/2307 1559/2273/1559 695/2274/695
f 820/2275/820 3747/2276/3747 1684/2101/1684
f 2309/2277/2309 2307/2269/2307 3747/2276/3747
f 3747/2276/3747 695/2274/695 2135/2278/2135
f 1684/2101/1684 2135/2278/2135 252/2102/252
f 43/2279/43 3748/2280/3748 2260/2281/2260
f 1748/2282/1748 2308/2283/2308 3748/2280/3748
f 3748/2280/3748 867/2267/867 2309/2277/2309
f 2260/2281/2260 2309/2277/2309 820/2275/820
f 1172/2284/1172 2308/2283/2308 308/2285/308
f 15/2286/15 3749/2287/3749 1172/2284/1172
f 3749/2287/3749 778/2288/778 2310/2270/2310
f 2308/2283/2308 2310/2270/2310 867/2267/867
f 2313/2289/2313 1683/2094/1683 819/2092/819
f 868/2261/868 3750/2290/3750 2313/2289/2313
f 2311/2260/2311 1892/2291/1892 3750/2290/3750
f 3750/2290/3750 124/2292/124 1683/2094/1683
f 1557/2293/1557 2259/2294/2259 251/2295/251
f 693/2296/693 3751/2297/3751 1557/2293/1557
f 2312/2298/2312 2313/2289/2313 3751/2297/3751
f 3751/2297/3751 819/2092/819 2259/2294/2259
f 2133/2299/2133 2312/2298/2312 693/2296/693
f 253/2300/253 3752/2301/3752 2133/2299/2133
f 1641/2302/1641 2314/2259/2314 3752/2301/3752
f 3752/2301/3752 868/2261/868 2312/2298/2312
f 834/2303/834 3753/2304/3753 1698/2222/1698
f 2317/2305/2317 2315/2253/2315 3753/2304/3753
f 3753/2304/3753 692/2258/692 2132/2306/2132
f 1698/2222/1698 2132/2306/2132 248/2223/248
f 1775/2307/1775 2274/2308/2274 14/2309/14
f 335/2310/335 3754/2311/3754 1775/2307/1775
f 3754/2311/3754 869/2251/869 2317/2305/2317
f 2274/2308/2274 2317/2305/2317 834/2303/834
f 1199/2312/1199 2316/2313/2316 335/2310/335
f 30/2314/30 3755/2315/3755 1199/2312/1199
f 3755/2315/3755 810/2316/810 2318/2254/2318
f 2316/2313/2316 2318/2254/2318 869/2251/869
f 2321/2317/2321 1694/2318/1694 830/2197/830
f 870/2245/870 3756/2319/3756 2321/2317/2321
f 3756/2319/3756 479/2250/479 1919/2320/1919
f 1694/2318/1694 1919/2320/1919 95/2199/95
f 1554/2321/1554 2270/2322/2270 247/2323/247
f 690/2324/690 3757/2325/3757 1554/2321/1554
f 2320/2326/2320 2321/2317/2321 3757/2325/3757
f 3757/2325/3757 830/2197/830 2270/2322/2270
f 2130/2327/2130 2320/2326/2320 690/2324/690
f 255/2328/255 3758/2329/3758 2130/2327/2130
f 1673/2330/1673 2322/2243/2322 3758/2329/3758
f 3758/2329/3758 870/2245/870 2320/2326/2320
f 2325/2331/2325 1692/2191/1692 828/2189/828
f 871/2237/871 3759/2332/3759 2325/2331/2325
f 2323/2236/2323 2142/2333/2142 3759/2332/3759
f 3759/2332/3759 250/2334/250 1692/2191/1692
f 1734/259/1734 2268/2335/2268 29/2336/29
f 294/256/294 3760/2337/3760 1734/259/1734
f 2324/2338/2324 2325/2331/2325 3760/2337/3760
f 3760/2337/3760 828/2189/828 2268/2335/2268
f 1158/2339/1158 2324/2338/2324 294/256/294
f 3/2340/3 3761/2341/3761 1158/2342/1158
f 1695/2343/1695 2326/2235/2326 3761/2344/3761
f 3761/2344/3761 871/2237/871 2324/2338/2324
f 827/2345/827 3762/2346/3762 1691/2183/1691
f 2329/2347/2329 2327/2228/2327 3762/2346/3762
f 3762/2346/3762 438/795/438 1878/794/1878
f 1691/2183/1691 1878/794/1878 110/2184/110
f 249/2348/249 3763/2349/3763 2267/2350/2267
f 1564/2351/1564 2328/2352/2328 3763/2349/3763
f 3763/2349/3763 872/2226/872 2329/2347/2329
f 2267/2350/2267 2329/2347/2329 827/2345/827
f 700/2353/700 3764/2354/3764 2328/2352/2328
f 2140/2355/2140 1697/2356/1697 3764/2354/3764
f 3764/2354/3764 833/2357/833 2330/2229/2330
f 2328/2352/2328 2330/2229/2330 872/2226/872
f 832/2358/832 3765/2359/3765 1696/2206/1696
f 2333/2360/2333 2331/2220/2331 3765/2359/3765
f 3765/2359/3765 708/2225/708 2148/2361/2148
f 1696/2206/1696 2148/2361/2148 244/2207/244
f 42/2362/42 3766/2363/3766 2272/2364/2272
f 1747/2365/1747 2332/2366/2332 3766/2363/3766
f 3766/2363/3766 873/2218/873 2333/2360/2333
f 2272/2364/2272 2333/2360/2333 832/2358/832
f 1171/2367/1171 2332/2366/2332 307/2368/307
f 14/2309/14 3767/2369/3767 1171/2367/1171
f 3767/2369/3767 834/2303/834 2334/2221/2334
f 2332/2366/2332 2334/2221/2334 873/2218/873
f 2337/2370/2337 2273/2371/2273 833/2372/833
f 874/2212/874 3768/2373/3768 2337/2370/2337
f 2335/2211/2335 1931/2374/1931 3768/2373/3768
f 3768/2375/3768 84/2232/84 2273/2376/2273
f 1573/2377/1573 1697/2378/1697 246/2379/246
f 709/2380/709 3769/2381/3769 1573/2377/1573
f 2336/2382/2336 2337/2370/2337 3769/2381/3769
f 3769/2381/3769 833/2372/833 1697/2378/1697
f 2149/2383/2149 2336/2382/2336 709/2380/709
f 243/2384/243 3770/2385/3770 2149/2383/2149
f 1693/2386/1693 2338/2210/2338 3770/2385/3770
f 3770/2385/3770 874/2212/874 2336/2382/2336
f 831/2387/831 3771/2388/3771 2271/2389/2271
f 2341/2390/2341 2339/2204/2339 3771/2388/3771
f 3771/2388/3771 710/2209/710 2150/2391/2150
f 2271/2389/2271 2150/2391/2150 245/2392/245
f 3/2340/3 3772/2393/3772 1695/2394/1695
f 1787/2395/1787 2340/2396/2340 3772/2397/3772
f 3772/2397/3772 875/2202/875 2341/2390/2341
f 1695/2398/1695 2341/2390/2341 831/2387/831
f 347/2399/347 3773/2400/3773 2340/2396/2340
f 1211/2401/1211 2272/2364/2272 3773/2400/3773
f 3773/2400/3773 832/2358/832 2342/2205/2342
f 2340/2396/2340 2342/2205/2342 875/2202/875
f 2345/2402/2345 2269/2215/2269 829/2213/829
f 876/2196/876 3774/2403/3774 2345/2402/2345
f 2343/2195/2343 1891/2404/1891 3774/2403/3774
f 3774/2403/3774 123/2405/123 2269/2215/2269
f 1570/2406/1570 1693/2386/1693 243/2384/243
f 706/2407/706 3775/2408/3775 1570/2406/1570
f 2344/2409/2344 2345/2402/2345 3775/2408/3775
f 3775/2408/3775 829/2213/829 1693/2386/1693
f 2146/2410/2146 2344/2409/2344 706/2407/706
f 247/2323/247 3776/2411/3776 2146/2410/2146
f 2270/2322/2270 2346/2194/2346 3776/2411/3776
f 3776/2411/3776 876/2196/876 2344/2409/2344
f 2349/2412/2349 1690/2176/1690 826/2174/826
f 877/2188/877 3777/2413/3777 2349/2412/2349
f 2347/2187/2347 2145/2414/2145 3777/2413/3777
f 3777/2413/3777 240/2415/240 1690/2176/1690
f 13/2416/13 3778/2417/3778 2266/2418/2266
f 1774/86/1774 2348/2419/2348 3778/2417/3778
f 2348/2419/2348 2349/2412/2349 3778/2417/3778
f 3778/2417/3778 826/2174/826 2266/2418/2266
f 1198/2420/1198 2348/2419/2348 334/84/334
f 29/2336/29 3779/2421/3779 1198/2420/1198
f 2268/2335/2268 2350/2186/2350 3779/2421/3779
f 3779/2421/3779 877/2188/877 2348/2419/2348
f 825/2422/825 3780/2423/3780 1689/2169/1689
f 2353/2424/2353 2351/2181/2351 3780/2423/3780
f 2351/2181/2351 1918/621/1918 3780/2423/3780
f 3780/2423/3780 94/2425/94 1689/2169/1689
f 239/2426/239 3781/2427/3781 2265/2428/2265
f 1567/2429/1567 2352/2430/2352 3781/2427/3781
f 3781/2427/3781 878/2179/878 2353/2424/2353
f 2265/2428/2265 2353/2424/2353 825/2422/825
f 703/2431/703 3782/2432/3782 2352/2430/2352
f 2143/2433/2143 2267/2350/2267 3782/2432/3782
f 3782/2432/3782 827/2345/827 2354/2182/2354
f 2352/2430/2352 2354/2182/2354 878/2179/878
f 2357/2434/2357 1666/1975/1666 802/1973/802
f 879/2173/879 3783/2435/3783 2357/2434/2357
f 2355/2172/2355 2160/2436/2160 3783/2435/3783
f 3783/2435/3783 238/2437/238 1666/1975/1666
f 41/2438/41 3784/2439/3784 2242/2440/2242
f 1746/489/1746 2356/2441/2356 3784/2439/3784
f 2356/2441/2356 2357/2434/2357 3784/2439/3784
f 3784/2439/3784 802/1973/802 2242/2440/2242
f 306/487/306 3785/2442/3785 2356/2441/2356
f 1170/2443/1170 2266/2418/2266 3785/2442/3785
f 2266/2418/2266 2358/2171/2358 3785/2442/3785
f 3785/2442/3785 879/2173/879 2356/2441/2356
f 801/2444/801 3786/2445/3786 1665/1968/1665
f 2361/2446/2361 2359/2167/2359 3786/2445/3786
f 2359/2167/2359 1890/1022/1890 3786/2445/3786
f 3786/2445/3786 122/2447/122 1665/1968/1665
f 237/2448/237 3787/2449/3787 2241/2450/2241
f 1582/2451/1582 2360/2452/2360 3787/2449/3787
f 3787/2449/3787 880/2165/880 2361/2446/2361
f 2241/2450/2241 2361/2446/2361 801/2444/801
f 718/2453/718 3788/2454/3788 2360/2452/2360
f 2158/2455/2158 2265/2428/2265 3788/2454/3788
f 3788/2454/3788 825/2422/825 2362/2168/2362
f 2360/2452/2360 2362/2168/2362 880/2165/880
f 824/2456/824 3789/2457/3789 1688/2458/1688
f 2365/2459/2365 2363/2159/2363 3789/2457/3789
f 3789/2457/3789 685/2164/685 2125/2460/2125
f 1688/2458/1688 2125/2460/2125 236/2461/236
f 2/2462/2 3790/2463/3790 2264/2464/2264
f 1789/2465/1789 2364/2466/2364 3790/2467/3790
f 3790/2467/3790 881/2157/881 2365/2459/2365
f 2264/2468/2264 2365/2459/2365 824/2456/824
f 349/383/349 3791/2469/3791 2364/2466/2364
f 1213/382/1213 1660/2470/1660 3791/2469/3791
f 3791/2469/3791 796/2471/796 2366/2160/2366
f 2364/2466/2364 2366/2160/2366 881/2157/881
f 2369/2472/2369 1687/2473/1687 823/2474/823
f 882/2153/882 3792/2475/3792 2369/2472/2369
f 2367/2152/2367 1933/2476/1933 3792/2475/3792
f 3792/2477/3792 83/2139/83 1687/2478/1687
f 1547/2479/1547 2263/2480/2263 235/2481/235
f 683/2482/683 3793/2483/3793 1547/2479/1547
f 2368/2484/2368 2369/2472/2369 3793/2483/3793
f 3793/2483/3793 823/2474/823 2263/2480/2263
f 2123/2485/2123 2368/2484/2368 683/2482/683
f 257/2486/257 3794/2487/3794 2123/2485/2123
f 1659/2488/1659 2370/2151/2370 3794/2487/3794
f 3794/2487/3794 882/2153/882 2368/2484/2368
f 2373/2489/2373 1680/2068/1680 816/2066/816
f 883/2145/883 3795/2490/3795 2373/2489/2373
f 2371/2144/2371 2166/2491/2166 3795/2490/3795
f 3795/2490/3795 234/2492/234 1680/2068/1680
f 1732/2493/1732 2256/2494/2256 27/2495/27
f 292/2496/292 3796/2497/3796 1732/2493/1732
f 2372/2498/2372 2373/2489/2373 3796/2497/3796
f 3796/2497/3796 816/2066/816 2256/2494/2256
f 1156/2499/1156 2372/2498/2372 292/2496/292
f 2/2462/2 3797/2500/3797 1156/2501/1156
f 2264/2502/2264 2374/2143/2374 3797/2503/3797
f 3797/2503/3797 883/2145/883 2372/2498/2372
f 815/2504/815 3798/2505/3798 1679/2059/1679
f 2377/2506/2377 2375/2135/2375 3798/2505/3798
f 3798/2505/3798 436/2142/436 1876/2507/1876
f 1679/2059/1679 1876/2507/1876 108/2060/108
f 233/2508/233 3799/2509/3799 2255/2510/2255
f 1588/2511/1588 2376/2512/2376 3799/2509/3799
f 3799/2509/3799 884/2133/884 2377/2506/2377
f 2255/2510/2255 2377/2506/2377 815/2504/815
f 724/2513/724 3800/2514/3800 2376/2512/2376
f 2164/2515/2164 2263/2516/2263 3800/2514/3800
f 3800/2514/3800 823/2517/823 2378/2136/2378
f 2376/2512/2376 2378/2136/2378 884/2133/884
f 2381/2518/2381 1686/2116/1686 822/2114/822
f 885/2127/885 3801/2519/3801 2381/2518/2381
f 2379/2126/2379 2157/2520/2157 3801/2519/3801
f 3801/2519/3801 232/2521/232 1686/2116/1686
f 12/126/12 3802/2522/3802 2262/2523/2262
f 1773/2524/1773 2380/2525/2380 3802/2522/3802
f 2380/2525/2380 2381/2518/2381 3802/2522/3802
f 3802/2522/3802 822/2114/822 2262/2523/2262
f 1197/533/1197 2380/2525/2380 333/534/333
f 28/532/28 3803/2526/3803 1197/533/1197
f 1650/2527/1650 2382/2125/2382 3803/2526/3803
f 3803/2526/3803 885/2127/885 2380/2525/2380
f 821/2528/821 3804/2529/3804 1685/2109/1685
f 2385/2530/2385 2383/2121/2383 3804/2529/3804
f 2383/2121/2383 1917/2531/1917 3804/2529/3804
f 3804/2529/3804 93/660/93 1685/2109/1685
f 231/2532/231 3805/2533/3805 2261/2534/2261
f 1579/2535/1579 2384/2536/2384 3805/2533/3805
f 3805/2533/3805 886/2119/886 2385/2530/2385
f 2261/2534/2261 2385/2530/2385 821/2528/821
f 715/2537/715 3806/2538/3806 2384/2536/2384
f 2155/2539/2155 1649/2540/1649 3806/2538/3806
f 3806/2538/3806 785/2541/785 2386/2122/2386
f 2384/2536/2384 2386/2122/2386 886/2119/886
f 2389/2542/2389 1662/1946/1662 798/1944/798
f 887/2113/887 3807/2543/3807 2389/2542/2389
f 2387/2112/2387 2172/2544/2172 3807/2543/3807
f 3807/2543/3807 230/2545/230 1662/1946/1662
f 40/152/40 3808/2546/3808 2238/2547/2238
f 1745/2548/1745 2388/2549/2388 3808/2546/3808
f 2388/2549/2388 2389/2542/2389 3808/2546/3808
f 3808/2546/3808 798/1944/798 2238/2547/2238
f 305/128/305 3809/2550/3809 2388/2549/2388
f 1169/127/1169 2262/2523/2262 3809/2550/3809
f 2262/2523/2262 2390/2111/2390 3809/2550/3809
f 3809/2550/3809 887/2113/887 2388/2549/2388
f 797/2551/797 3810/2552/3810 1661/1939/1661
f 2393/2553/2393 2391/2107/2391 3810/2552/3810
f 2391/2107/2391 1889/2554/1889 3810/2552/3810
f 3810/2552/3810 121/686/121 1661/1939/1661
f 229/2555/229 3811/2556/3811 2237/2557/2237
f 1594/2558/1594 2392/2559/2392 3811/2556/3811
f 3811/2556/3811 888/2105/888 2393/2553/2393
f 2237/2557/2237 2393/2553/2393 797/2551/797
f 730/2560/730 3812/2561/3812 2392/2559/2392
f 2170/2562/2170 2261/2534/2261 3812/2561/3812
f 3812/2561/3812 821/2528/821 2394/2108/2394
f 2392/2559/2392 2394/2108/2394 888/2105/888
f 818/2563/818 3813/2564/3813 1682/2565/1682
f 2397/2566/2397 2395/2099/2395 3813/2564/3813
f 3813/2564/3813 698/2104/698 2138/2567/2138
f 1682/2565/1682 2138/2567/2138 228/2568/228
f 1/2569/1 3814/2570/3814 2258/2571/2258
f 1788/2572/1788 2396/2573/2396 3814/2570/3814
f 3814/2574/3814 889/2097/889 2397/2566/2397
f 2258/2575/2258 2397/2566/2397 818/2563/818
f 348/2576/348 3815/2577/3815 2396/2578/2396
f 1212/2579/1212 2260/2281/2260 3815/2577/3815
f 3815/2577/3815 820/2275/820 2398/2100/2398
f 2396/2578/2396 2398/2100/2398 889/2097/889
f 2401/2580/2401 1681/2581/1681 817/2582/817
f 890/2091/890 3816/2583/3816 2401/2580/2401
f 2399/2090/2399 1932/2584/1932 3816/2583/3816
f 3816/2585/3816 82/2077/82 1681/2586/1681
f 1560/2587/1560 2257/2588/2257 227/2589/227
f 696/2590/696 3817/2591/3817 1560/2587/1560
f 2400/2592/2400 2401/2580/2401 3817/2591/3817
f 3817/2591/3817 817/2582/817 2257/2588/2257
f 2136/2593/2136 2400/2592/2400 696/2590/696
f 251/2295/251 3818/2594/3818 2136/2593/2136
f 2259/2294/2259 2402/2089/2402 3818/2594/3818
f 3818/2594/3818 890/2091/890 2400/2592/2400
f 2405/2595/2405 1676/2037/1676 812/2035/812
f 891/2083/891 3819/2596/3819 2405/2595/2405
f 2403/2082/2403 2178/2597/2178 3819/2596/3819
f 3819/2596/3819 226/2598/226 1676/2037/1676
f 1731/2599/1731 2252/2600/2252 26/2601/26
f 291/2602/291 3820/2603/3820 1731/2599/1731
f 2404/2604/2404 2405/2595/2405 3820/2603/3820
f 3820/2603/3820 812/2035/812 2252/2600/2252
f 1155/2605/1155 2404/2606/2404 291/2607/291
f 1/2569/1 3821/2608/3821 1155/2605/1155
f 2258/2609/2258 2406/2081/2406 3821/2610/3821
f 3821/2610/3821 891/2083/891 2404/2604/2404
f 811/2611/811 3822/2612/3822 1675/2028/1675
f 2409/2613/2409 2407/2073/2407 3822/2612/3822
f 3822/2612/3822 435/2080/435 1875/2614/1875
f 1675/2028/1675 1875/2614/1875 107/2029/107
f 225/2615/225 3823/2616/3823 2251/2617/2251
f 1600/2618/1600 2408/2619/2408 3823/2616/3823
f 3823/2616/3823 892/2071/892 2409/2613/2409
f 2251/2617/2251 2409/2613/2409 811/2611/811
f 736/2620/736 3824/2621/3824 2408/2619/2408
f 2176/2622/2176 2257/2623/2257 3824/2621/3824
f 3824/2621/3824 817/2624/817 2410/2074/2410
f 2408/2619/2408 2410/2074/2410 892/2071/892
f 2413/2625/2413 1678/2052/1678 814/2050/814
f 893/2065/893 3825/2626/3825 2413/2625/2413
f 2411/2064/2411 2169/2627/2169 3825/2626/3825
f 3825/2626/3825 224/2628/224 1678/2052/1678
f 11/2629/11 3826/2630/3826 2254/2631/2254
f 1772/2632/1772 2412/2633/2412 3826/2630/3826
f 2412/2633/2412 2413/2625/2413 3826/2630/3826
f 3826/2630/3826 814/2050/814 2254/2631/2254
f 1196/2634/1196 2412/2633/2412 332/2635/332
f 27/2495/27 3827/2636/3827 1196/2634/1196
f 2256/2494/2256 2414/2063/2414 3827/2636/3827
f 3827/2636/3827 893/2065/893 2412/2633/2412
f 813/2637/813 3828/2638/3828 1677/2044/1677
f 2417/2639/2417 2415/2057/2415 3828/2638/3828
f 2415/2057/2415 1916/2640/1916 3828/2638/3828
f 3828/2638/3828 92/2641/92 1677/2044/1677
f 223/2642/223 3829/2643/3829 2253/2644/2253
f 1591/2645/1591 2416/2646/2416 3829/2643/3829
f 3829/2643/3829 894/2055/894 2417/2639/2417
f 2253/2644/2253 2417/2639/2417 813/2637/813
f 727/2647/727 3830/2648/3830 2416/2646/2416
f 2167/2649/2167 2255/2510/2255 3830/2648/3830
f 3830/2648/3830 815/2504/815 2418/2058/2418
f 2416/2646/2416 2418/2058/2418 894/2055/894
f 2421/2650/2421 1640/1814/1640 776/1812/776
f 895/2049/895 3831/2651/3831 2421/2650/2421
f 2419/2048/2419 2184/2652/2184 3831/2651/3831
f 3831/2651/3831 222/2653/222 1640/1814/1640
f 39/2654/39 3832/2655/3832 2216/2656/2216
f 1744/2657/1744 2420/2658/2420 3832/2655/3832
f 2420/2658/2420 2421/2650/2421 3832/2655/3832
f 3832/2655/3832 776/1812/776 2216/2656/2216
f 304/2659/304 3833/2660/3833 2420/2658/2420
f 1168/2661/1168 2254/2631/2254 3833/2660/3833
f 2254/2631/2254 2422/2047/2422 3833/2660/3833
f 3833/2660/3833 895/2049/895 2420/2658/2420
f 772/2662/772 3834/2663/3834 1636/1790/1636
f 2425/2664/2425 2423/2042/2423 3834/2663/3834
f 2423/2042/2423 1888/2665/1888 3834/2663/3834
f 3834/2663/3834 120/2666/120 1636/1790/1636
f 221/2667/221 3835/2668/3835 2212/2669/2212
f 1606/2670/1606 2424/2671/2424 3835/2668/3835
f 3835/2668/3835 896/2040/896 2425/2664/2425
f 2212/2669/2212 2425/2664/2425 772/2662/772
f 742/2672/742 3836/2673/3836 2424/2671/2424
f 2182/2674/2182 2253/2644/2253 3836/2673/3836
f 3836/2673/3836 813/2637/813 2426/2043/2426
f 2424/2671/2424 2426/2043/2426 896/2040/896
f 2429/2675/2429 1672/2005/1672 808/2003/808
f 897/2034/897 3837/2676/3837 2429/2675/2429
f 2427/2033/2427 2181/2677/2181 3837/2676/3837
f 3837/2676/3837 220/2678/220 1672/2005/1672
f 10/2679/10 3838/2680/3838 2248/2681/2248
f 1771/2682/1771 2428/2683/2428 3838/2680/3838
f 2428/2683/2428 2429/2675/2429 3838/2680/3838
f 3838/2680/3838 808/2003/808 2248/2681/2248
f 1195/2684/1195 2428/2683/2428 331/2685/331
f 26/2601/26 3839/2686/3839 1195/2684/1195
f 2252/2600/2252 2430/2032/2430 3839/2686/3839
f 3839/2686/3839 897/2034/897 2428/2683/2428
f 804/2687/804 3840/2688/3840 1668/1982/1668
f 2433/2689/2433 2431/2026/2431 3840/2688/3840
f 2431/2026/2431 1915/2690/1915 3840/2688/3840
f 3840/2688/3840 91/2691/91 1668/1982/1668
f 219/2692/219 3841/2693/3841 2244/2694/2244
f 1603/2695/1603 2432/2696/2432 3841/2693/3841
f 3841/2693/3841 898/2024/898 2433/2689/2433
f 2244/2694/2244 2433/2689/2433 804/2687/804
f 739/2697/739 3842/2698/3842 2432/2696/2432
f 2179/2699/2179 2251/2617/2251 3842/2698/3842
f 3842/2698/3842 811/2611/811 2434/2027/2434
f 2432/2696/2432 2434/2027/2434 898/2024/898
f 810/2316/810 3843/2700/3843 2250/2255/2250
f 2437/2701/2437 2435/2018/2435 3843/2700/3843
f 3843/2700/3843 689/2023/689 2129/2702/2129
f 2250/2255/2250 2129/2702/2129 256/2256/256
f 1735/2703/1735 1674/2704/1674 30/2314/30
f 295/2705/295 3844/2706/3844 1735/2703/1735
f 3844/2706/3844 899/2016/899 2437/2701/2437
f 1674/2704/1674 2437/2701/2437 810/2316/810
f 1159/2707/1159 2436/2708/2436 295/2705/295
f 5/2709/5 3845/2710/3845 1159/2707/1159
f 3845/2710/3845 805/2711/805 2438/2019/2438
f 2436/2708/2436 2438/2019/2438 899/2016/899
f 2441/2712/2441 2249/2713/2249 809/2246/809
f 900/2010/900 3846/2714/3846 2441/2712/2441
f 3846/2714/3846 439/2015/439 1879/2715/1879
f 2249/2713/2249 1879/2715/1879 111/2248/111
f 1551/2716/1551 1673/2330/1673 255/2328/255
f 687/2717/687 3847/2718/3847 1551/2716/1551
f 2440/2719/2440 2441/2712/2441 3847/2718/3847
f 3847/2718/3847 809/2246/809 1673/2330/1673
f 2127/2720/2127 2440/2719/2440 687/2717/687
f 218/2721/218 3848/2722/3848 2127/2720/2127
f 1671/2723/1671 2442/2008/2442 3848/2722/3848
f 3848/2722/3848 900/2010/900 2440/2719/2440
f 2445/2724/2445 1670/1990/1670 806/1988/806
f 901/2002/901 3849/2725/3849 2445/2724/2445
f 2443/2001/2443 2190/2726/2190 3849/2725/3849
f 3849/2725/3849 216/2727/216 1670/1990/1670
f 38/2728/38 3850/2729/3850 2246/2730/2246
f 1743/2731/1743 2444/2732/2444 3850/2729/3850
f 2444/2732/2444 2445/2724/2445 3850/2729/3850
f 3850/2729/3850 806/1988/806 2246/2730/2246
f 303/2733/303 3851/2734/3851 2444/2732/2444
f 1167/2735/1167 2248/2681/2248 3851/2734/3851
f 2248/2681/2248 2446/2000/2446 3851/2734/3851
f 3851/2734/3851 901/2002/901 2444/2732/2444
f 807/2011/807 3852/2736/3852 2247/2737/2247
f 2449/2738/2449 2447/1995/2447 3852/2736/3852
f 2447/1995/2447 1927/2739/1927 3852/2736/3852
f 3852/2736/3852 86/2013/86 2247/2737/2247
f 218/2721/218 3853/2740/3853 1671/2723/1671
f 1615/2741/1615 2448/2742/2448 3853/2740/3853
f 3853/2740/3853 902/1993/902 2449/2738/2449
f 1671/2723/1671 2449/2738/2449 807/2011/807
f 751/2743/751 3854/2744/3854 2448/2742/2448
f 2191/2745/2191 1667/2746/1667 3854/2744/3854
f 3854/2744/3854 803/2747/803 2450/1996/2450
f 2448/2742/2448 2450/1996/2450 902/1993/902
f 2453/2748/2453 2245/2020/2245 805/2711/805
f 903/1987/903 3855/2749/3855 2453/2748/2453
f 2451/1986/2451 2192/2750/2192 3855/2749/3855
f 3855/2749/3855 217/2021/217 2245/2020/2245
f 5/2709/5 3856/2751/3856 1669/2752/1669
f 1783/2753/1783 2452/2754/2452 3856/2751/3856
f 2452/2754/2452 2453/2748/2453 3856/2751/3856
f 3856/2751/3856 805/2711/805 1669/2752/1669
f 343/2755/343 3857/2756/3857 2452/2754/2452
f 1207/2757/1207 2246/2730/2246 3857/2756/3857
f 2246/2730/2246 2454/1985/2454 3857/2756/3857
f 3857/2756/3857 903/1987/903 2452/2754/2452
f 803/2747/803 3858/2758/3858 2243/1997/2243
f 2457/2759/2457 2455/1980/2455 3858/2758/3858
f 2455/1980/2455 1887/2760/1887 3858/2758/3858
f 3858/2758/3858 119/2761/119 2243/1997/2243
f 215/2762/215 3859/2763/3859 1667/2746/1667
f 1612/2764/1612 2456/2765/2456 3859/2763/3859
f 3859/2763/3859 904/1978/904 2457/2759/2457
f 1667/2746/1667 2457/2759/2457 803/2747/803
f 748/2766/748 3860/2767/3860 2456/2765/2456
f 2188/2768/2188 2244/2694/2244 3860/2767/3860
f 3860/2767/3860 804/2687/804 2458/1981/2458
f 2456/2765/2456 2458/1981/2458 904/1978/904
f 2461/2769/2461 1664/1960/1664 800/2770/800
f 905/1972/905 3861/2771/3861 2461/2769/2461
f 2459/1971/2459 2163/2772/2163 3861/2771/3861
f 3861/2771/3861 214/1961/214 1664/1960/1664
f 8/2773/8 3862/2774/3862 2240/2775/2240
f 1786/14/1786 2460/2776/2460 3862/2774/3862
f 2460/2776/2460 2461/2769/2461 3862/2774/3862
f 3862/2774/3862 800/2770/800 2240/2775/2240
f 346/12/346 3863/2777/3863 2460/2776/2460
f 1210/2778/1210 2242/2440/2242 3863/2777/3863
f 2242/2440/2242 2462/1970/2462 3863/2777/3863
f 3863/2777/3863 905/1972/905 2460/2776/2460
f 799/1952/799 3864/2779/3864 1663/2780/1663
f 2465/2781/2465 2463/1966/2463 3864/2779/3864
f 2463/1966/2463 1930/549/1930 3864/2779/3864
f 3864/2779/3864 89/1954/89 1663/2780/1663
f 213/2782/213 3865/2783/3865 2239/2784/2239
f 1585/2785/1585 2464/2786/2464 3865/2783/3865
f 3865/2783/3865 906/1964/906 2465/2781/2465
f 2239/2784/2239 2465/2781/2465 799/1952/799
f 721/2787/721 3866/2788/3866 2464/2786/2464
f 2161/2789/2161 2241/2450/2241 3866/2788/3866
f 3866/2788/3866 801/2444/801 2466/1967/2466
f 2464/2786/2464 2466/1967/2466 906/1964/906
f 788/2790/788 3867/2791/3867 1652/1889/1652
f 2469/2792/2469 2467/1958/2467 3867/2791/3867
f 3867/2791/3867 755/1963/755 2195/2793/2195
f 1652/1889/1652 2195/2793/2195 212/1890/212
f 1738/183/1738 2228/2794/2228 33/184/33
f 298/2795/298 3868/2796/3868 1738/183/1738
f 3868/2796/3868 907/1956/907 2469/2792/2469
f 2228/2794/2228 2469/2792/2469 788/2790/788
f 1162/2797/1162 2468/2798/2468 298/2795/298
f 8/2773/8 3869/2799/3869 1162/2797/1162
f 3869/2799/3869 800/2770/800 2470/1959/2470
f 2468/2798/2468 2470/1959/2470 907/1956/907
f 2473/2800/2473 1651/2801/1651 787/1882/787
f 908/1951/908 3870/2802/3870 2473/2800/2473
f 3870/2802/3870 442/720/442 1882/719/1882
f 1651/2801/1651 1882/719/1882 114/718/114
f 1617/2803/1617 2227/2804/2227 211/2805/211
f 753/2806/753 3871/2807/3871 1617/2803/1617
f 2472/2808/2472 2473/2800/2473 3871/2807/3871
f 3871/2807/3871 787/1882/787 2227/2804/2227
f 2193/2809/2193 2472/2808/2472 753/2806/753
f 213/2782/213 3872/2810/3872 2193/2809/2193
f 2239/2784/2239 2474/1949/2474 3872/2810/3872
f 3872/2810/3872 908/1951/908 2472/2808/2472
f 2477/2811/2477 1658/1917/1658 794/2812/794
f 909/1943/909 3873/2813/3873 2477/2811/2477
f 2475/1942/2475 2175/2814/2175 3873/2813/3873
f 3873/2813/3873 210/1918/210 1658/1917/1658
f 7/2815/7 3874/2816/3874 2234/2817/2234
f 1785/2818/1785 2476/2819/2476 3874/2816/3874
f 2476/2819/2476 2477/2811/2477 3874/2816/3874
f 3874/2816/3874 794/2812/794 2234/2817/2234
f 345/154/345 3875/2820/3875 2476/2819/2476
f 1209/153/1209 2238/2547/2238 3875/2820/3875
f 2238/2547/2238 2478/1941/2478 3875/2820/3875
f 3875/2820/3875 909/1943/909 2476/2819/2476
f 790/1896/790 3876/2821/3876 1654/2822/1654
f 2481/2823/2481 2479/1937/2479 3876/2821/3876
f 2479/1937/2479 1929/2824/1929 3876/2821/3876
f 3876/2821/3876 88/1898/88 1654/2822/1654
f 209/2825/209 3877/2826/3877 2230/2827/2230
f 1597/2828/1597 2480/2829/2480 3877/2826/3877
f 3877/2826/3877 910/1935/910 2481/2823/2481
f 2230/2827/2230 2481/2823/2481 790/1896/790
f 733/2830/733 3878/2831/3878 2480/2829/2480
f 2173/2832/2173 2237/2557/2237 3878/2831/3878
f 3878/2831/3878 797/2551/797 2482/1938/2482
f 2480/2829/2480 2482/1938/2482 910/1935/910
f 796/2471/796 3879/2833/3879 2236/2161/2236
f 2485/2834/2485 2483/1929/2483 3879/2833/3879
f 3879/2833/3879 682/1934/682 2122/2835/2122
f 2236/2161/2236 2122/2835/2122 258/2162/258
f 44/2836/44 3880/2837/3880 1660/2470/1660
f 1749/2838/1749 2484/2839/2484 3880/2837/3880
f 3880/2837/3880 911/1927/911 2485/2834/2485
f 1660/2470/1660 2485/2834/2485 796/2471/796
f 1173/55/1173 2484/2839/2484 309/56/309
f 16/2840/16 3881/2841/3881 1173/55/1173
f 3881/2841/3881 791/2842/791 2486/1930/2486
f 2484/2839/2484 2486/1930/2486 911/1927/911
f 2489/2843/2489 2235/2156/2235 795/2154/795
f 912/1923/912 3882/2844/3882 2489/2843/2489
f 2487/1922/2487 1893/2845/1893 3882/2844/3882
f 3882/2844/3882 125/2846/125 2235/2156/2235
f 1544/2847/1544 1659/2488/1659 257/2486/257
f 680/2848/680 3883/2849/3883 1544/2847/1544
f 2488/2850/2488 2489/2843/2489 3883/2849/3883
f 3883/2849/3883 795/2154/795 1659/2488/1659
f 2120/2851/2120 2488/2850/2488 680/2848/680
f 208/2852/208 3884/2853/3884 2120/2851/2120
f 1657/2854/1657 2490/1921/2490 3884/2853/3884
f 3884/2853/3884 912/1923/912 2488/2850/2488
f 792/2855/792 3885/2856/3885 1656/1903/1656
f 2493/2857/2493 2491/1915/2491 3885/2856/3885
f 3885/2856/3885 761/1920/761 2201/2858/2201
f 1656/1903/1656 2201/2858/2201 206/1904/206
f 1737/2859/1737 2232/2860/2232 32/2861/32
f 297/32/297 3886/2862/3886 1737/2859/1737
f 3886/2862/3886 913/1913/913 2493/2857/2493
f 2232/2860/2232 2493/2857/2493 792/2855/792
f 1161/31/1161 2492/2863/2492 297/32/297
f 7/2815/7 3887/2864/3887 1161/31/1161
f 3887/2864/3887 794/2812/794 2494/1916/2494
f 2492/2863/2492 2494/1916/2494 913/1913/913
f 2497/2865/2497 2233/2866/2233 793/1924/793
f 914/1909/914 3888/2867/3888 2497/2865/2497
f 3888/2867/3888 481/987/481 1921/2868/1921
f 2233/2866/2233 1921/2868/1921 97/1926/97
f 1626/2869/1626 1657/2854/1657 208/2852/208
f 762/2870/762 3889/2871/3889 1626/2869/1626
f 2496/2872/2496 2497/2865/2497 3889/2871/3889
f 3889/2871/3889 793/1924/793 1657/2854/1657
f 2202/2873/2202 2496/2872/2496 762/2870/762
f 205/2874/205 3890/2875/3890 2202/2873/2202
f 1653/2876/1653 2498/1907/2498 3890/2875/3890
f 3890/2875/3890 914/1909/914 2496/2872/2496
f 791/2842/791 3891/2877/3891 2231/1931/2231
f 2501/2878/2501 2499/1901/2499 3891/2877/3891
f 3891/2877/3891 763/1906/763 2203/2879/2203
f 2231/1931/2231 2203/2879/2203 207/1932/207
f 1777/2880/1777 1655/2881/1655 16/2840/16
f 337/459/337 3892/2882/3892 1777/2880/1777
f 3892/2882/3892 915/1899/915 2501/2878/2501
f 1655/2881/1655 2501/2878/2501 791/2842/791
f 1201/458/1201 2500/2883/2500 337/459/337
f 32/2861/32 3893/2884/3893 1201/458/1201
f 3893/2884/3893 792/2855/792 2502/1902/2502
f 2500/2883/2500 2502/1902/2502 915/1899/915
f 2505/2885/2505 2229/2886/2229 789/1910/789
f 916/1895/916 3894/2887/3894 2505/2885/2505
f 3894/2887/3894 441/562/441 1881/2888/1881
f 2229/2886/2229 1881/2888/1881 113/1912/113
f 1623/2889/1623 1653/2876/1653 205/2874/205
f 759/2890/759 3895/2891/3895 1623/2889/1623
f 2504/2892/2504 2505/2885/2505 3895/2891/3895
f 3895/2891/3895 789/1910/789 1653/2876/1653
f 2199/2893/2199 2504/2892/2504 759/2890/759
f 209/2825/209 3896/2894/3896 2199/2893/2199
f 2230/2827/2230 2506/1893/2506 3896/2894/3896
f 3896/2894/3896 916/1895/916 2504/2892/2504
f 784/2895/784 3897/2896/3897 1648/1859/1648
f 2509/2897/2509 2507/1887/2507 3897/2896/3897
f 3897/2896/3897 758/1892/758 2198/2898/2198
f 1648/1859/1648 2198/2898/2198 204/1860/204
f 1778/109/1778 2224/2899/2224 17/110/17
f 338/2900/338 3898/2901/3898 1778/109/1778
f 3898/2901/3898 917/1885/917 2509/2897/2509
f 2224/2899/2224 2509/2897/2509 784/2895/784
f 1202/2902/1202 2508/2903/2508 338/2900/338
f 33/184/33 3899/2904/3899 1202/2902/1202
f 3899/2904/3899 788/2790/788 2510/1888/2510
f 2508/2903/2508 2510/1888/2510 917/1885/917
f 2513/2905/2513 1644/2906/1644 780/1836/780
f 918/1881/918 3900/2907/3900 2513/2905/2513
f 3900/2907/3900 482/646/482 1922/645/1922
f 1644/2906/1644 1922/645/1922 98/644/98
f 1620/2908/1620 2220/2909/2220 203/2910/203
f 756/2911/756 3901/2912/3901 1620/2908/1620
f 2512/2913/2512 2513/2905/2513 3901/2912/3901
f 3901/2912/3901 780/1836/780 2220/2909/2220
f 2196/2914/2196 2512/2913/2512 756/2911/756
f 211/2805/211 3902/2915/3902 2196/2914/2196
f 2227/2804/2227 2514/1879/2514 3902/2915/3902
f 3902/2915/3902 918/1881/918 2512/2913/2512
f 2517/2916/2517 2226/2130/2226 786/2128/786
f 919/1873/919 3903/2917/3903 2517/2916/2517
f 2515/1872/2515 2154/2918/2154 3903/2917/3903
f 3903/2917/3903 242/2919/242 2226/2130/2226
f 1733/2920/1733 1650/2527/1650 28/532/28
f 293/2921/293 3904/2922/3904 1733/2920/1733
f 2516/2923/2516 2517/2916/2517 3904/2922/3904
f 3904/2922/3904 786/2128/786 1650/2527/1650
f 1157/2924/1157 2516/2923/2516 293/2921/293
f 4/6/4 3905/2925/3905 1157/7/1157
f 1645/2926/1645 2518/1871/2518 3905/2927/3905
f 3905/2927/3905 919/1873/919 2516/2923/2516
f 785/2541/785 3906/2928/3906 2225/2123/2225
f 2521/2929/2521 2519/1865/2519 3906/2928/3906
f 3906/2928/3906 437/2930/437 1877/2931/1877
f 2225/2123/2225 1877/2931/1877 109/1063/109
f 241/2932/241 3907/2933/3907 1649/2540/1649
f 1576/2934/1576 2520/2935/2520 3907/2933/3907
f 3907/2933/3907 920/1863/920 2521/2929/2521
f 1649/2540/1649 2521/2929/2521 785/2541/785
f 712/2936/712 3908/2937/3908 2520/2935/2520
f 2152/2938/2152 1647/2939/1647 3908/2937/3908
f 3908/2937/3908 783/2940/783 2522/1866/2522
f 2520/2935/2520 2522/1866/2522 920/1863/920
f 782/2941/782 3909/2942/3909 1646/1843/1646
f 2525/2943/2525 2523/1857/2523 3909/2942/3909
f 3909/2942/3909 766/1862/766 2206/2944/2206
f 1646/1843/1646 2206/2944/2206 200/1844/200
f 45/516/45 3910/2945/3910 2222/2946/2222
f 1750/515/1750 2524/2947/2524 3910/2945/3910
f 3910/2945/3910 921/1855/921 2525/2943/2525
f 2222/2946/2222 2525/2943/2525 782/2941/782
f 1174/2948/1174 2524/2947/2524 310/2949/310
f 17/110/17 3911/2950/3911 1174/2948/1174
f 3911/2950/3911 784/2895/784 2526/1858/2526
f 2524/2947/2524 2526/1858/2526 921/1855/921
f 2529/2951/2529 2223/2952/2223 783/2953/783
f 922/1849/922 3912/2954/3912 2529/2951/2529
f 2527/2955/2527 1934/541/1934 3912/2956/3912
f 3912/2956/3912 85/540/85 2223/2957/2223
f 1631/2958/1631 1647/2959/1647 202/2960/202
f 767/2961/767 3913/2962/3913 1631/2958/1631
f 2528/2963/2528 2529/2951/2529 3913/2962/3913
f 3913/2962/3913 783/2953/783 1647/2959/1647
f 2207/2964/2207 2528/2963/2528 767/2961/767
f 199/2965/199 3914/2966/3914 2207/2964/2207
f 1643/2967/1643 2530/1847/2530 3914/2966/3914
f 3914/2966/3914 922/1849/922 2528/2963/2528
f 781/2968/781 3915/2969/3915 2221/2970/2221
f 2533/2971/2533 2531/1841/2531 3915/2969/3915
f 3915/2969/3915 768/1846/768 2208/2972/2208
f 2221/2970/2221 2208/2972/2208 201/2973/201
f 4/6/4 3916/2974/3916 1645/2975/1645
f 1790/2976/1790 2532/2977/2532 3916/2978/3916
f 3916/2978/3916 923/1839/923 2533/2971/2533
f 1645/2979/1645 2533/2971/2533 781/2968/781
f 350/2980/350 3917/2981/3917 2532/2977/2532
f 1214/2982/1214 2222/2946/2222 3917/2981/3917
f 3917/2981/3917 782/2941/782 2534/1842/2534
f 2532/2977/2532 2534/1842/2534 923/1839/923
f 2537/2983/2537 2219/1852/2219 779/1850/779
f 924/1835/924 3918/2984/3918 2537/2983/2537
f 2535/1834/2535 1894/1048/1894 3918/2984/3918
f 3918/2984/3918 126/1047/126 2219/1852/2219
f 1628/2985/1628 1643/2967/1643 199/2965/199
f 764/2986/764 3919/2987/3919 1628/2985/1628
f 2536/2988/2536 2537/2983/2537 3919/2987/3919
f 3919/2987/3919 779/1850/779 1643/2967/1643
f 2204/2989/2204 2536/2988/2536 764/2986/764
f 203/2910/203 3920/2990/3920 2204/2989/2204
f 2220/2909/2220 2538/1833/2538 3920/2990/3920
f 3920/2990/3920 924/1835/924 2536/2988/2536
f 778/2288/778 3921/2991/3921 2218/2271/2218
f 2541/2992/2541 2539/1827/2539 3921/2991/3921
f 3921/2991/3921 678/1832/678 2118/2993/2118
f 2218/2271/2218 2118/2993/2118 254/2272/254
f 1776/2994/1776 1642/2995/1642 15/2286/15
f 336/2996/336 3922/2997/3922 1776/2994/1776
f 3922/2997/3922 925/1825/925 2541/2992/2541
f 1642/2995/1642 2541/2992/2541 778/2288/778
f 1200/2998/1200 2540/2999/2540 336/2996/336
f 31/3000/31 3923/3001/3923 1200/2998/1200
f 3923/3001/3923 773/3002/773 2542/1828/2542
f 2540/2999/2540 2542/1828/2542 925/1825/925
f 2545/3003/2545 2217/3004/2217 777/2262/777
f 926/1819/926 3924/3005/3924 2545/3003/2545
f 3924/3005/3924 480/1824/480 1920/3006/1920
f 2217/3004/2217 1920/3006/1920 96/2264/96
f 1540/3007/1540 1641/2302/1641 253/2300/253
f 676/3008/676 3925/3009/3925 1540/3007/1540
f 2544/3010/2544 2545/3003/2545 3925/3009/3925
f 3925/3009/3925 777/2262/777 1641/2302/1641
f 2116/3011/2116 2544/3010/2544 676/3008/676
f 198/3012/198 3926/3013/3926 2116/3011/2116
f 1639/3014/1639 2546/1817/2546 3926/3013/3926
f 3926/3013/3926 926/1819/926 2544/3010/2544
f 2549/3015/2549 1638/1797/1638 774/3016/774
f 927/1811/927 3927/3017/3927 2549/3015/2549
f 2547/1810/2547 2187/3018/2187 3927/3017/3927
f 3927/3017/3927 196/1798/196 1638/1797/1638
f 6/3019/6 3928/3020/3928 2214/3021/2214
f 1784/3022/1784 2548/3023/2548 3928/3020/3928
f 2548/3023/2548 2549/3015/2549 3928/3020/3928
f 3928/3020/3928 774/3016/774 2214/3021/2214
f 344/3024/344 3929/3025/3929 2548/3023/2548
f 1208/3026/1208 2216/2656/2216 3929/3025/3929
f 2216/2656/2216 2550/1809/2550 3929/3025/3929
f 3929/3025/3929 927/1811/927 2548/3023/2548
f 2553/3027/2553 2215/3028/2215 775/1820/775
f 928/1803/928 3930/3029/3930 2553/3027/2553
f 3930/3029/3930 440/1808/440 1880/3030/1880
f 2215/3028/2215 1880/3030/1880 112/1822/112
f 1633/3031/1633 1639/3014/1639 198/3012/198
f 769/3032/769 3931/3033/3931 1633/3031/1633
f 2552/3034/2552 2553/3027/2553 3931/3033/3931
f 3931/3033/3931 775/1820/775 1639/3014/1639
f 2209/3035/2209 2552/3034/2552 769/3032/769
f 195/3036/195 3932/3037/3932 2209/3035/2209
f 1635/3038/1635 2554/1801/2554 3932/3037/3932
f 3932/3037/3932 928/1803/928 2552/3034/2552
f 773/3002/773 3933/3039/3933 2213/1829/2213
f 2557/3040/2557 2555/1795/2555 3933/3039/3933
f 3933/3039/3933 770/1800/770 2210/3041/2210
f 2213/1829/2213 2210/3041/2210 197/1830/197
f 1736/3042/1736 1637/3043/1637 31/3000/31
f 296/3044/296 3934/3045/3934 1736/3042/1736
f 3934/3045/3934 929/1793/929 2557/3040/2557
f 1637/3043/1637 2557/3040/2557 773/3002/773
f 1160/3046/1160 2556/3047/2556 296/3044/296
f 6/3019/6 3935/3048/3935 1160/3046/1160
f 3935/3048/3935 774/3016/774 2558/1796/2558
f 2556/3047/2556 2558/1796/2558 929/1793/929
f 771/1804/771 3936/3049/3936 2211/3050/2211
f 2561/3051/2561 2559/1788/2559 3936/3049/3936
f 2559/1788/2559 1928/3052/1928 3936/3049/3936
f 3936/3049/3936 87/1806/87 2211/3050/2211
f 195/3036/195 3937/3053/3937 1635/3038/1635
f 1609/3054/1609 2560/3055/2560 3937/3053/3937
f 3937/3053/3937 930/1786/930 2561/3051/2561
f 1635/3038/1635 2561/3051/2561 771/1804/771
f 745/3056/745 3938/3057/3938 2560/3055/2560
f 2185/3058/2185 2212/2669/2212 3938/3057/3938
f 3938/3057/3938 772/2662/772 2562/1789/2562
f 2560/3055/2560 2562/1789/2562 930/1786/930
f 760/3059/760 3939/3060/3939 2200/1720/2200
f 2565/3061/2565 2563/1782/2563 3939/3060/3939
f 3939/3060/3939 650/1489/650 2090/1488/2090
f 2200/1720/2200 2090/1488/2090 288/1487/288
f 256/2256/256 3940/3062/3940 1624/3063/1624
f 2129/2702/2129 2564/3064/2564 3940/3062/3940
f 3940/3062/3940 931/1780/931 2565/3061/2565
f 1624/3063/1624 2565/3061/2565 760/3059/760
f 689/2023/689 3941/3065/3941 2564/3064/2564
f 1553/2022/1553 2205/3066/2205 3941/3065/3941
f 3941/3065/3941 765/3067/765 2566/1783/2566
f 2564/3064/2564 2566/1783/2566 931/1780/931
f 2569/3068/2569 2194/3069/2194 754/3070/754
f 932/1776/932 3942/3071/3942 2569/3068/2569
f 2567/1775/2567 2105/1104/2105 3942/3071/3942
f 3942/3071/3942 188/3072/188 2194/3069/2194
f 2208/2972/2208 1618/3073/1618 201/2973/201
f 768/1846/768 3943/3074/3943 2208/2972/2208
f 2568/3075/2568 2569/3068/2569 3943/3074/3943
f 3943/3074/3943 754/3070/754 1618/3073/1618
f 768/1846/768 3944/3076/3944 2568/3075/2568
f 1632/1845/1632 2197/3077/2197 3944/3076/3944
f 3944/3076/3944 757/3078/757 2570/1774/2570
f 3944/3076/3944 932/1776/932 2568/3075/2568
f 746/3079/746 3945/3080/3945 2186/1586/2186
f 2573/3081/2573 2571/1768/2571 3945/3080/3945
f 3945/3080/3945 619/1773/619 2059/3082/2059
f 2186/1586/2186 2059/3082/2059 166/1587/166
f 223/2642/223 3946/3083/3946 1610/3084/1610
f 2182/2674/2182 2572/3085/2572 3946/3083/3946
f 3946/3083/3946 933/1766/933 2573/3081/2573
f 1610/3084/1610 2573/3081/2573 746/3079/746
f 742/2672/742 3947/3086/3947 2572/3085/2572
f 1606/2670/1606 2189/3087/2189 3947/3086/3947
f 3947/3086/3947 749/3088/749 2574/1769/2574
f 2572/3085/2572 2574/1769/2574 933/1766/933
f 2577/3089/2577 2180/1245/2180 740/1243/740
f 934/1760/934 3948/3090/3948 2577/3089/2577
f 2575/1759/2575 2076/3091/2076 3948/3090/3948
f 3948/3090/3948 287/3092/287 2180/1245/2180
f 2130/2327/2130 1604/3093/1604 255/2328/255
f 690/2324/690 3949/3094/3949 2130/2327/2130
f 2576/3095/2576 2577/3089/2577 3949/3094/3949
f 3949/3094/3949 740/1243/740 1604/3093/1604
f 1554/2321/1554 2576/3095/2576 690/2324/690
f 247/2323/247 3950/3096/3950 1554/2321/1554
f 2183/3097/2183 2578/1758/2578 3950/3096/3950
f 3950/3096/3950 934/1760/934 2576/3095/2576
f 2581/3098/2581 2174/1712/2174 734/3099/734
f 935/1752/935 3951/3100/3951 2581/3098/2581
f 2579/1751/2579 2051/3101/2051 3951/3100/3951
f 3951/3100/3951 194/1713/194 2174/1712/2174
f 2209/3035/2209 1598/3102/1598 195/3036/195
f 769/3032/769 3952/3103/3952 2209/3035/2209
f 2580/3104/2580 2581/3098/2581 3952/3103/3952
f 3952/3103/3952 734/3099/734 1598/3102/1598
f 1633/3031/1633 2580/3104/2580 769/3032/769
f 198/3012/198 3953/3105/3953 1633/3031/1633
f 2177/3106/2177 2582/1750/2582 3953/3105/3953
f 3953/3105/3953 935/1752/935 2580/3104/2580
f 2585/3107/2585 2168/1071/2168 728/1069/728
f 936/1745/936 3954/3108/3954 2585/3107/2585
f 2583/1744/2583 2067/1176/2067 3954/3108/3954
f 3954/3108/3954 264/3109/264 2168/1071/2168
f 2157/2520/2157 1592/3110/1592 232/2521/232
f 717/2132/717 3955/3111/3955 2157/2520/2157
f 2584/3112/2584 2585/3107/2585 3955/3111/3955
f 3955/3111/3955 728/1069/728 1592/3110/1592
f 1581/2131/1581 2584/3112/2584 717/2132/717
f 242/2919/242 3956/3113/3956 1581/2131/1581
f 2171/3114/2171 2586/1743/2586 3956/3113/3956
f 3956/3113/3956 936/1745/936 2584/3112/2584
f 722/3115/722 3957/3116/3957 2162/1366/2162
f 2589/3117/2589 2587/1739/2587 3957/3116/3957
f 3957/3116/3957 579/1383/579 2019/1382/2019
f 2162/1366/2162 2019/1382/2019 192/1367/192
f 197/1830/197 3958/3118/3958 1586/3119/1586
f 2210/3041/2210 2588/3120/2588 3958/3118/3958
f 3958/3118/3958 937/1737/937 2589/3117/2589
f 1586/3119/1586 2589/3117/2589 722/3115/722
f 770/1800/770 3959/3121/3959 2588/3120/2588
f 1634/1799/1634 2165/3122/2165 3959/3121/3959
f 3959/3121/3959 725/3123/725 2590/1740/2590
f 2588/3120/2588 2590/1740/2590 937/1737/937
f 2593/3124/2593 2156/1691/2156 716/1689/716
f 938/1732/938 3960/3125/3960 2593/3124/2593
f 2591/1731/2591 2101/1419/2101 3960/3125/3960
f 3960/3125/3960 167/3126/167 2156/1691/2156
f 2184/2652/2184 1580/3127/1580 222/2653/222
f 744/2054/744 3961/3128/3961 2184/2652/2184
f 2592/3129/2592 2593/3124/2593 3961/3128/3961
f 3961/3128/3961 716/1689/716 1580/3127/1580
f 1608/2053/1608 2592/3129/2592 744/2054/744
f 224/2628/224 3962/3130/3962 1608/2053/1608
f 2159/3131/2159 2594/1730/2594 3962/3130/3962
f 3962/3130/3962 938/1732/938 2592/3129/2592
f 711/3132/711 3963/3133/3963 2151/1094/2151
f 2597/3134/2597 2595/1724/2595 3963/3133/3963
f 3963/3133/3963 595/1729/595 2035/3135/2035
f 2151/1094/2151 2035/3135/2035 271/1095/271
f 239/2426/239 3964/3136/3964 1575/3137/1575
f 2158/2455/2158 2596/3138/2596 3964/3136/3964
f 3964/3136/3964 939/1722/939 2597/3134/2597
f 1575/3137/1575 2597/3134/2597 711/3132/711
f 718/2453/718 3965/3139/3965 2596/3138/2596
f 1582/2451/1582 2153/3140/2153 3965/3139/3965
f 3965/3139/3965 713/3141/713 2598/1725/2598
f 2596/3138/2596 2598/1725/2598 939/1722/939
f 707/3142/707 3966/3143/3966 2147/1320/2147
f 2601/3144/2601 2599/1718/2599 3966/3143/3966
f 3966/3143/3966 653/1208/653 2093/1207/2093
f 2147/1320/2147 2093/1207/2093 280/1206/280
f 248/2223/248 3967/3145/3967 1571/3146/1571
f 2132/2306/2132 2600/3147/2600 3967/3145/3967
f 3967/3145/3967 940/1716/940 2601/3144/2601
f 1571/3146/1571 2601/3144/2601 707/3142/707
f 692/2258/692 3968/3148/3968 2600/3147/2600
f 1556/2257/1556 1624/3063/1624 3968/3148/3968
f 3968/3148/3968 760/3059/760 2602/1719/2602
f 2600/3147/2600 2602/1719/2602 940/1716/940
f 749/3088/749 3969/3149/3969 1613/1770/1613
f 2605/3150/2605 2603/1710/2603 3969/3149/3969
f 3969/3149/3969 618/1715/618 2058/3151/2058
f 1613/1770/1613 2058/3151/2058 168/1771/168
f 221/2667/221 3970/3152/3970 2189/3087/2189
f 2185/3058/2185 2604/3153/2604 3970/3152/3970
f 3970/3152/3970 941/1708/941 2605/3150/2605
f 2189/3087/2189 2605/3150/2605 749/3088/749
f 745/3056/745 3971/3154/3971 2604/3153/2604
f 1609/3054/1609 1598/3102/1598 3971/3154/3971
f 3971/3154/3971 734/3099/734 2606/1711/2606
f 2604/3153/2604 2606/1711/2606 941/1708/941
f 2609/3155/2609 2141/1572/2141 701/1570/701
f 942/1702/942 3972/3156/3972 2609/3155/2609
f 2607/1701/2607 2092/3157/2092 3972/3156/3972
f 3972/3156/3972 285/3158/285 2141/1572/2141
f 2133/2299/2133 1565/3159/1565 253/2300/253
f 693/2296/693 3973/3160/3973 2133/2299/2133
f 2608/3161/2608 2609/3155/2609 3973/3160/3973
f 3973/3160/3973 701/1570/701 1565/3159/1565
f 1557/2293/1557 2608/3161/2608 693/2296/693
f 251/2295/251 3974/3162/3974 1557/2293/1557
f 2144/3163/2144 2610/1700/2610 3974/3162/3974
f 3974/3162/3974 942/1702/942 2608/3161/2608
f 2613/3164/2613 2137/1654/2137 697/1652/697
f 943/1695/943 3975/3165/3975 2613/3164/2613
f 2611/1694/2611 2066/1450/2066 3975/3165/3975
f 3975/3165/3975 270/3166/270 2137/1654/2137
f 2160/2436/2160 1561/3167/1561 238/2437/238
f 720/2178/720 3976/3168/3976 2160/2436/2160
f 2612/3169/2612 2613/3164/2613 3976/3168/3976
f 3976/3168/3976 697/1652/697 1561/3167/1561
f 1584/2177/1584 2612/3169/2612 720/2178/720
f 240/2415/240 3977/3170/3977 1584/2177/1584
f 2139/3171/2139 2614/1693/2614 3977/3170/3977
f 3977/3170/3977 943/1695/943 2612/3169/2612
f 725/3123/725 3978/3172/3978 1589/1741/1589
f 2617/3173/2617 2615/1687/2615 3978/3172/3978
f 2615/1687/2615 2084/1136/2084 3978/3172/3978
f 1589/1741/1589 2084/1136/2084 193/1135/193
f 2187/3018/2187 2165/3122/2165 196/1798/196
f 747/1816/747 3979/3174/3979 2187/3018/2187
f 2616/3175/2616 2617/3173/2617 3979/3174/3979
f 2165/3122/2165 2617/3173/2617 725/3123/725
f 1611/1815/1611 2616/3175/2616 747/1816/747
f 222/2653/222 3980/3176/3980 1611/1815/1611
f 1580/3127/1580 2618/1686/2618 3980/3176/3980
f 3980/3176/3980 944/1688/944 2616/3175/2616
f 713/3141/713 3981/3177/3981 1577/1726/1577
f 2621/3178/2621 2619/1680/2619 3981/3177/3981
f 3981/3177/3981 594/1685/594 2034/3179/2034
f 1577/1726/1577 2034/3179/2034 269/1727/269
f 237/2448/237 3982/3180/3982 2153/3140/2153
f 2161/2789/2161 2620/3181/2620 3982/3180/3982
f 3982/3180/3982 945/1678/945 2621/3178/2621
f 2153/3140/2153 2621/3178/2621 713/3141/713
f 721/2787/721 3983/3182/3983 2620/3181/2620
f 1585/2785/1585 2134/3183/2134 3983/3182/3983
f 3983/3182/3983 694/3184/694 2622/1681/2622
f 2620/3181/2620 2622/1681/2622 945/1678/945
f 688/3185/688 3984/3186/3984 2128/1631/2128
f 2625/3187/2625 2623/1674/2623 3984/3186/3984
f 3984/3186/3984 603/1481/603 2043/1480/2043
f 2128/1631/2128 2043/1480/2043 284/1479/284
f 252/2102/252 3985/3188/3985 1552/3189/1552
f 2135/2278/2135 2624/3190/2624 3985/3188/3985
f 3985/3188/3985 946/1672/946 2625/3187/2625
f 1552/3189/1552 2625/3187/2625 688/3185/688
f 695/2274/695 3986/3191/3986 2624/3190/2624
f 1559/2273/1559 2131/3192/2131 3986/3191/3986
f 3986/3191/3986 691/3193/691 2626/1675/2626
f 2624/3190/2624 2626/1675/2626 946/1672/946
f 684/3194/684 3987/3195/3987 2124/1523/2124
f 2629/3196/2629 2627/1666/2627 3987/3195/3987
f 3987/3195/3987 617/1671/617 2057/3197/2057
f 2124/1523/2124 2057/3197/2057 170/1524/170
f 219/2692/219 3988/3198/3988 1548/3199/1548
f 2188/2768/2188 2628/3200/2628 3988/3198/3988
f 3988/3198/3988 947/1664/947 2629/3196/2629
f 1548/3199/1548 2629/3196/2629 684/3194/684
f 748/2766/748 3989/3201/3989 2628/3200/2628
f 1612/2764/1612 2126/3202/2126 3989/3201/3989
f 3989/3201/3989 686/3203/686 2630/1667/2630
f 2628/3200/2628 2630/1667/2630 947/1664/947
f 2633/3204/2633 1568/1705/1568 704/1703/704
f 2633/3204/2633 2631/1658/2631 3990/3205/3990
f 3990/3205/3990 634/1663/634 2074/3206/2074
f 3990/3205/3990 283/3207/283 1568/1705/1568
f 2136/2593/2136 2144/3163/2144 251/2295/251
f 696/2590/696 3991/3208/3991 2136/2593/2136
f 3991/3208/3991 948/1656/948 2633/3204/2633
f 3991/3208/3991 704/1703/704 2144/3163/2144
f 696/2590/696 3992/3209/3992 2632/3210/2632
f 1560/2587/1560 2121/3211/2121 3992/3209/3992
f 3992/3209/3992 681/3212/681 2634/1659/2634
f 2632/3210/2632 2634/1659/2634 948/1656/948
f 679/3213/679 3993/3214/3993 2119/1565/2119
f 2637/3215/2637 2635/1650/2635 3993/3214/3993
f 2635/1650/2635 2065/1168/2065 3993/3214/3993
f 2119/1565/2119 2065/1168/2065 175/1167/175
f 2163/2772/2163 1543/3216/1543 214/1961/214
f 723/1977/723 3994/3217/3994 2163/2772/2163
f 2636/3218/2636 2637/3215/2637 3994/3217/3994
f 1543/3216/1543 2637/3215/2637 679/3213/679
f 1587/1976/1587 2636/3218/2636 723/1977/723
f 238/2437/238 3995/3219/3995 1587/1976/1587
f 1561/3167/1561 2638/1649/2638 3995/3219/3995
f 3995/3219/3995 949/1651/949 2636/3218/2636
f 2641/3220/2641 2115/1618/2115 675/1616/675
f 950/1644/950 3996/3221/3996 2641/3220/2641
f 2639/1643/2639 2111/1411/2111 3996/3221/3996
f 3996/3221/3996 173/3222/173 2115/1618/2115
f 2190/2726/2190 1539/3223/1539 216/2727/216
f 750/2007/750 3997/3224/3997 2190/2726/2190
f 2640/3225/2640 2641/3220/2641 3997/3224/3997
f 3997/3224/3997 675/1616/675 1539/3223/1539
f 1614/2006/1614 2640/3225/2640 750/2007/750
f 220/2678/220 3998/3226/3998 1614/2006/1614
f 2117/3227/2117 2642/1642/2642 3998/3226/3998
f 3998/3226/3998 950/1644/950 2640/3225/2640
f 2645/3228/2645 2276/3229/2276 836/3230/836
f 951/1636/951 3999/3231/3999 2645/3228/2645
f 2643/1635/2643 2033/3232/2033 3999/3231/3999
f 3999/3231/3999 267/3233/267 2276/3229/2276
f 2164/2515/2164 1700/3234/1700 235/3235/235
f 724/2513/724 4000/3236/4000 2164/2515/2164
f 2644/3237/2644 2645/3228/2645 4000/3236/4000
f 4000/3236/4000 836/3230/836 1700/3234/1700
f 724/2513/724 4001/3238/4001 2644/3237/2644
f 1588/2511/1588 2275/3239/2275 4001/3238/4001
f 4001/3238/4001 835/3240/835 2646/1634/2646
f 4001/3238/4001 951/1636/951 2644/3237/2644
f 2649/3241/2649 2277/3242/2277 837/3243/837
f 952/1630/952 4002/3244/4002 2649/3241/2649
f 2647/1629/2647 2091/1199/2091 4002/3244/4002
f 4002/3244/4002 260/3245/260 2277/3242/2277
f 2138/2567/2138 1701/3246/1701 228/2568/228
f 698/2104/698 4003/3247/4003 2138/2567/2138
f 2648/3248/2648 2649/3241/2649 4003/3247/4003
f 4003/3247/4003 837/3243/837 1701/3246/1701
f 698/2104/698 4004/3249/4004 2648/3248/2648
f 1562/2103/1562 1552/3189/1552 4004/3249/4004
f 4004/3249/4004 688/3185/688 2650/1628/2650
f 4004/3249/4004 952/1630/952 2648/3248/2648
f 686/3203/686 4005/3250/4005 1550/1668/1550
f 2653/3251/2653 2651/1622/2651 4005/3250/4005
f 4005/3250/4005 670/1627/670 2110/3252/2110
f 1550/1668/1550 2110/3252/2110 174/1669/174
f 215/2762/215 4006/3253/4006 2126/3202/2126
f 2191/2745/2191 2652/3254/2652 4006/3253/4006
f 4006/3253/4006 953/1620/953 2653/3251/2653
f 2126/3202/2126 2653/3251/2653 686/3203/686
f 751/2743/751 4007/3255/4007 2652/3254/2652
f 1615/2741/1615 2278/3256/2278 4007/3255/4007
f 4007/3255/4007 838/3257/838 2654/1623/2654
f 2652/3254/2652 2654/1623/2654 953/1620/953
f 2657/3258/2657 1629/1784/1629 765/3067/765
f 954/1615/954 4008/3259/4008 2657/3258/2657
f 2655/1614/2655 2056/1128/2056 4008/3259/4008
f 4008/3259/4008 172/1127/172 1629/1784/1629
f 2192/2750/2192 2205/3066/2205 217/2021/217
f 752/1992/752 4009/3260/4009 2192/2750/2192
f 2656/3261/2656 2657/3258/2657 4009/3260/4009
f 4009/3260/4009 765/3067/765 2205/3066/2205
f 1616/1991/1616 2656/3261/2656 752/1992/752
f 216/2727/216 4010/3262/4010 1616/1991/1616
f 1539/3223/1539 2658/1613/2658 4010/3262/4010
f 4010/3262/4010 954/1615/954 2656/3261/2656
f 2661/3263/2661 2280/1559/2280 840/1557/840
f 2661/3263/2661 2659/1608/2659 4011/3264/4011
f 4011/3264/4011 624/1443/624 2064/1442/2064
f 4011/3264/4011 266/3265/266 2280/1559/2280
f 2166/2491/2166 1704/3266/1704 234/2492/234
f 726/2150/726 4012/3267/4012 2166/2491/2166
f 4012/3267/4012 955/1606/955 2661/3263/2661
f 4012/3267/4012 840/1557/840 1704/3266/1704
f 726/2150/726 4013/3268/4013 2660/3269/2660
f 1590/2149/1590 2279/3270/2279 4013/3268/4013
f 4013/3268/4013 839/3271/839 2662/1609/2662
f 2660/3269/2660 2662/1609/2662 955/1606/955
f 2665/3272/2665 2282/3273/2282 842/3274/842
f 956/1600/956 4014/3275/4014 2665/3272/2665
f 2663/1599/2663 2041/3276/2041 4014/3275/4014
f 4014/3275/4014 278/3277/278 2282/3273/2282
f 2140/2355/2140 1706/3278/1706 246/3279/246
f 700/2353/700 4015/3280/4015 2140/2355/2140
f 2664/3281/2664 2665/3272/2665 4015/3280/4015
f 4015/3280/4015 842/3274/842 1706/3278/1706
f 700/2353/700 4016/3282/4016 2664/3281/2664
f 1564/2351/1564 2281/3283/2281 4016/3282/4016
f 4016/3282/4016 841/3284/841 2666/1598/2666
f 4016/3282/4016 956/1600/956 2664/3281/2664
f 2669/3285/2669 1558/1682/1558 694/3184/694
f 957/1592/957 4017/3286/4017 2669/3285/2669
f 2667/1591/2667 2024/3287/2024 4017/3286/4017
f 4017/3286/4017 176/1683/176 1558/1682/1558
f 2193/2809/2193 2134/3183/2134 213/2782/213
f 753/2806/753 4018/3288/4018 2193/2809/2193
f 2668/3289/2668 2669/3285/2669 4018/3288/4018
f 4018/3288/4018 694/3184/694 2134/3183/2134
f 1617/2803/1617 2668/3289/2668 753/2806/753
f 211/2805/211 4019/3290/4019 1617/2803/1617
f 2283/3291/2283 2670/1590/2670 4019/3290/4019
f 4019/3290/4019 957/1592/957 2668/3289/2668
f 835/3240/835 4020/3292/4020 1699/1637/1699
f 2673/3293/2673 2671/1584/2671 4020/3292/4020
f 4020/3292/4020 592/1589/592 2032/3294/2032
f 1699/1637/1699 2032/3294/2032 265/1639/265
f 233/2508/233 4021/3295/4021 2275/3239/2275
f 2167/2649/2167 2672/3296/2672 4021/3295/4021
f 4021/3295/4021 958/1582/958 2673/3293/2673
f 2275/3239/2275 2673/3293/2673 835/3240/835
f 727/2647/727 4022/3297/4022 2672/3296/2672
f 1591/2645/1591 1610/3084/1610 4022/3297/4022
f 4022/3297/4022 746/3079/746 2674/1585/2674
f 2672/3296/2672 2674/1585/2674 958/1582/958
f 2677/3298/2677 2285/1079/2285 845/1077/845
f 2677/3298/2677 2675/1577/2675 4023/3299/4023
f 4023/3299/4023 632/1473/632 2072/1472/2072
f 4023/3299/4023 282/3300/282 2285/1079/2285
f 2142/2333/2142 1709/3301/1709 250/2334/250
f 702/2242/702 4024/3302/4024 2142/2333/2142
f 4024/3302/4024 959/1575/959 2677/3298/2677
f 4024/3302/4024 845/1077/845 1709/3301/1709
f 702/2242/702 4025/3303/4025 2676/3304/2676
f 1566/2241/1566 2284/3305/2284 4025/3303/4025
f 4025/3303/4025 844/3306/844 2678/1578/2678
f 2676/3304/2676 2678/1578/2678 959/1575/959
f 2681/3307/2681 1601/1755/1601 737/1753/737
f 960/1569/960 4026/3308/4026 2681/3307/2681
f 2679/1568/2679 2050/3309/2050 4026/3308/4026
f 4026/3308/4026 191/3310/191 1601/1755/1601
f 2116/3011/2116 2177/3106/2177 198/3012/198
f 676/3008/676 4027/3311/4027 2116/3011/2116
f 2680/3312/2680 2681/3307/2681 4027/3311/4027
f 4027/3311/4027 737/1753/737 2177/3106/2177
f 1540/3007/1540 2680/3312/2680 676/3008/676
f 253/2300/253 4028/3313/4028 1540/3007/1540
f 1565/3159/1565 2682/1567/2682 4028/3313/4028
f 4028/3313/4028 960/1569/960 2680/3312/2680
f 846/3314/846 4029/3315/4029 2286/1359/2286
f 2685/3316/2685 2683/1563/2683 4029/3315/4029
f 4029/3315/4029 615/1404/615 2055/1403/2055
f 2286/1359/2286 2055/1403/2055 177/1360/177
f 212/1890/212 4030/3317/4030 1710/3318/1710
f 2195/2793/2195 2684/3319/2684 4030/3317/4030
f 4030/3317/4030 961/1561/961 2685/3316/2685
f 1710/3318/1710 2685/3316/2685 846/3314/846
f 755/1963/755 4031/3320/4031 2684/3319/2684
f 1619/1962/1619 1543/3216/1543 4031/3320/4031
f 4031/3320/4031 679/3213/679 2686/1564/2686
f 2684/3319/2684 2686/1564/2686 961/1561/961
f 2689/3321/2689 1583/1735/1583 719/1733/719
f 962/1556/962 4032/3322/4032 2689/3321/2689
f 2687/1555/2687 2063/1160/2063 4032/3322/4032
f 4032/3322/4032 165/3323/165 1583/1735/1583
f 2169/2627/2169 2159/3131/2159 224/2628/224
f 729/2070/729 4033/3324/4033 2169/2627/2169
f 2688/3325/2688 2689/3321/2689 4033/3324/4033
f 4033/3324/4033 719/1733/719 2159/3131/2159
f 1593/2069/1593 2688/3325/2688 729/2070/729
f 234/2492/234 4034/3326/4034 1593/2069/1593
f 1704/3266/1704 2690/1554/2690 4034/3326/4034
f 4034/3326/4034 962/1556/962 2688/3325/2688
f 2693/3327/2693 1719/1336/1719 855/1334/855
f 963/1548/963 4035/3328/4035 2693/3327/2693
f 2691/1547/2691 2053/3329/2053 4035/3328/4035
f 4035/3328/4035 184/3330/184 1719/1336/1719
f 2202/2873/2202 2295/3331/2295 205/2874/205
f 762/2870/762 4036/3332/4036 2202/2873/2202
f 2692/3333/2692 2693/3327/2693 4036/3332/4036
f 4036/3332/4036 855/1334/855 2295/3331/2295
f 1626/2869/1626 2692/3333/2692 762/2870/762
f 208/2852/208 4037/3334/4037 1626/2869/1626
f 1718/3335/1718 2694/1546/2694 4037/3334/4037
f 4037/3334/4037 963/1548/963 2692/3333/2692
f 2697/3336/2697 1708/3337/1708 844/3338/844
f 964/1542/964 4038/3339/4038 2697/3336/2697
f 2695/1541/2695 2095/1184/2095 4038/3339/4038
f 4038/3339/4038 277/3340/277 1708/3337/1708
f 2150/2391/2150 2284/3341/2284 245/2392/245
f 710/2209/710 4039/3342/4039 2150/2391/2150
f 2696/3343/2696 2697/3336/2697 4039/3342/4039
f 4039/3342/4039 844/3338/844 2284/3341/2284
f 710/2209/710 4040/3344/4040 2696/3343/2696
f 1574/2208/1574 1721/3345/1721 4040/3344/4040
f 4040/3344/4040 857/3346/857 2698/1540/2698
f 4040/3344/4040 964/1542/964 2696/3343/2696
f 2701/3347/2701 1703/3348/1703 839/3349/839
f 965/1536/965 4041/3350/4041 2701/3347/2701
f 2699/1535/2699 2046/1215/2046 4041/3350/4041
f 4041/3350/4041 268/3351/268 1703/3348/1703
f 2125/2460/2125 2279/3352/2279 236/2461/236
f 685/2164/685 4042/3353/4042 2125/2460/2125
f 2700/3354/2700 2701/3347/2701 4042/3353/4042
f 4042/3353/4042 839/3349/839 2279/3352/2279
f 685/2164/685 4043/3355/4043 2700/3354/2700
f 1549/2163/1549 1723/3356/1723 4043/3355/4043
f 4043/3355/4043 859/3357/859 2702/1534/2702
f 4043/3355/4043 965/1536/965 2700/3354/2700
f 2705/3358/2705 2304/1230/2304 864/1228/864
f 2705/3358/2705 2703/1529/2703 4044/3359/4044
f 4044/3359/4044 657/1428/657 2097/1427/2097
f 4044/3359/4044 163/3360/163 2304/1230/2304
f 2178/2597/2178 1728/3361/1728 226/2598/226
f 738/2088/738 4045/3362/4045 2178/2597/2178
f 4045/3362/4045 966/1527/966 2705/3358/2705
f 4045/3362/4045 864/1228/864 1728/3361/1728
f 738/2088/738 4046/3363/4046 2704/3364/2704
f 1602/2087/1602 1701/3365/1701 4046/3363/4046
f 4046/3363/4046 837/3366/837 2706/1530/2706
f 2704/3364/2704 2706/1530/2706 966/1527/966
f 862/3367/862 4047/3368/4047 1726/1274/1726
f 2709/3369/2709 2707/1521/2707 4047/3368/4047
f 4047/3368/4047 620/1526/620 2060/3370/2060
f 1726/1274/1726 2060/3370/2060 164/1276/164
f 225/2615/225 4048/3371/4048 2302/3372/2302
f 2179/2699/2179 2708/3373/2708 4048/3371/4048
f 4048/3371/4048 967/1519/967 2709/3369/2709
f 2302/3372/2302 2709/3369/2709 862/3367/862
f 739/2697/739 4049/3374/4049 2708/3373/2708
f 1603/2695/1603 1548/3199/1548 4049/3374/4049
f 4049/3374/4049 684/3194/684 2710/1522/2710
f 2708/3373/2708 2710/1522/2710 967/1519/967
f 757/3078/757 4050/3375/4050 1621/1777/1621
f 2713/3376/2713 2711/1515/2711 4050/3375/4050
f 4050/3375/4050 580/1391/580 2020/1390/2020
f 1621/1777/1621 2020/1390/2020 189/1389/189
f 200/1844/200 4051/3377/4051 2197/3077/2197
f 2206/2944/2206 2712/3378/2712 4051/3377/4051
f 4051/3377/4051 968/1513/968 2713/3376/2713
f 2197/3077/2197 2713/3376/2713 757/3078/757
f 766/1862/766 4052/3379/4052 2712/3378/2712
f 1630/1861/1630 1714/3380/1714 4052/3379/4052
f 4052/3379/4052 850/3381/850 2714/1516/2714
f 2712/3378/2712 2714/1516/2714 968/1513/968
f 2717/3382/2717 1727/1261/1727 863/1259/863
f 2717/3382/2717 2715/1507/2715 4053/3383/4053
f 4053/3383/4053 674/1512/674 2114/3384/2114
f 4053/3383/4053 190/3385/190 1727/1261/1727
f 2207/2964/2207 2303/3386/2303 199/2965/199
f 767/2961/767 4054/3387/4054 2207/2964/2207
f 4054/3387/4054 969/1505/969 2717/3382/2717
f 4054/3387/4054 863/1259/863 2303/3386/2303
f 767/2961/767 4055/3388/4055 2716/3389/2716
f 1631/2958/1631 1730/3390/1730 4055/3388/4055
f 4055/3388/4055 866/3391/866 2718/1508/2718
f 2716/3389/2716 2718/1508/2718 969/1505/969
f 865/3392/865 4056/3393/4056 1729/1251/1729
f 2721/3394/2721 2719/1499/2719 4056/3393/4056
f 4056/3393/4056 596/1504/596 2036/3395/2036
f 1729/1251/1729 2036/3395/2036 273/1253/273
f 241/2932/241 4057/3396/4057 2305/3397/2305
f 2155/2539/2155 2720/3398/2720 4057/3396/4057
f 4057/3396/4057 970/1497/970 2721/3394/2721
f 2305/3397/2305 2721/3394/2721 865/3392/865
f 715/2537/715 4058/3399/4058 2720/3398/2720
f 1579/2535/1579 1713/3400/1713 4058/3399/4058
f 4058/3399/4058 849/3401/849 2722/1500/2722
f 2720/3398/2720 2722/1500/2722 970/1497/970
f 640/3402/640 4059/3403/4059 2080/1110/2080
f 2725/3404/2725 2723/1492/2723 4059/3403/4059
f 4059/3403/4059 639/1315/639 1503/1314/1503
f 2080/1110/2080 1503/1314/1503 182/1111/182
f 2048/3405/2048 1504/3406/1504 181/3407/181
f 608/1346/608 4060/3408/4060 2048/3405/2048
f 2724/3409/2724 2725/3404/2725 4060/3408/4060
f 4060/3408/4060 640/3402/640 1504/3406/1504
f 1472/1345/1472 2724/3409/2724 608/1346/608
f 289/3410/289 4061/3411/4061 1472/1345/1472
f 2088/3412/2088 2726/1493/2726 4061/3411/4061
f 4061/3411/4061 971/1490/971 2724/3409/2724
f 647/3413/647 4062/3414/4062 2087/1126/2087
f 2729/3415/2729 2727/1484/2727 4062/3414/4062
f 4062/3414/4062 650/1489/650 1514/1785/1514
f 2087/1126/2087 1514/1785/1514 172/1127/172
f 171/1625/171 4063/3416/4063 1511/3417/1511
f 2077/3418/2077 2728/3419/2728 4063/3416/4063
f 4063/3416/4063 972/1482/972 2729/3415/2729
f 1511/3417/1511 2729/3415/2729 647/3413/647
f 1501/1246/1501 2728/3419/2728 637/1247/637
f 287/3092/287 4064/3420/4064 1501/1246/1501
f 2045/3421/2045 2730/1485/2730 4064/3420/4064
f 2728/3419/2728 2730/1485/2730 972/1482/972
f 641/3422/641 4065/3423/4065 1505/1221/1505
f 2733/3424/2733 2731/1476/2731 4065/3423/4065
f 4065/3423/4065 603/1481/603 1467/1677/1467
f 1505/1221/1505 1467/1677/1467 286/1222/286
f 2092/3157/2092 2081/3425/2081 285/3158/285
f 652/1707/652 4066/3426/4066 2092/3157/2092
f 2732/3427/2732 2733/3424/2733 4066/3426/4066
f 4066/3426/4066 641/3422/641 2081/3425/2081
f 1516/1706/1516 2732/3427/2732 652/1707/652
f 283/3207/283 4067/3428/4067 1516/1706/1516
f 2075/3429/2075 2734/1477/2734 4067/3428/4067
f 4067/3428/4067 973/1474/973 2732/3427/2732
f 633/3430/633 4068/3431/4068 2073/3432/2073
f 2737/3433/2737 2735/1468/2735 4068/3431/4068
f 4068/3431/4068 632/1473/632 1496/1581/1496
f 2073/3432/2073 1496/1581/1496 277/1580/277
f 2041/3276/2041 1497/3434/1497 278/3277/278
f 601/1605/601 4069/3435/4069 2041/3276/2041
f 2736/3436/2736 2737/3433/2737 4069/3435/4069
f 4069/3435/4069 633/3430/633 1497/3434/1497
f 1465/1604/1465 2736/3436/2736 601/1605/601
f 1465/1604/1465 2096/3437/2096 4070/3438/4070
f 4070/3438/4070 656/1469/656 2738/1470/2738
f 4070/3438/4070 974/1466/974 2736/3436/2736
f 604/3439/604 4071/3440/4071 1468/1205/1468
f 2741/3441/2741 2739/1461/2739 4071/3440/4071
f 4071/3440/4071 630/1322/630 1494/1321/1494
f 1468/1205/1468 1494/1321/1494 280/1206/280
f 2039/3442/2039 2044/3443/2044 279/3444/279
f 599/1354/599 4072/3445/4072 2039/3442/2039
f 2740/3446/2740 2741/3441/2741 4072/3445/4072
f 4072/3445/4072 604/3439/604 2044/3443/2044
f 1463/1353/1463 2740/3446/2740 599/1354/599
f 275/3447/275 4073/3448/4073 1463/1353/1463
f 2098/3449/2098 2742/1462/2742 4073/3448/4073
f 4073/3448/4073 975/1459/975 2740/3446/2740
f 629/3450/629 4074/3451/4074 2069/3452/2069
f 2745/3453/2745 2743/1454/2743 4074/3451/4074
f 4074/3451/4074 628/1239/628 1492/1238/1492
f 2069/3452/2069 1492/1238/1492 188/1237/188
f 2037/3454/2037 1493/3455/1493 187/3456/187
f 597/1255/597 4075/3457/4075 2037/3454/2037
f 2744/3458/2744 2745/3453/2745 4075/3457/4075
f 4075/3457/4075 629/3450/629 1493/3455/1493
f 1461/1254/1461 2744/3458/2744 597/1255/597
f 1461/1254/1461 2100/3459/2100 4076/3460/4076
f 4076/3460/4076 660/1455/660 2746/1456/2746
f 4076/3460/4076 976/1452/976 2744/3458/2744
f 2749/3461/2749 1509/1191/1509 645/1189/645
f 977/1446/977 4077/3462/4077 2749/3461/2749
f 2747/1445/2747 1490/1699/1490 4077/3462/4077
f 4077/3462/4077 272/3463/272 1509/1191/1509
f 271/1095/271 4078/3464/4078 2085/3465/2085
f 2035/3135/2035 2748/3466/2748 4078/3464/4078
f 4078/3464/4078 977/1446/977 2749/3461/2749
f 2085/3465/2085 2749/3461/2749 645/1189/645
f 595/1729/595 4079/3467/4079 2748/3466/2748
f 1459/1728/1459 2102/3468/2102 4079/3467/4079
f 4079/3467/4079 662/1447/662 2750/1444/2750
f 2748/3466/2748 2750/1444/2750 977/1446/977
f 638/3469/638 4080/3470/4080 1502/3471/1502
f 2753/3472/2753 2751/1438/2751 4080/3470/4080
f 4080/3470/4080 624/1443/624 1488/1612/1488
f 1502/3471/1502 1488/1612/1488 268/1611/268
f 2033/3232/2033 2078/3473/2078 267/3233/267
f 593/1641/593 4081/3474/4081 2033/3232/2033
f 2752/3475/2752 2753/3472/2753 4081/3474/4081
f 4081/3474/4081 638/3469/638 2078/3473/2078
f 1457/1640/1457 2752/3475/2752 593/1641/593
f 1457/1640/1457 2104/3476/2104 4082/3477/4082
f 4082/3477/4082 664/1439/664 2754/1440/2754
f 4082/3477/4082 978/1436/978 2752/3475/2752
f 2757/3478/2757 1513/1175/1513 649/1173/649
f 979/1431/979 4083/3479/4083 2757/3478/2757
f 2755/1430/2755 1486/1072/1486 4083/3479/4083
f 4083/3479/4083 264/3109/264 1513/1175/1513
f 263/1502/263 4084/3480/4084 2089/3481/2089
f 2031/3482/2031 2756/3483/2756 4084/3480/4084
f 4084/3480/4084 979/1431/979 2757/3478/2757
f 2089/3481/2089 2757/3478/2757 649/1173/649
f 591/1089/591 4085/3484/4085 2756/3483/2756
f 1455/1088/1455 2086/3485/2086 4085/3484/4085
f 4085/3484/4085 646/1432/646 2758/1429/2758
f 2756/3483/2756 2758/1429/2758 979/1431/979
f 602/3486/602 4086/3487/4086 1466/3488/1466
f 2761/3489/2761 2759/1423/2759 4086/3487/4086
f 4086/3487/4086 657/1428/657 1521/1533/1521
f 1466/3488/1466 1521/1533/1521 260/1532/260
f 2061/3490/2061 2042/3491/2042 259/3492/259
f 621/1278/621 4087/3493/4087 2061/3490/2061
f 2760/3494/2760 2761/3489/2761 4087/3493/4087
f 4087/3493/4087 602/3486/602 2042/3491/2042
f 1485/1277/1485 2760/3494/2760 621/1278/621
f 1485/1277/1485 2029/3495/2029 4088/3496/4088
f 4088/3496/4088 589/1424/589 2762/1425/2762
f 4088/3496/4088 980/1421/980 2760/3494/2760
f 2765/3497/2765 1527/1159/1527 663/1157/663
f 981/1415/981 4089/3498/4089 2765/3497/2765
f 2763/1414/2763 1525/1736/1525 4089/3498/4089
f 4089/3498/4089 165/3323/165 1527/1159/1527
f 166/1587/166 4090/3499/4090 2103/3500/2103
f 2059/3082/2059 2764/3501/2764 4090/3499/4090
f 4090/3499/4090 981/1415/981 2765/3497/2765
f 2103/3500/2103 2765/3497/2765 663/1157/663
f 619/1773/619 4091/3502/4091 2764/3501/2764
f 1483/1772/1483 2027/3503/2027 4091/3502/4091
f 4091/3502/4091 587/1416/587 2766/1413/2766
f 2764/3501/2764 2766/1413/2766 981/1415/981
f 2769/3504/2769 1452/1143/1452 588/1141/588
f 982/1407/982 4092/3505/4092 2769/3504/2769
f 2767/1406/2767 1535/1648/1535 4092/3505/4092
f 4092/3505/4092 169/3506/169 1452/1143/1452
f 170/1524/170 4093/3507/4093 2028/3508/2028
f 2057/3197/2057 2768/3509/2768 4093/3507/4093
f 4093/3507/4093 982/1407/982 2769/3504/2769
f 2028/3508/2028 2769/3504/2769 588/1141/588
f 617/1671/617 4094/3510/4094 2768/3509/2768
f 1481/1670/1481 2025/3511/2025 4094/3510/4094
f 4094/3510/4094 585/1408/585 2770/1405/2770
f 2768/3509/2768 2770/1405/2770 982/1407/982
f 659/3512/659 4095/3513/4095 1523/1166/1523
f 2773/3514/2773 2771/1400/2771 4095/3513/4095
f 4095/3513/4095 615/1404/615 1479/1566/1479
f 1523/1166/1523 1479/1566/1479 175/1167/175
f 176/1683/176 4096/3515/4096 2099/3516/2099
f 584/1597/584 4096/3515/4096 2024/3287/2024
f 4096/3515/4096 983/1398/983 2773/3514/2773
f 2099/3516/2099 2773/3514/2773 659/3512/659
f 1448/1596/1448 2772/3517/2772 584/1597/584
f 178/3518/178 4097/3519/4097 1448/1596/1448
f 2109/3520/2109 2774/1401/2774 4097/3519/4097
f 4097/3519/4097 983/1398/983 2772/3517/2772
f 667/3521/667 4098/3522/4098 1531/1150/1531
f 2777/3523/2777 2775/1394/2775 4098/3522/4098
f 4098/3522/4098 672/1308/672 1536/1307/1536
f 1531/1150/1531 1536/1307/1536 179/1151/179
f 180/1328/180 4099/3524/4099 2107/3525/2107
f 2022/3526/2022 2776/3527/2776 4099/3524/4099
f 4099/3524/4099 984/1392/984 2777/3523/2777
f 2107/3525/2107 2777/3523/2777 667/3521/667
f 1446/1337/1446 2776/3527/2776 582/1338/582
f 184/3330/184 4100/3528/4100 1446/1337/1446
f 2113/3529/2113 2778/1395/2778 4100/3528/4100
f 2776/3527/2776 2778/1395/2778 984/1392/984
f 654/3530/654 4101/3531/4101 1518/1118/1518
f 2781/3532/2781 2779/1386/2779 4101/3531/4101
f 4101/3531/4101 580/1391/580 1444/1518/1444
f 1518/1118/1518 1444/1518/1444 185/1119/185
f 2083/3533/2083 2094/3534/2094 186/3535/186
f 643/1263/643 4102/3536/4102 2083/3533/2083
f 2780/3537/2780 2781/3532/2781 4102/3536/4102
f 4102/3536/4102 654/3530/654 2094/3534/2094
f 1507/1262/1507 2780/3537/2780 643/1263/643
f 190/3385/190 4103/3538/4103 1507/1262/1507
f 2052/3539/2052 2782/1387/2782 4103/3538/4103
f 4103/3538/4103 985/1384/985 2780/3537/2780
f 586/3540/586 4104/3541/4104 1450/1134/1450
f 2785/3542/2785 2783/1379/2783 4104/3541/4104
f 4104/3541/4104 579/1383/579 1443/1742/1443
f 1450/1134/1450 1443/1742/1443 193/1135/193
f 194/1713/194 4105/3543/4105 2026/3544/2026
f 611/1757/611 4105/3543/4105 2051/3101/2051
f 4105/3543/4105 986/1377/986 2785/3542/2785
f 2026/3544/2026 2785/3542/2785 586/3540/586
f 1475/1756/1475 2784/3545/2784 611/1757/611
f 191/3310/191 4106/3546/4106 1475/1756/1475
f 1506/3547/1506 2786/1380/2786 4106/3546/4106
f 4106/3546/4106 986/1377/986 2784/3545/2784
f 2789/3548/2789 1707/1595/1707 843/1593/843
f 987/1371/987 4107/3549/4107 2789/3548/2789
f 2787/1370/2787 2023/3550/2023 4107/3549/4107
f 4107/3549/4107 178/3518/178 1707/1595/1707
f 2196/2914/2196 2283/3291/2283 211/2805/211
f 756/2911/756 4108/3551/4108 2196/2914/2196
f 2788/3552/2788 2789/3548/2789 4108/3551/4108
f 4108/3551/4108 843/1593/843 2283/3291/2283
f 1620/2908/1620 2788/3552/2788 756/2911/756
f 203/2910/203 4109/3553/4109 1620/2908/1620
f 2287/3554/2287 2790/1369/2790 4109/3553/4109
f 4109/3553/4109 987/1371/987 2788/3552/2788
f 691/3193/691 4110/3555/4110 1555/1676/1555
f 2793/3556/2793 2791/1364/2791 4110/3555/4110
f 4110/3555/4110 609/1224/609 2049/1223/2049
f 1555/1676/1555 2049/1223/2049 286/1222/286
f 254/2272/254 4111/3557/4111 2131/3192/2131
f 2118/2993/2118 2792/3558/2792 4111/3557/4111
f 4111/3557/4111 988/1362/988 2793/3556/2793
f 2131/3192/2131 2793/3556/2793 691/3193/691
f 678/1832/678 4112/3559/4112 2792/3558/2792
f 1542/1831/1542 1586/3119/1586 4112/3559/4112
f 4112/3559/4112 722/3115/722 2794/1365/2794
f 2792/3558/2792 2794/1365/2794 988/1362/988
f 850/3381/850 4113/3560/4113 2290/1517/2290
f 2797/3561/2797 2795/1357/2795 4113/3560/4113
f 4113/3560/4113 614/1121/614 2054/1120/2054
f 2290/1517/2290 2054/1120/2054 185/1119/185
f 204/1860/204 4114/3562/4114 1714/3380/1714
f 2198/2898/2198 2796/3563/2796 4114/3562/4114
f 4114/3562/4114 989/1355/989 2797/3561/2797
f 1714/3380/1714 2797/3561/2797 850/3381/850
f 758/1892/758 4115/3564/4115 2796/3563/2796
f 1622/1891/1622 1710/3318/1710 4115/3564/4115
f 4115/3564/4115 846/3314/846 2798/1358/2798
f 2796/3563/2796 2798/1358/2798 989/1355/989
f 2801/3565/2801 1607/1763/1607 743/1761/743
f 990/1349/990 4116/3566/4116 2801/3565/2801
f 2799/1348/2799 2039/3442/2039 4116/3566/4116
f 4116/3566/4116 279/3444/279 1607/1763/1607
f 2146/2410/2146 2183/3097/2183 247/2323/247
f 706/2407/706 4117/3567/4117 2146/2410/2146
f 2800/3568/2800 2801/3565/2801 4117/3567/4117
f 4117/3567/4117 743/1761/743 2183/3097/2183
f 1570/2406/1570 2800/3568/2800 706/2407/706
f 243/2384/243 4118/3569/4118 1570/2406/1570
f 2292/3570/2292 2802/1347/2802 4118/3569/4118
f 4118/3569/4118 990/1349/990 2800/3568/2800
f 2805/3571/2805 2294/1551/2294 854/1549/854
f 991/1341/991 4119/3572/4119 2805/3571/2805
f 2803/1340/2803 2048/3405/2048 4119/3572/4119
f 4119/3572/4119 181/3407/181 2294/1551/2294
f 2120/2851/2120 1718/3335/1718 208/2852/208
f 680/2848/680 4120/3573/4120 2120/2851/2120
f 2804/3574/2804 2805/3571/2805 4120/3573/4120
f 4120/3573/4120 854/1549/854 1718/3335/1718
f 1544/2847/1544 2804/3574/2804 680/2848/680
f 257/2486/257 4121/3575/4121 1544/2847/1544
f 2293/3576/2293 2806/1339/2806 4121/3575/4121
f 4121/3575/4121 991/1341/991 2804/3574/2804
f 856/3577/856 4122/3578/4122 2296/1327/2296
f 2809/3579/2809 2807/1332/2807 4122/3578/4122
f 2807/1332/2807 2022/3526/2022 4122/3578/4122
f 2296/1327/2296 2022/3526/2022 180/1328/180
f 2199/2893/2199 1720/3580/1720 209/2825/209
f 759/2890/759 4123/3581/4123 2199/2893/2199
f 2808/3582/2808 2809/3579/2809 4123/3581/4123
f 1720/3580/1720 2809/3579/2809 856/3577/856
f 1623/2889/1623 2808/3582/2808 759/2890/759
f 205/2874/205 4124/3583/4124 1623/2889/1623
f 2295/3331/2295 2810/1331/2810 4124/3583/4124
f 4124/3583/4124 992/1333/992 2808/3582/2808
f 848/3584/848 4125/3585/4125 1712/1086/1712
f 2813/3586/2813 2811/1325/2811 4125/3585/4125
f 4125/3585/4125 590/1330/590 2030/3587/2030
f 1712/1086/1712 2030/3587/2030 261/1087/261
f 229/2555/229 4126/3588/4126 2288/3589/2288
f 2173/2832/2173 2812/3590/2812 4126/3588/4126
f 4126/3588/4126 993/1323/993 2813/3586/2813
f 2288/3589/2288 2813/3586/2813 848/3584/848
f 733/2830/733 4127/3591/4127 2812/3590/2812
f 1597/2828/1597 1720/3580/1720 4127/3591/4127
f 4127/3591/4127 856/3577/856 2814/1326/2814
f 2812/3590/2812 2814/1326/2814 993/1323/993
f 857/3346/857 4128/3592/4128 2297/1543/2297
f 2817/3593/2817 2815/1318/2815 4128/3592/4128
f 4128/3592/4128 630/1322/630 2070/1465/2070
f 2297/1543/2297 2070/1465/2070 276/1464/276
f 244/2207/244 4129/3594/4129 1721/3345/1721
f 2148/2361/2148 2816/3595/2816 4129/3594/4129
f 4129/3594/4129 994/1316/994 2817/3593/2817
f 1721/3345/1721 2817/3593/2817 857/3346/857
f 708/2225/708 4130/3596/4130 2816/3595/2816
f 1572/2224/1572 1571/3146/1571 4130/3596/4130
f 4130/3596/4130 707/3142/707 2818/1319/2818
f 2816/3595/2816 2818/1319/2818 994/1316/994
f 859/3357/859 4131/3597/4131 2299/1537/2299
f 2821/3598/2821 2819/1311/2819 4131/3597/4131
f 4131/3597/4131 639/1315/639 2079/1496/2079
f 2299/1537/2299 2079/1496/2079 290/1495/290
f 258/2162/258 4132/3599/4132 1723/3356/1723
f 2122/2835/2122 2820/3600/2820 4132/3599/4132
f 4132/3599/4132 995/1309/995 2821/3598/2821
f 1723/3356/1723 2821/3598/2821 859/3357/859
f 682/1934/682 4133/3601/4133 2820/3600/2820
f 1546/1933/1546 2298/3602/2298 4133/3601/4133
f 4133/3601/4133 858/3603/858 2822/1312/2822
f 2820/3600/2820 2822/1312/2822 995/1309/995
f 861/3604/861 4134/3605/4134 2301/1268/2301
f 2825/3606/2825 2823/1304/2823 4134/3605/4134
f 4134/3605/4134 672/1308/672 2112/1397/2112
f 2301/1268/2301 2112/1397/2112 183/1269/183
f 206/1904/206 4135/3607/4135 1725/3608/1725
f 2201/2858/2201 2824/3609/2824 4135/3607/4135
f 4135/3607/4135 996/1302/996 2825/3606/2825
f 1725/3608/1725 2825/3606/2825 861/3604/861
f 761/1920/761 4136/3610/4136 2824/3609/2824
f 1625/1919/1625 2300/3611/2300 4136/3610/4136
f 4136/3610/4136 860/3612/860 2826/1305/2826
f 2824/3609/2824 2826/1305/2826 996/1302/996
f 2829/3613/2829 1724/1306/1724 860/3612/860
f 997/1297/997 4137/3614/4137 2829/3613/2829
f 2827/1296/2827 2106/1152/2106 4137/3614/4137
f 4137/3614/4137 179/1151/179 1724/1306/1724
f 2175/2814/2175 2300/3611/2300 210/1918/210
f 735/1948/735 4138/3615/4138 2175/2814/2175
f 2828/3616/2828 2829/3613/2829 4138/3615/4138
f 4138/3615/4138 860/3612/860 2300/3611/2300
f 1599/1947/1599 2828/3616/2828 735/1948/735
f 230/2545/230 4139/3617/4139 1599/1947/1599
f 1715/3618/1715 2830/1295/2830 4139/3617/4139
f 4139/3617/4139 997/1297/997 2828/3616/2828
f 2833/3619/2833 1716/1352/1716 852/1350/852
f 2833/3619/2833 2831/1289/2831 4140/3620/4140
f 4140/3620/4140 598/1294/598 2038/3621/2038
f 4140/3620/4140 275/3447/275 1716/1352/1716
f 2149/2383/2149 2292/3570/2292 243/2384/243
f 709/2380/709 4141/3622/4141 2149/2383/2149
f 4141/3622/4141 998/1287/998 2833/3619/2833
f 4141/3622/4141 852/1350/852 2292/3570/2292
f 709/2380/709 4142/3623/4142 2832/3624/2832
f 1573/2377/1573 1706/3625/1706 4142/3623/4142
f 4142/3623/4142 842/3626/842 2834/1290/2834
f 2832/3624/2832 2834/1290/2834 998/1287/998
f 2837/3627/2837 1717/1344/1717 853/1342/853
f 2837/3627/2837 2835/1281/2835 4143/3628/4143
f 4143/3628/4143 607/1286/607 2047/3629/2047
f 4143/3628/4143 289/3410/289 1717/1344/1717
f 2123/2485/2123 2293/3576/2293 257/2486/257
f 683/2482/683 4144/3630/4144 2123/2485/2123
f 4144/3630/4144 999/1279/999 2837/3627/2837
f 4144/3630/4144 853/1342/853 2293/3576/2293
f 683/2482/683 4145/3631/4145 2836/3632/2836
f 1547/2479/1547 1700/3633/1700 4145/3631/4145
f 4145/3631/4145 836/3634/836 2838/1282/2838
f 2836/3632/2836 2838/1282/2838 999/1279/999
f 2841/3635/2841 1545/3636/1545 681/3637/681
f 1000/1273/1000 4146/3638/4146 2841/3635/2841
f 2839/1272/2839 2061/3490/2061 4146/3638/4146
f 4146/3638/4146 259/3492/259 1545/3636/1545
f 2176/2622/2176 2121/3639/2121 227/3640/227
f 736/2620/736 4147/3641/4147 2176/2622/2176
f 2840/3642/2840 2841/3635/2841 4147/3641/4147
f 4147/3641/4147 681/3637/681 2121/3639/2121
f 736/2620/736 4148/3643/4148 2840/3642/2840
f 1600/2618/1600 2302/3372/2302 4148/3643/4148
f 4148/3643/4148 862/3367/862 2842/1271/2842
f 4148/3643/4148 1000/1273/1000 2840/3642/2840
f 858/3603/858 4149/3644/4149 1722/1313/1722
f 2845/3645/2845 2843/1266/2843 4149/3644/4149
f 4149/3644/4149 581/1113/581 2021/1112/2021
f 1722/1313/1722 2021/1112/2021 182/1111/182
f 207/1932/207 4150/3646/4150 2298/3602/2298
f 2203/2879/2203 2844/3647/2844 4150/3646/4150
f 4150/3646/4150 1001/1264/1001 2845/3645/2845
f 2298/3602/2298 2845/3645/2845 858/3603/858
f 763/1906/763 4151/3648/4151 2844/3647/2844
f 1627/1905/1627 1725/3608/1725 4151/3648/4151
f 4151/3648/4151 861/3604/861 2846/1267/2846
f 2844/3647/2844 2846/1267/2846 1001/1264/1001
f 2849/3649/2849 1711/1374/1711 847/1372/847
f 1002/1258/1002 4152/3650/4152 2849/3649/2849
f 2847/1257/2847 2083/3533/2083 4152/3650/4152
f 4152/3650/4152 186/3535/186 1711/1374/1711
f 2204/2989/2204 2287/3554/2287 203/2910/203
f 764/2986/764 4153/3651/4153 2204/2989/2204
f 2848/3652/2848 2849/3649/2849 4153/3651/4153
f 4153/3651/4153 847/1372/847 2287/3554/2287
f 1628/2985/1628 2848/3652/2848 764/2986/764
f 199/2965/199 4154/3653/4154 1628/2985/1628
f 2303/3386/2303 2850/1256/2850 4154/3653/4154
f 4154/3653/4154 1002/1258/1002 2848/3652/2848
f 2853/3654/2853 2306/3655/2306 866/3656/866
f 1003/1250/1003 4155/3657/4155 2853/3654/2853
f 2851/1249/2851 2037/3454/2037 4155/3657/4155
f 4155/3657/4155 187/3456/187 2306/3655/2306
f 2152/2938/2152 1730/3658/1730 202/3659/202
f 712/2936/712 4156/3660/4156 2152/2938/2152
f 2852/3661/2852 2853/3654/2853 4156/3660/4156
f 4156/3660/4156 866/3656/866 1730/3658/1730
f 712/2936/712 4157/3662/4157 2852/3661/2852
f 1576/2934/1576 2305/3397/2305 4157/3662/4157
f 4157/3662/4157 865/3392/865 2854/1248/2854
f 4157/3662/4157 1003/1250/1003 2852/3661/2852
f 838/3257/838 4158/3663/4158 1702/1624/1702
f 2857/3664/2857 2855/1241/2855 4158/3663/4158
f 2855/1241/2855 2077/3418/2077 4158/3663/4158
f 1702/1624/1702 2077/3418/2077 171/1625/171
f 2127/2720/2127 2278/3256/2278 218/2721/218
f 687/2717/687 4159/3665/4159 2127/2720/2127
f 2856/3666/2856 2857/3664/2857 4159/3665/4159
f 2278/3256/2278 2857/3664/2857 838/3257/838
f 1551/2716/1551 2856/3666/2856 687/2717/687
f 255/2328/255 4160/3667/4160 1551/2716/1551
f 1604/3093/1604 2858/1240/2858 4160/3667/4160
f 4160/3667/4160 1004/1242/1004 2856/3666/2856
f 2861/3668/2861 1595/1748/1595 731/1746/731
f 2861/3668/2861 2859/1234/2859 4161/3669/4161
f 4161/3669/4161 628/1239/628 2068/1458/2068
f 4161/3669/4161 274/3670/274 1595/1748/1595
f 2154/2918/2154 2171/3114/2171 242/2919/242
f 714/1878/714 4162/3671/4162 2154/2918/2154
f 4162/3671/4162 1005/1232/1005 2861/3668/2861
f 4162/3671/4162 731/1746/731 2171/3114/2171
f 714/1878/714 4163/3672/4163 2860/3673/2860
f 1578/1877/1578 1618/3674/1618 4163/3672/4163
f 4163/3672/4163 754/3675/754 2862/1235/2862
f 2860/3673/2860 2862/1235/2862 1005/1232/1005
f 2865/3676/2865 1541/1647/1541 677/1645/677
f 1006/1227/1006 4164/3677/4164 2865/3676/2865
f 2863/1226/2863 2108/1144/2108 4164/3677/4164
f 4164/3677/4164 169/3506/169 1541/1647/1541
f 2181/2677/2181 2117/3227/2117 220/2678/220
f 741/2039/741 4165/3678/4165 2181/2677/2181
f 2864/3679/2864 2865/3676/2865 4165/3678/4165
f 4165/3678/4165 677/1645/677 2117/3227/2117
f 1605/2038/1605 2864/3679/2864 741/2039/741
f 226/2598/226 4166/3680/4166 1605/2038/1605
f 1728/3361/1728 2866/1225/2866 4166/3680/4166
f 4166/3680/4166 1006/1227/1006 2864/3679/2864
f 642/3681/642 4167/3682/4167 2082/1381/2082
f 2869/3683/2869 2867/1219/2867 4167/3682/4167
f 4167/3682/4167 609/1224/609 1473/1368/1473
f 2082/1381/2082 1473/1368/1473 192/1367/192
f 2050/3309/2050 1506/3547/1506 191/3310/191
f 610/1574/610 4168/3684/4168 2050/3309/2050
f 2868/3685/2868 2869/3683/2869 4168/3684/4168
f 4168/3684/4168 642/3681/642 1506/3547/1506
f 1474/1573/1474 2868/3685/2868 610/1574/610
f 285/3158/285 4169/3686/4169 1474/1573/1474
f 2081/3425/2081 2870/1220/2870 4169/3686/4169
f 4169/3686/4169 1007/1217/1007 2868/3685/2868
f 648/3687/648 4170/3688/4170 1512/1494/1512
f 1008/1211/1008 4170/3688/4170 2873/3689/2873
f 2871/1210/2871 1470/1539/1470 4170/3688/4170
f 1512/1494/1512 1470/1539/1470 290/1495/290
f 2047/3629/2047 2088/3412/2088 289/3410/289
f 2047/3629/2047 2872/3690/2872 4171/3691/4171
f 4171/3691/4171 1008/1211/1008 2873/3689/2873
f 4171/3691/4171 648/3687/648 2088/3412/2088
f 607/1286/607 4172/3692/4172 2872/3690/2872
f 1471/1285/1471 2078/3693/2078 4172/3692/4172
f 4172/3692/4172 638/1212/638 2874/1209/2874
f 2872/3690/2872 2874/1209/2874 1008/1211/1008
f 605/3694/605 4173/3695/4173 1469/1486/1469
f 2877/3696/2877 2875/1203/2875 4173/3695/4173
f 4173/3695/4173 653/1208/653 1517/1721/1517
f 1469/1486/1469 1517/1721/1517 288/1487/288
f 2076/3091/2076 2045/3421/2045 287/3092/287
f 636/1765/636 4174/3697/4174 2076/3091/2076
f 2876/3698/2876 2877/3696/2877 4174/3697/4174
f 4174/3697/4174 605/3694/605 2045/3421/2045
f 1500/1764/1500 2876/3698/2876 636/1765/636
f 279/3444/279 4175/3699/4175 1500/1764/1500
f 2044/3443/2044 2878/1204/2878 4175/3699/4175
f 4175/3699/4175 1009/1201/1009 2876/3698/2876
f 635/3700/635 4176/3701/4176 1499/1478/1499
f 1010/1195/1010 4176/3701/4176 2881/3702/2881
f 2879/1194/2879 1515/1633/1515 4176/3701/4176
f 1499/1478/1499 1515/1633/1515 284/1479/284
f 2074/3206/2074 2075/3429/2075 283/3207/283
f 2074/3206/2074 2880/3703/2880 4177/3704/4177
f 4177/3704/4177 1010/1195/1010 2881/3702/2881
f 4177/3704/4177 635/3700/635 2075/3429/2075
f 634/1663/634 4178/3705/4178 2880/3703/2880
f 1498/1662/1498 2042/3706/2042 4178/3705/4178
f 4178/3705/4178 602/1196/602 2882/1193/2882
f 2880/3703/2880 2882/1193/2882 1010/1195/1010
f 2885/3707/2885 1520/1471/1520 656/1469/656
f 1011/1188/1011 4179/3708/4179 2885/3707/2885
f 2883/1187/2883 1495/1080/1495 4179/3708/4179
f 4179/3708/4179 282/3300/282 1520/1471/1520
f 281/1603/281 4180/3709/4180 2096/3437/2096
f 2040/3710/2040 2884/3711/2884 4180/3709/4180
f 4180/3709/4180 1011/1188/1011 2885/3707/2885
f 2096/3437/2096 2885/3707/2885 656/1469/656
f 600/1097/600 4181/3712/4181 2884/3711/2884
f 1464/1096/1464 2085/3465/2085 4181/3712/4181
f 4181/3712/4181 645/1189/645 2886/1186/2886
f 2884/3711/2884 2886/1186/2886 1011/1188/1011
f 658/3713/658 4182/3714/4182 1522/1463/1522
f 1012/1180/1012 4182/3714/4182 2889/3715/2889
f 2887/1179/2887 1519/1545/1519 4182/3714/4182
f 1522/1463/1522 1519/1545/1519 276/1464/276
f 2038/3621/2038 2098/3449/2098 275/3447/275
f 2038/3621/2038 2888/3716/2888 4183/3717/4183
f 4183/3717/4183 1012/1180/1012 2889/3715/2889
f 4183/3717/4183 658/3713/658 2098/3449/2098
f 598/1294/598 4184/3718/4184 2888/3716/2888
f 1462/1293/1462 1497/3719/1497 4184/3718/4184
f 4184/3718/4184 633/1181/633 2890/1178/2890
f 2888/3716/2888 2890/1178/2890 1012/1180/1012
f 2893/3720/2893 1524/1457/1524 660/1455/660
f 1013/1172/1013 4185/3721/4185 2893/3720/2893
f 2891/1171/2891 1491/1749/1491 4185/3721/4185
f 4185/3721/4185 274/3670/274 1524/1457/1524
f 273/1253/273 4186/3722/4186 2100/3459/2100
f 2036/3395/2036 2892/3723/2892 4186/3722/4186
f 4186/3722/4186 1013/1172/1013 2893/3720/2893
f 2100/3459/2100 2893/3720/2893 660/1455/660
f 596/1504/596 4187/3724/4187 2892/3723/2892
f 1460/1503/1460 2089/3481/2089 4187/3724/4187
f 4187/3724/4187 649/1173/649 2894/1170/2894
f 2892/3723/2892 2894/1170/2894 1013/1172/1013
f 2897/3725/2897 1526/1449/1526 662/1447/662
f 2897/3725/2897 2895/1164/2895 4188/3726/4188
f 2895/1164/2895 1489/1655/1489 4188/3726/4188
f 4188/3726/4188 270/3166/270 1526/1449/1526
f 269/1727/269 4189/3727/4189 2102/3468/2102
f 2034/3179/2034 2896/3728/2896 4189/3727/4189
f 4189/3727/4189 1014/1162/1014 2897/3725/2897
f 2102/3468/2102 2897/3725/2897 662/1447/662
f 594/1685/594 4190/3729/4190 2896/3728/2896
f 1458/1684/1458 2099/3516/2099 4190/3729/4190
f 4190/3729/4190 659/3512/659 2898/1165/2898
f 2896/3728/2896 2898/1165/2898 1014/1162/1014
f 2901/3730/2901 1528/1441/1528 664/1439/664
f 1015/1156/1015 4191/3731/4191 2901/3730/2901
f 2899/1155/2899 1487/1560/1487 4191/3731/4191
f 4191/3731/4191 266/3265/266 1528/1441/1528
f 265/1639/265 4192/3732/4192 2104/3476/2104
f 2032/3294/2032 2900/3733/2900 4192/3732/4192
f 4192/3732/4192 1015/1156/1015 2901/3730/2901
f 2104/3476/2104 2901/3730/2901 664/1439/664
f 592/1589/592 4193/3734/4193 2900/3733/2900
f 1456/1588/1456 2103/3500/2103 4193/3734/4193
f 4193/3734/4193 663/1157/663 2902/1154/2902
f 2900/3733/2900 2902/1154/2902 1015/1156/1015
f 2905/3735/2905 1510/1434/1510 646/1432/646
f 1016/1146/1016 4194/3736/4194 2905/3735/2905
f 2903/1148/2903 1530/1301/1530 4194/3736/4194
f 4194/3736/4194 262/3737/262 1510/1434/1510
f 261/1087/261 4195/3738/4195 2086/3485/2086
f 2030/3587/2030 2904/3739/2904 4195/3738/4195
f 4195/3738/4195 1016/1146/1016 2905/3735/2905
f 2086/3485/2086 2905/3735/2905 646/1432/646
f 590/1330/590 4196/3740/4196 2904/3739/2904
f 1454/1329/1454 2107/3525/2107 4196/3740/4196
f 4196/3740/4196 667/3521/667 2906/1149/2906
f 2904/3739/2904 2906/1149/2906 1016/1146/1016
f 2909/3741/2909 1453/1426/1453 589/1424/589
f 1017/1140/1017 4197/3742/4197 2909/3741/2909
f 2907/1139/2907 1532/1231/1532 4197/3742/4197
f 4197/3742/4197 163/3360/163 1453/1426/1453
f 164/1276/164 4198/3743/4198 2029/3495/2029
f 2060/3370/2060 2908/3744/2908 4198/3743/4198
f 4198/3743/4198 1017/1140/1017 2909/3741/2909
f 2029/3495/2029 2909/3741/2909 589/1424/589
f 620/1526/620 4199/3745/4199 2908/3744/2908
f 1484/1525/1484 2028/3508/2028 4199/3745/4199
f 4199/3745/4199 588/1141/588 2910/1138/2910
f 2908/3744/2908 2910/1138/2910 1017/1140/1017
f 2913/3746/2913 1451/1418/1451 587/1416/587
f 2913/3746/2913 2911/1132/2911 4200/3747/4200
f 2911/1132/2911 1508/1692/1508 4200/3747/4200
f 4200/3747/4200 167/3126/167 1451/1418/1451
f 168/1771/168 4201/3748/4201 2027/3503/2027
f 2058/3151/2058 2912/3749/2912 4201/3748/4201
f 4201/3748/4201 1018/1130/1018 2913/3746/2913
f 2027/3503/2027 2913/3746/2913 587/1416/587
f 618/1715/618 4202/3750/4202 2912/3749/2912
f 1482/1714/1482 2026/3544/2026 4202/3750/4202
f 4202/3750/4202 586/3540/586 2914/1133/2914
f 2912/3749/2912 2914/1133/2914 1018/1130/1018
f 2917/3751/2917 1449/1410/1449 585/1408/585
f 1019/1122/1019 4203/3752/4203 2917/3751/2917
f 2915/1124/2915 1480/1619/1480 4203/3752/4203
f 4203/3752/4203 173/3222/173 1449/1410/1449
f 174/1669/174 4204/3753/4204 2025/3511/2025
f 2110/3252/2110 2916/3754/2916 4204/3753/4204
f 4204/3753/4204 1019/1122/1019 2917/3751/2917
f 2025/3511/2025 2917/3751/2917 585/1408/585
f 670/1627/670 4205/3755/4205 2916/3754/2916
f 1534/1626/1534 1511/3417/1511 4205/3755/4205
f 4205/3755/4205 647/3413/647 2918/1125/2918
f 2916/3754/2916 2918/1125/2918 1019/1122/1019
f 669/3756/669 4206/3757/4206 1533/1402/1533
f 2921/3758/2921 2919/1116/2919 4206/3757/4206
f 4206/3757/4206 614/1121/614 1478/1361/1478
f 1533/1402/1533 1478/1361/1478 177/1360/177
f 2023/3550/2023 2109/3520/2109 178/3518/178
f 583/1376/583 4207/3759/4207 2023/3550/2023
f 2920/3760/2920 2921/3758/2921 4207/3759/4207
f 4207/3759/4207 669/3756/669 2109/3520/2109
f 1447/1375/1447 2920/3760/2920 583/1376/583
f 186/3535/186 4208/3761/4208 1447/1375/1447
f 2094/3534/2094 2922/1117/2922 4208/3761/4208
f 4208/3761/4208 1020/1114/1020 2920/3760/2920
f 673/3762/673 4209/3763/4209 1537/1396/1537
f 2925/3764/2925 2923/1108/2923 4209/3763/4209
f 4209/3763/4209 581/1113/581 1445/1270/1445
f 1537/1396/1537 1445/1270/1445 183/1269/183
f 2053/3329/2053 2113/3529/2113 184/3330/184
f 613/1553/613 4210/3765/4210 2053/3329/2053
f 2924/3766/2924 2925/3764/2925 4210/3765/4210
f 4210/3765/4210 673/3762/673 2113/3529/2113
f 1477/1552/1477 2924/3766/2924 613/1553/613
f 181/3407/181 4211/3767/4211 1477/1552/1477
f 1504/3406/1504 2926/1109/2926 4211/3767/4211
f 4211/3767/4211 1021/1106/1021 2924/3766/2924
f 612/3768/612 4212/3769/4212 1476/1388/1476
f 1022/1100/1022 4212/3769/4212 2929/3770/2929
f 2927/1099/2927 1529/1779/1529 4212/3769/4212
f 1476/1388/1476 1529/1779/1529 189/1389/189
f 2114/3384/2114 2052/3539/2052 190/3385/190
f 2114/3384/2114 2928/3771/2928 4213/3772/4213
f 4213/3772/4213 1022/1100/1022 2929/3770/2929
f 4213/3772/4213 612/3768/612 2052/3539/2052
f 674/1512/674 4214/3773/4214 2928/3771/2928
f 1538/1511/1538 1493/3774/1493 4214/3773/4214
f 4214/3773/4214 629/1101/629 2930/1098/2930
f 2928/3771/2928 2930/1098/2930 1022/1100/1022
f 841/3284/841 4215/3775/4215 1705/1601/1705
f 2933/3776/2933 2931/1092/2931 4215/3775/4215
f 4215/3775/4215 600/1097/600 2040/3710/2040
f 1705/1601/1705 2040/3710/2040 281/1603/281
f 249/2348/249 4216/3777/4216 2281/3283/2281
f 2143/2433/2143 2932/3778/2932 4216/3777/4216
f 4216/3777/4216 1023/1090/1023 2933/3776/2933
f 2281/3283/2281 2933/3776/2933 841/3284/841
f 703/2431/703 4217/3779/4217 2932/3778/2932
f 1567/2429/1567 1575/3137/1575 4217/3779/4217
f 4217/3779/4217 711/3132/711 2934/1093/2934
f 2932/3778/2932 2934/1093/2934 1023/1090/1023
f 849/3401/849 4218/3780/4218 2289/1501/2289
f 2937/3781/2937 2935/1084/2935 4218/3780/4218
f 4218/3780/4218 591/1089/591 2031/3482/2031
f 2289/1501/2289 2031/3482/2031 263/1502/263
f 231/2532/231 4219/3782/4219 1713/3400/1713
f 2170/2562/2170 2936/3783/2936 4219/3782/4219
f 4219/3782/4219 1024/1082/1024 2937/3781/2937
f 1713/3400/1713 2937/3781/2937 849/3401/849
f 730/2560/730 4220/3784/4220 2936/3783/2936
f 1594/2558/1594 2288/3589/2288 4220/3784/4220
f 4220/3784/4220 848/3584/848 2938/1085/2938
f 2936/3783/2936 2938/1085/2938 1024/1082/1024
f 2941/3785/2941 1563/1698/1563 699/1696/699
f 1025/1076/1025 4221/3786/4221 2941/3785/2941
f 2939/1075/2939 2071/1192/2071 4221/3786/4221
f 4221/3786/4221 272/3463/272 1563/1698/1563
f 2145/2414/2145 2139/3171/2139 240/2415/240
f 705/2193/705 4222/3787/4222 2145/2414/2145
f 2940/3788/2940 2941/3785/2941 4222/3787/4222
f 4222/3787/4222 699/1696/699 2139/3171/2139
f 1569/2192/1569 2940/3788/2940 705/2193/705
f 250/2334/250 4223/3789/4223 1569/2192/1569
f 1709/3301/1709 2942/1074/2942 4223/3789/4223
f 4223/3789/4223 1025/1076/1025 2940/3788/2940
f 2945/3790/2945 2291/1300/2291 851/1298/851
f 1026/1068/1026 4224/3791/4224 2945/3790/2945
f 2943/1067/2943 2062/1435/2062 4224/3791/4224
f 4224/3791/4224 262/3737/262 2291/1300/2291
f 2172/2544/2172 1715/3618/1715 230/2545/230
f 732/2118/732 4225/3792/4225 2172/2544/2172
f 2944/3793/2944 2945/3790/2945 4225/3792/4225
f 4225/3792/4225 851/1298/851 1715/3618/1715
f 1596/2117/1596 2944/3793/2944 732/2118/732
f 232/2521/232 4226/3794/4226 1596/2117/1596
f 1592/3110/1592 2946/1066/2946 4226/3794/4226
f 4226/3794/4226 1026/1068/1026 2944/3793/2944
f 576/3795/576 4227/3796/4227 1440/1054/1440
f 2949/3797/2949 2947/1060/2947 4227/3798/4227
f 4227/3796/4227 578/3799/578 1442/3800/1442
f 1440/1054/1440 1442/3800/1442 162/1055/162
f 146/668/146 4228/3801/4228 2016/3802/2016
f 1378/3803/1378 2948/3804/2948 4228/3805/4228
f 4228/3805/4228 1027/1058/1027 2949/3797/2949
f 2016/3802/2016 2949/3806/2949 576/3795/576
f 514/662/514 4229/3807/4229 2948/3804/2948
f 1954/661/1954 1917/2531/1917 4229/3807/4229
f 4229/3807/4229 477/2124/477 2950/1061/2950
f 2948/3804/2948 2950/1061/2950 1027/1058/1027
f 511/3808/511 4230/3809/4230 1375/735/1375
f 2953/3810/2953 2951/1052/2951 4230/3809/4230
f 4230/3809/4230 577/1057/577 1441/3811/1441
f 1375/735/1375 1441/3811/1441 143/736/143
f 106/652/106 4231/3812/4231 1951/3813/1951
f 1338/3814/1338 2952/3815/2952 4231/3812/4231
f 4231/3812/4231 1028/1050/1028 2953/3810/2953
f 1951/3813/1951 2953/3810/2953 511/3808/511
f 474/670/474 4232/3816/4232 2952/3815/2952
f 1914/669/1914 2016/3802/2016 4232/3816/4232
f 4232/3816/4232 576/3795/576 2954/1053/2954
f 2952/3815/2952 2954/1053/2954 1028/1050/1028
f 471/3817/471 4233/3818/4233 1335/643/1335
f 2957/3819/2957 2955/1044/2955 4233/3818/4233
f 4233/3818/4233 454/1049/454 1318/1838/1318
f 1335/643/1335 1318/1838/1318 98/644/98
f 143/736/143 4234/3820/4234 1911/3821/1911
f 1441/3811/1441 2956/3822/2956 4234/3820/4234
f 4234/3823/4234 1029/1042/1029 2957/3819/2957
f 1911/3824/1911 2957/3819/2957 471/3817/471
f 577/1057/577 4235/3825/4235 2956/3822/2956
f 2017/1056/2017 2015/3826/2015 4235/3825/4235
f 4235/3825/4235 575/3827/575 2958/3828/2958
f 2956/3829/2956 2958/1045/2958 1029/1042/1029
f 2961/3830/2961 1436/1029/1436 572/1027/572
f 1030/1034/1030 4236/3831/4236 2961/3830/2961
f 2959/1041/2959 1438/3832/1438 4236/3833/4236
f 4236/3833/4236 161/3834/161 1436/3835/1436
f 1374/3836/1374 2012/3837/2012 142/3838/142
f 510/638/510 4237/3839/4237 1374/3836/1374
f 2960/3840/2960 2961/3830/2961 4237/3839/4237
f 4237/3839/4237 572/1027/572 2012/3837/2012
f 1950/637/1950 2960/3840/2960 510/638/510
f 99/3841/99 4238/3842/4238 1950/637/1950
f 1923/3843/1923 2962/1032/2962 4238/3842/4238
f 4238/3842/4238 1030/1034/1030 2960/3840/2960
f 2965/3844/2965 1371/812/1371 507/810/507
f 1031/1026/1031 4239/3845/4239 2965/3844/2965
f 2963/1025/2963 1437/3846/1437 4239/3845/4239
f 4239/3845/4239 139/3847/139 1371/812/1371
f 1334/3848/1334 1947/3849/1947 105/3850/105
f 470/746/470 4240/3851/4240 1334/3848/1334
f 2964/3852/2964 2965/3844/2965 4240/3851/4240
f 4240/3851/4240 507/810/507 1947/3849/1947
f 1910/745/1910 2964/3852/2964 470/746/470
f 142/3838/142 4241/3853/4241 1910/745/1910
f 2012/3837/2012 2966/1024/2966 4241/3853/4241
f 4241/3853/4241 1031/1026/1031 2964/3852/2964
f 2969/3854/2969 1331/620/1331 467/618/467
f 1032/1018/1032 4242/3855/4242 2969/3854/2969
f 2967/1017/2967 1314/2170/1314 4242/3855/4242
f 4242/3855/4242 94/2425/94 1331/620/1331
f 1437/3856/1437 1907/3857/1907 139/3858/139
f 573/3859/573 4243/3860/4243 1437/3856/1437
f 2968/3861/2968 2969/3854/2969 4243/3860/4243
f 4243/3860/4243 467/618/467 1907/3857/1907
f 2013/3862/2013 2968/3861/2968 573/3859/573
f 161/3834/161 4244/3863/4244 2013/3862/2013
f 2011/3864/2011 2970/1016/2970 4244/3863/4244
f 4244/3863/4244 1032/1018/1032 2968/3861/2968
f 568/3865/568 4245/3866/4245 1432/1004/1432
f 2973/3867/2973 2971/1010/2971 4245/3866/4245
f 4245/3866/4245 570/1015/570 1434/3868/1434
f 1432/1004/1432 1434/3868/1434 160/1005/160
f 138/820/138 4246/3869/4246 2008/3870/2008
f 1370/3871/1370 2972/3872/2972 4246/3869/4246
f 4246/3869/4246 1033/1008/1033 2973/3867/2973
f 2008/3870/2008 2973/3867/2973 568/3865/568
f 506/614/506 4247/3873/4247 2972/3872/2972
f 1946/613/1946 1924/3874/1924 4247/3873/4247
f 4247/3873/4247 484/3875/484 2974/1011/2974
f 2972/3872/2972 2974/1011/2974 1033/1008/1033
f 503/3876/503 4248/3877/4248 1367/886/1367
f 2977/3878/2977 2975/1002/2975 4248/3877/4248
f 4248/3877/4248 569/1007/569 1433/3879/1433
f 1367/886/1367 1433/3879/1433 135/887/135
f 104/604/104 4249/3880/4249 1943/3881/1943
f 1330/3882/1330 2976/3883/2976 4249/3880/4249
f 4249/3880/4249 1034/1000/1034 2977/3878/2977
f 1943/3881/1943 2977/3878/2977 503/3876/503
f 466/822/466 4250/3884/4250 2976/3883/2976
f 1906/821/1906 2008/3870/2008 4250/3884/4250
f 4250/3884/4250 568/3865/568 2978/1003/2978
f 2976/3883/2976 2978/1003/2978 1034/1000/1034
f 463/3885/463 4251/3886/4251 1327/595/1327
f 2981/3887/2981 2979/994/2979 4251/3886/4251
f 4251/3886/4251 457/999/457 1321/3888/1321
f 1327/595/1327 1321/3888/1321 101/596/101
f 135/887/135 4252/3889/4252 1903/3890/1903
f 1433/3879/1433 2980/3891/2980 4252/3889/4252
f 4252/3889/4252 1035/992/1035 2981/3887/2981
f 1903/3890/1903 2981/3887/2981 463/3885/463
f 569/1007/569 4253/3892/4253 2980/3891/2980
f 2009/1006/2009 2007/3893/2007 4253/3892/4253
f 4253/3892/4253 567/3894/567 2982/995/2982
f 2980/3891/2980 2982/995/2982 1035/992/1035
f 2985/3895/2985 1428/3896/1428 564/3897/564
f 1036/986/1036 4254/3898/4254 2985/3895/2985
f 2983/985/2983 1430/3899/1430 4254/3898/4254
f 4254/3898/4254 159/3900/159 1428/3896/1428
f 1366/3901/1366 2004/3902/2004 134/3903/134
f 502/590/502 4255/3904/4255 1366/3901/1366
f 2984/3905/2984 2985/3895/2985 4255/3904/4255
f 4255/3904/4255 564/3897/564 2004/3902/2004
f 1942/589/1942 2984/3905/2984 502/590/502
f 97/1926/97 4256/3906/4256 1942/589/1942
f 1921/2868/1921 2986/984/2986 4256/3906/4256
f 4256/3906/4256 1036/986/1036 2984/3905/2984
f 2989/3907/2989 1363/963/1363 499/961/499
f 1037/978/1037 4257/3908/4257 2989/3907/2989
f 2987/977/2987 1429/3909/1429 4257/3908/4257
f 4257/3908/4257 131/3910/131 1363/963/1363
f 1326/3911/1326 1939/3912/1939 103/3913/103
f 462/897/462 4258/3914/4258 1326/3911/1326
f 2988/3915/2988 2989/3907/2989 4258/3914/4258
f 4258/3914/4258 499/961/499 1939/3912/1939
f 1902/896/1902 2988/3915/2988 462/897/462
f 134/3916/134 4259/3917/4259 1902/896/1902
f 2004/3918/2004 2990/976/2990 4259/3917/4259
f 4259/3917/4259 1037/978/1037 2988/3915/2988
f 2993/3919/2993 1323/572/1323 459/570/459
f 1038/968/1038 4260/3920/4260 2993/3919/2993
f 2991/967/2991 1322/3921/1322 4260/3920/4260
f 4260/3920/4260 102/3922/102 1323/572/1323
f 1429/3909/1429 1899/3923/1899 131/3910/131
f 565/983/565 4261/3924/4261 1429/3909/1429
f 2992/3925/2992 2993/3919/2993 4261/3924/4261
f 4261/3924/4261 459/570/459 1899/3923/1899
f 2005/982/2005 2992/3925/2992 565/983/565
f 159/3900/159 4262/3926/4262 2005/3927/2005
f 2003/3928/2003 2994/971/2994 4262/3926/4262
f 4262/3929/4262 1038/968/1038 2992/3925/2992
f 2997/3930/2997 1424/955/1424 560/953/560
f 1039/960/1039 4263/3931/4263 2997/3930/2997
f 2995/959/2995 1426/3932/1426 4263/3931/4263
f 4263/3931/4263 158/3933/158 1424/955/1424
f 1365/3934/1365 2000/3935/2000 133/3936/133
f 501/582/501 4264/3937/4264 1365/3934/1365
f 2996/3938/2996 2997/3930/2997 4264/3937/4264
f 4264/3937/4264 560/953/560 2000/3935/2000
f 1941/581/1941 2996/3938/2996 501/582/501
f 103/3913/103 4265/3939/4265 1941/581/1941
f 1939/3912/1939 2998/958/2998 4265/3939/4265
f 4265/3939/4265 1039/960/1039 2996/3938/2996
f 3001/3940/3001 1348/1012/1348 484/3875/484
f 1040/952/1040 4266/3941/4266 3001/3940/3001
f 2999/951/2999 1425/3942/1425 4266/3941/4266
f 4266/3941/4266 116/1013/116 1348/1012/1348
f 1325/3943/1325 1924/3874/1924 100/612/100
f 461/925/461 4267/3944/4267 1325/3943/1325
f 3000/3945/3000 3001/3940/3001 4267/3944/4267
f 4267/3944/4267 484/3875/484 1924/3874/1924
f 1901/924/1901 3000/3945/3000 461/925/461
f 133/3936/133 4268/3946/4268 1901/924/1901
f 2000/3935/2000 3002/950/3002 4268/3946/4268
f 4268/3946/4268 1040/952/1040 3000/3945/3000
f 3005/3947/3005 1308/555/1308 444/3948/444
f 1041/944/1041 4269/3949/4269 3005/3947/3005
f 3003/943/3003 1310/3950/1310 4269/3949/4269
f 4269/3949/4269 90/556/90 1308/555/1308
f 1425/3942/1425 1884/3951/1884 116/1013/116
f 561/957/561 4270/3952/4270 1425/3942/1425
f 3004/3953/3004 3005/3947/3005 4270/3952/4270
f 4270/3952/4270 444/3948/444 1884/3951/1884
f 2001/956/2001 3004/3953/3004 561/957/561
f 158/3933/158 4271/3954/4271 2001/956/2001
f 1999/3955/1999 3006/942/3006 4271/3954/4271
f 4271/3954/4271 1041/944/1041 3004/3953/3004
f 3009/3956/3009 1420/931/1420 556/929/556
f 1042/936/1042 4272/3957/4272 3009/3956/3009
f 3007/935/3007 1422/3958/1422 4272/3957/4272
f 4272/3957/4272 157/3959/157 1420/931/1420
f 1888/2665/1888 1996/3960/1996 120/2666/120
f 448/2046/448 4273/3961/4273 1888/2665/1888
f 3008/3962/3008 3009/3956/3009 4273/3961/4273
f 4273/3961/4273 556/929/556 1996/3960/1996
f 1312/2045/1312 3008/3962/3008 448/2046/448
f 92/2641/92 4274/3963/4274 1312/2045/1312
f 1940/3964/1940 3010/934/3010 4274/3963/4274
f 4274/3963/4274 1042/936/1042 3008/3962/3008
f 3013/3965/3013 1360/835/1360 496/3966/496
f 1043/928/1043 4275/3967/4275 3013/3965/3013
f 3011/927/3011 1421/3968/1421 4275/3967/4275
f 4275/3967/4275 128/836/128 1360/835/1360
f 1928/3052/1928 1936/3969/1936 87/1806/87
f 488/1792/488 4276/3970/4276 1928/3052/1928
f 3012/3971/3012 3013/3965/3013 4276/3970/4276
f 4276/3970/4276 496/3966/496 1936/3969/1936
f 1352/1791/1352 3012/3971/3012 488/1792/488
f 120/2666/120 4277/3972/4277 1352/1791/1352
f 1996/3960/1996 3014/926/3014 4277/3972/4277
f 4277/3972/4277 1043/928/1043 3012/3971/3012
f 3017/3973/3017 1320/611/1320 456/3974/456
f 1044/920/1044 4278/3975/4278 3017/3973/3017
f 3015/919/3015 1325/3943/1325 4278/3975/4278
f 4278/3975/4278 100/612/100 1320/611/1320
f 1421/3968/1421 1896/3976/1896 128/836/128
f 557/933/557 4279/3977/4279 1421/3968/1421
f 3016/3978/3016 3017/3973/3017 4279/3979/4279
f 4279/3979/4279 456/3974/456 1896/3980/1896
f 1997/932/1997 3016/3981/3016 557/933/557
f 157/3959/157 4280/3982/4280 1997/932/1997
f 1995/3983/1995 3018/918/3018 4280/3984/4280
f 4280/3984/4280 1044/920/1044 3016/3978/3016
f 3021/3985/3021 1416/904/1416 552/901/552
f 1045/910/1045 4281/3986/4281 3021/3985/3021
f 3019/909/3019 1418/3987/1418 4281/3986/4281
f 4281/3986/4281 156/3988/156 1416/904/1416
f 1876/2507/1876 1992/3989/1992 108/2060/108
f 436/2142/436 4282/3990/4282 1876/2507/1876
f 3020/3991/3020 3021/3985/3021 4282/3992/4282
f 4282/3990/4282 552/3993/552 1992/3989/1992
f 436/3994/436 4283/3995/4283 3020/3991/3020
f 83/2139/83 4283/3995/4283 1300/2140/1300
f 4283/3995/4283 493/3996/493 3022/908/3022
f 3020/3991/3020 3022/908/3022 1045/910/1045
f 3025/3997/3025 1364/939/1364 500/937/500
f 1046/900/1046 4284/3998/4284 3025/3997/3025
f 3023/907/3023 1417/3999/1417 4284/4000/4284
f 4284/3998/4284 132/4001/132 1364/939/1364
f 1916/2640/1916 1940/3964/1940 92/2641/92
f 476/2062/476 4285/4002/4285 1916/2640/1916
f 3024/4003/3024 3025/3997/3025 4285/4002/4285
f 4285/4002/4285 500/937/500 1940/3964/1940
f 1340/2061/1340 3024/4003/3024 476/2062/476
f 108/2060/108 4286/4004/4286 1340/2061/1340
f 1992/3989/1992 3026/898/3026 4286/4004/4286
f 4286/4004/4286 1046/900/1046 3024/4003/3024
f 3029/4005/3029 1324/580/1324 460/578/460
f 1047/892/1047 4287/4006/4287 3029/4005/3029
f 3027/891/3027 1326/3911/1326 4287/4006/4287
f 4287/4006/4287 103/3913/103 1324/580/1324
f 1417/3999/1417 1900/4007/1900 132/4008/132
f 553/906/553 4288/4009/4288 1417/3999/1417
f 3028/4010/3028 3029/4005/3029 4288/4009/4288
f 4288/4009/4288 460/578/460 1900/4007/1900
f 1993/905/1993 3028/4010/3028 553/906/553
f 156/3988/156 4289/4011/4289 1993/905/1993
f 1991/4012/1991 3030/890/3030 4289/4011/4289
f 4289/4011/4289 1047/892/1047 3028/4010/3028
f 548/4013/548 4290/4014/4290 1412/4015/1412
f 3033/4016/3033 3031/884/3031 4290/4014/4290
f 4290/4014/4290 550/889/550 1414/4017/1414
f 1412/878/1412 1414/4018/1414 155/879/155
f 137/4019/137 4291/4020/4291 1988/4021/1988
f 1369/4022/1369 3032/4023/3032 4291/4020/4291
f 4291/4020/4291 1048/882/1048 3033/4016/3033
f 1988/4021/1988 3033/4016/3033 548/4013/548
f 505/606/505 4292/4024/4292 3032/4023/3032
f 1945/605/1945 1943/3881/1943 4292/4024/4292
f 4292/4024/4292 503/3876/503 3034/885/3034
f 3032/4023/3032 3034/885/3034 1048/882/1048
f 447/1984/447 4293/4025/4293 1887/2760/1887
f 3037/4026/3037 3035/876/3035 4293/4025/4293
f 4293/4025/4293 549/881/549 1413/4027/1413
f 1887/2760/1887 1413/4027/1413 119/2761/119
f 91/2691/91 4294/4028/4294 1311/1983/1311
f 1329/4029/1329 3036/4030/3036 4294/4028/4294
f 4294/4028/4294 1049/874/1049 3037/4026/3037
f 1311/1983/1311 3037/4026/3037 447/1984/447
f 465/847/465 4295/4031/4295 3036/4030/3036
f 1905/846/1905 1988/4032/1988 4295/4031/4295
f 4295/4031/4295 548/4033/548 3038/877/3038
f 3036/4030/3036 3038/877/3038 1049/874/1049
f 487/1999/487 4296/4034/4296 1927/2739/1927
f 3041/4035/3041 3039/868/3039 4296/4034/4296
f 4296/4034/4296 445/873/445 1309/4036/1309
f 1927/2739/1927 1309/4036/1309 86/2013/86
f 119/2761/119 4297/4037/4297 1351/1998/1351
f 1413/4027/1413 3040/4038/3040 4297/4037/4297
f 4297/4037/4297 1050/866/1050 3041/4035/3041
f 1351/1998/1351 3041/4035/3041 487/1999/487
f 549/881/549 4298/4039/4298 3040/4038/3040
f 1989/880/1989 1987/4040/1987 4298/4039/4298
f 4298/4039/4298 547/4041/547 3042/869/3042
f 3040/4038/3040 3042/869/3042 1050/866/1050
f 544/4042/544 4299/4043/4299 1408/852/1408
f 3045/4044/3045 3043/858/3043 4299/4045/4299
f 4299/4043/4299 546/865/546 1410/4046/1410
f 1408/852/1408 1410/4046/1410 154/853/154
f 124/2292/124 4300/4047/4300 1984/4048/1984
f 1892/2291/1892 3044/4049/3044 4300/4047/4300
f 4300/4047/4300 1051/856/1051 3045/4044/3045
f 1984/4048/1984 3045/4044/3045 544/4050/544
f 452/2266/452 4301/4051/4301 3044/4049/3044
f 1316/2265/1316 1944/4052/1944 4301/4051/4301
f 4301/4051/4301 504/4053/504 3046/859/3046
f 3044/4049/3044 3046/859/3046 1051/856/1051
f 435/2080/435 4302/4054/4302 1875/2614/1875
f 3049/4055/3049 3047/850/3047 4302/4056/4302
f 4302/4054/4302 545/4057/545 1409/4058/1409
f 1875/2614/1875 1409/4058/1409 107/2029/107
f 82/2077/82 4303/4059/4303 1299/2078/1299
f 492/4060/492 4303/4059/4303 1932/4061/1932
f 3048/4062/3048 3049/4055/3049 4303/4059/4303
f 4303/4059/4303 435/4063/435 1299/2078/1299
f 492/2096/492 4304/4064/4304 3048/4065/3048
f 1356/2095/1356 1984/4048/1984 4304/4064/4304
f 4304/4064/4304 544/4050/544 3050/4066/3050
f 3048/4062/3048 3050/851/3050 1052/848/1052
f 475/2031/475 4305/4067/4305 1915/2690/1915
f 3053/4068/3053 3051/841/3051 4305/4067/4305
f 4305/4067/4305 465/847/465 1329/4029/1329
f 1915/2690/1915 1329/4029/1329 91/2691/91
f 107/2029/107 4306/4069/4306 1339/2030/1339
f 1409/4058/1409 3052/4070/3052 4306/4069/4306
f 4306/4069/4306 1053/839/1053 3053/4068/3053
f 1339/2030/1339 3053/4068/3053 475/2031/475
f 545/855/545 4307/4071/4307 3052/4072/3052
f 1985/854/1985 1983/4073/1983 4307/4071/4307
f 4307/4071/4307 543/4074/543 3054/842/3054
f 3052/4070/3052 3054/4075/3054 1053/839/1053
f 540/4076/540 4308/4077/4308 1404/827/1404
f 3057/4078/3057 3055/833/3055 4308/4077/4308
f 4308/4077/4308 542/838/542 1406/4079/1406
f 1404/827/1404 1406/4079/1406 153/828/153
f 112/1822/112 4309/4080/4309 1980/4081/1980
f 1880/3030/1880 3056/4082/3056 4309/4080/4309
f 4309/4080/4309 1054/831/1054 3057/4078/3057
f 1980/4081/1980 3057/4078/3057 540/4076/540
f 440/1808/440 4310/4083/4310 3056/4082/3056
f 1304/1807/1304 1936/3969/1936 4310/4083/4310
f 4310/4083/4310 496/3966/496 3058/834/3058
f 3056/4082/3056 3058/834/3058 1054/831/1054
f 504/4053/504 4311/4084/4311 1368/860/1368
f 3061/4085/3061 3059/825/3059 4311/4084/4311
f 4311/4084/4311 541/830/541 1405/4086/1405
f 1368/860/1368 1405/4086/1405 136/861/136
f 96/2264/96 4312/4087/4312 1944/4052/1944
f 1920/3006/1920 3060/4088/3060 4312/4087/4312
f 4312/4087/4312 1055/823/1055 3061/4085/3061
f 1944/4052/1944 3061/4085/3061 504/4053/504
f 480/1824/480 4313/4089/4313 3060/4088/3060
f 1344/1823/1344 1980/4081/1980 4313/4089/4313
f 4313/4089/4313 540/4076/540 3062/826/3062
f 3060/4088/3060 3062/826/3062 1055/823/1055
f 464/4090/464 4314/4091/4314 1328/603/1328
f 3065/4092/3065 3063/817/3063 4314/4091/4314
f 4314/4091/4314 466/822/466 1330/3882/1330
f 1328/603/1328 1330/3882/1330 104/604/104
f 136/4093/136 4315/4094/4315 1904/4095/1904
f 1405/4096/1405 3064/4097/3064 4315/4094/4315
f 4315/4094/4315 1056/815/1056 3065/4092/3065
f 1904/4095/1904 3065/4092/3065 464/4090/464
f 541/4098/541 4316/4099/4316 3064/4097/3064
f 1981/829/1981 1979/4100/1979 4316/4101/4316
f 4316/4099/4316 539/4102/539 3066/818/3066
f 3064/4097/3064 3066/818/3066 1056/815/1056
f 3069/4103/3069 1400/803/1400 536/800/536
f 1057/809/1057 4317/4104/4317 3069/4103/3069
f 3067/808/3067 1402/4105/1402 4317/4104/4317
f 4317/4104/4317 152/4106/152 1400/803/1400
f 1373/4107/1373 1976/4108/1976 141/4109/141
f 509/630/509 4318/4110/4318 1373/4107/1373
f 3068/4111/3068 3069/4103/3069 4318/4110/4318
f 4318/4110/4318 536/800/536 1976/4108/1976
f 1949/629/1949 3068/4111/3068 509/630/509
f 105/3850/105 4319/4112/4319 1949/629/1949
f 1947/3849/1947 3070/807/3070 4319/4112/4319
f 4319/4112/4319 1057/809/1057 3068/4111/3068
f 3073/4113/3073 1891/2404/1891 451/2201/451
f 1058/799/1058 4320/4114/4320 3073/4113/3073
f 3071/798/3071 1401/4115/1401 4320/4114/4320
f 4320/4114/4320 123/2405/123 1891/2404/1891
f 1333/4116/1333 1315/2200/1315 95/2199/95
f 469/770/469 4321/4117/4321 1333/4116/1333
f 3072/4118/3072 3073/4113/3073 4321/4117/4321
f 4321/4117/4321 451/2201/451 1315/2200/1315
f 1909/769/1909 3072/4118/3072 469/770/469
f 141/4119/141 4322/4120/4322 1909/769/1909
f 1976/4108/1976 3074/802/3074 4322/4121/4322
f 4322/4120/4322 1058/799/1058 3072/4118/3072
f 491/4122/491 4323/4123/4323 1931/4124/1931
f 3077/4125/3077 3075/788/3075 4323/4123/4323
f 4323/4123/4323 438/4126/438 1302/2233/1302
f 4323/4123/4323 84/2232/84 1931/4124/1931
f 1401/4115/1401 1355/2216/1355 123/2405/123
f 537/4127/537 4324/4128/4324 1401/4115/1401
f 3076/4129/3076 3077/4125/3077 4324/4130/4324
f 4324/4128/4324 491/2217/491 1355/2216/1355
f 1977/804/1977 3076/4129/3076 537/805/537
f 152/4106/152 4325/4131/4325 1977/804/1977
f 1975/4132/1975 3078/787/3078 4325/4131/4325
f 4325/4131/4325 1059/789/1059 3076/4129/3076
f 3081/4133/3081 1396/776/1396 532/774/532
f 1060/781/1060 4326/4134/4326 3081/4135/3081
f 3079/780/3079 1398/4136/1398 4326/4134/4326
f 4326/4137/4326 151/4138/151 1396/776/1396
f 1349/4139/1349 1972/4140/1972 117/871/117
f 485/598/485 4327/4141/4327 1349/4142/1349
f 3080/4143/3080 3081/4135/3081 4327/4141/4327
f 4327/4144/4327 532/774/532 1972/4140/1972
f 1925/597/1925 3080/4143/3080 485/598/485
f 101/596/101 4328/4145/4328 1925/597/1925
f 1948/4146/1948 3082/779/3082 4328/4145/4328
f 4328/4145/4328 1060/781/1060 3080/4143/3080
f 3085/4147/3085 1879/2715/1879 439/2015/439
f 1061/773/1061 4329/4148/4329 3085/4147/3085
f 3083/772/3083 1397/4149/1397 4329/4148/4329
f 4329/4148/4329 111/2248/111 1879/2715/1879
f 1309/4036/1309 1303/2014/1303 86/2013/86
f 445/873/445 4330/4150/4330 1309/4036/1309
f 3084/4151/3084 3085/4147/3085 4330/4150/4330
f 4330/4150/4330 439/2015/439 1303/2014/1303
f 1885/872/1885 3084/4151/3084 445/873/445
f 117/871/117 4331/4152/4331 1885/872/1885
f 1972/4140/1972 3086/771/3086 4331/4152/4331
f 4331/4152/4331 1061/773/1061 3084/4151/3084
f 3089/4153/3089 1919/2320/1919 479/2250/479
f 1062/765/1062 4332/4154/4332 3089/4153/3089
f 3087/764/3087 1333/4116/1333 4332/4154/4332
f 4332/4154/4332 95/2199/95 1919/2320/1919
f 1397/4149/1397 1343/2249/1343 111/2248/111
f 533/778/533 4333/4155/4333 1397/4149/1397
f 3088/4156/3088 3089/4153/3089 4333/4155/4333
f 4333/4155/4333 479/2250/479 1343/2249/1343
f 1973/777/1973 3088/4156/3088 533/778/533
f 151/4138/151 4334/4157/4334 1973/777/1973
f 1971/4158/1971 3090/763/3090 4334/4157/4334
f 4334/4157/4334 1062/765/1062 3088/4156/3088
f 3093/4159/3093 1392/752/1392 528/750/528
f 1063/757/1063 4335/4160/4335 3093/4159/3093
f 3091/756/3091 1394/4161/1394 4335/4160/4335
f 4335/4160/4335 150/4162/150 1392/752/1392
f 1361/4163/1361 1968/4164/1968 129/997/129
f 497/558/497 4336/4165/4336 1361/4163/1361
f 3092/4166/3092 3093/4159/3093 4336/4165/4336
f 4336/4165/4336 528/750/528 1968/4164/1968
f 1937/557/1937 3092/4166/3092 497/558/497
f 90/556/90 4337/4167/4337 1937/557/1937
f 1935/4168/1935 3094/755/3094 4337/4167/4337
f 4337/4167/4337 1063/757/1063 3092/4166/3092
f 3097/4169/3097 1372/784/1372 508/782/508
f 1064/749/1064 4338/4170/4338 3097/4169/3097
f 3095/748/3095 1393/4171/1393 4338/4170/4338
f 4338/4170/4338 140/4172/140 1372/784/1372
f 1321/3888/1321 1948/4146/1948 101/596/101
f 457/999/457 4339/4173/4339 1321/3888/1321
f 3096/4174/3096 3097/4169/3097 4339/4173/4339
f 4339/4173/4339 508/782/508 1948/4146/1948
f 1897/998/1897 3096/4174/3096 457/999/457
f 129/997/129 4340/4175/4340 1897/998/1897
f 1968/4164/1968 3098/747/3098 4340/4175/4340
f 4340/4175/4340 1064/749/1064 3096/4174/3096
f 3101/4176/3101 1332/628/1332 468/626/468
f 1065/741/1065 4341/4177/4341 3101/4176/3101
f 3099/740/3099 1334/3848/1334 4341/4177/4341
f 4341/4177/4341 105/3850/105 1332/628/1332
f 1393/4171/1393 1908/4178/1908 140/4172/140
f 529/754/529 4342/4179/4342 1393/4171/1393
f 3100/4180/3100 3101/4176/3101 4342/4179/4342
f 4342/4179/4342 468/626/468 1908/4178/1908
f 1969/753/1969 3100/4180/3100 529/754/529
f 150/4162/150 4343/4181/4343 1969/753/1969
f 1967/4182/1967 3102/739/3102 4343/4181/4343
f 4343/4181/4343 1065/741/1065 3100/4180/3100
f 524/4183/524 4344/4184/4344 1388/725/1388
f 3105/4185/3105 3103/733/3103 4344/4184/4344
f 4344/4184/4344 526/738/526 1390/4186/1390
f 1388/725/1388 1390/4186/1390 149/4187/149
f 145/694/145 4345/4188/4345 1964/4189/1964
f 1377/4190/1377 3104/4191/3104 4345/4188/4345
f 4345/4188/4345 1066/731/1066 3105/4185/3105
f 1964/4189/1964 3105/4185/3105 524/4183/524
f 513/654/513 4346/4192/4346 3104/4191/3104
f 1953/653/1953 1951/3813/1951 4346/4192/4346
f 4346/4192/4346 511/3808/511 3106/734/3106
f 3104/4191/3104 3106/734/3106 1066/731/1066
f 483/1035/483 4347/4193/4347 1347/4194/1347
f 3109/4195/3109 3107/723/3107 4347/4193/4347
f 4347/4196/4347 525/730/525 1389/4197/1389
f 1347/1037/1347 1389/4197/1389 115/4198/115
f 99/3841/99 4348/4199/4348 1923/3843/1923
f 1337/4200/1337 3108/4201/3108 4348/4199/4348
f 4348/4199/4348 1067/721/1067 3109/4195/3109
f 1923/3843/1923 3109/4195/3109 483/1035/483
f 473/696/473 4349/4202/4349 3108/4201/3108
f 1913/695/1913 1964/4189/1964 4349/4202/4349
f 4349/4202/4349 524/4183/524 3110/724/3110
f 3108/4201/3108 3110/724/3110 1067/721/1067
f 443/546/443 4350/4203/4350 1307/548/1307
f 3113/4204/3113 3111/715/3111 4350/4203/4350
f 4350/4203/4350 442/720/442 1306/1955/1306
f 1307/548/1307 1306/1955/1306 89/1954/89
f 115/4198/115 4351/4205/4351 1883/4206/1883
f 1389/4197/1389 3112/4207/3112 4351/4205/4351
f 4351/4205/4351 1068/713/1068 3113/4204/3113
f 1883/4206/1883 3113/4204/3113 443/546/443
f 525/730/525 4352/4208/4352 3112/4207/3112
f 1965/728/1965 1963/4209/1963 4352/4208/4352
f 4352/4208/4352 523/4210/523 3114/716/3114
f 3112/4207/3112 3114/716/3114 1068/713/1068
f 520/4211/520 4353/4212/4353 1384/701/1384
f 3117/4213/3117 3115/707/3115 4353/4212/4353
f 4353/4212/4353 522/712/522 1386/4214/1386
f 1384/701/1384 1386/4214/1386 148/702/148
f 118/4215/118 4354/4216/4354 1960/4217/1960
f 1350/4218/1350 3116/4219/3116 4354/4216/4354
f 4354/4216/4354 1069/705/1069 3117/4213/3117
f 1960/4217/1960 3117/4213/3117 520/4211/520
f 486/574/486 4355/4220/4355 3116/4219/3116
f 1926/573/1926 1952/4221/1952 4355/4220/4355
f 4355/4220/4355 512/4222/512 3118/708/3118
f 3116/4219/3116 3118/708/3118 1069/705/1069
f 495/758/495 4356/4223/4356 1359/760/1359
f 3121/4224/3121 3119/699/3119 4356/4223/4356
f 4356/4223/4356 521/704/521 1385/4225/1385
f 1359/760/1359 1385/4225/1385 127/4226/127
f 90/556/90 4357/4227/4357 1935/4168/1935
f 1310/3950/1310 3120/4228/3120 4357/4227/4357
f 4357/4227/4357 1070/697/1070 3121/4224/3121
f 1935/4168/1935 3121/4224/3121 495/758/495
f 446/949/446 4358/4229/4358 3120/4228/3120
f 1886/948/1886 1960/4217/1960 4358/4229/4358
f 4358/4229/4358 520/4211/520 3122/700/3122
f 3120/4228/3120 3122/700/3122 1070/697/1070
f 455/634/455 4359/4230/4359 1319/636/1319
f 3125/4231/3125 3123/691/3123 4359/4230/4359
f 4359/4230/4359 473/696/473 1337/4200/1337
f 1319/636/1319 1337/4200/1337 99/3841/99
f 127/4226/127 4360/4232/4360 1895/4233/1895
f 1385/4225/1385 3124/4234/3124 4360/4232/4360
f 4360/4232/4360 1071/689/1071 3125/4231/3125
f 1895/4233/1895 3125/4231/3125 455/634/455
f 521/704/521 4361/4235/4361 3124/4234/3124
f 1961/703/1961 1959/4236/1959 4361/4235/4361
f 4361/4235/4361 519/4237/519 3126/692/3126
f 3124/4234/3124 3126/692/3126 1071/689/1071
f 516/4238/516 4362/4239/4362 1380/675/1380
f 3129/4240/3129 3127/683/3127 4362/4239/4362
f 4362/4239/4362 518/688/518 1382/4241/1382
f 1380/675/1380 1382/4241/1382 147/677/147
f 130/4242/130 4363/4243/4363 1956/4244/1956
f 1362/4245/1362 3128/4246/3128 4363/4243/4363
f 4363/4243/4363 1072/681/1072 3129/4240/3129
f 1956/4244/1956 3129/4240/3129 516/4238/516
f 498/566/498 4364/4247/4364 3128/4246/3128
f 1938/565/1938 1929/2824/1929 4364/4247/4364
f 4364/4247/4364 489/1940/489 3130/684/3130
f 3128/4246/3128 3130/684/3130 1072/681/1072
f 512/4222/512 4365/4248/4365 1376/709/1376
f 3133/4249/3133 3131/673/3131 4365/4248/4365
f 4365/4248/4365 517/680/517 1381/4250/1381
f 1376/709/1376 1381/4250/1381 144/710/144
f 102/3922/102 4366/4251/4366 1952/4221/1952
f 1322/3921/1322 3132/4252/3132 4366/4251/4366
f 4366/4251/4366 1073/671/1073 3133/4249/3133
f 1952/4221/1952 3133/4249/3133 512/4222/512
f 458/975/458 4367/4253/4367 3132/4252/3132
f 1898/973/1898 1956/4244/1956 4367/4254/4367
f 4367/4254/4367 516/4238/516 3134/674/3134
f 3132/4252/3132 3134/4255/3134 1073/671/1073
f 472/4256/472 4368/4257/4368 1336/651/1336
f 3137/4258/3137 3135/665/3135 4368/4257/4368
f 4368/4257/4368 474/670/474 1338/3814/1338
f 1336/651/1336 1338/3814/1338 106/652/106
f 144/710/144 4369/4259/4369 1912/4260/1912
f 1381/4250/1381 3136/4261/3136 4369/4259/4369
f 4369/4259/4369 1074/663/1074 3137/4258/3137
f 1912/4260/1912 3137/4258/3137 472/4256/472
f 517/680/517 4370/4262/4370 3136/4261/3136
f 1957/679/1957 1955/4263/1955 4370/4262/4370
f 4370/4262/4370 515/4264/515 3138/666/3138
f 3136/4261/3136 3138/666/3138 1074/663/1074
f 515/4265/515 4371/4266/4371 1379/4267/1379
f 3141/4268/3141 3139/657/3139 4371/4266/4371
f 4371/4266/4371 514/662/514 1378/3803/1378
f 1379/4267/1379 1378/3803/1378 146/4269/146
f 147/677/147 4372/4270/4372 1955/4271/1955
f 1382/4241/1382 3140/4272/3140 4372/4270/4372
f 4372/4270/4372 1075/655/1075 3141/4268/3141
f 1955/4271/1955 3141/4268/3141 515/4265/515
f 518/688/518 4373/4273/4373 3140/4272/3140
f 1958/687/1958 1889/2554/1889 4373/4273/4373
f 4373/4273/4373 449/2110/449 3142/658/3142
f 3140/4272/3140 3142/658/3142 1075/655/1075
f 519/4237/519 4374/4274/4374 1383/693/1383
f 3145/4275/3145 3143/649/3143 4374/4274/4374
f 4374/4274/4374 513/654/513 1377/4190/1377
f 1383/693/1383 1377/4190/1377 145/694/145
f 148/702/148 4375/4276/4375 1959/4236/1959
f 1386/4214/1386 3144/4277/3144 4375/4276/4375
f 4375/4276/4375 1076/647/1076 3145/4275/3145
f 1959/4236/1959 3145/4275/3145 519/4237/519
f 522/712/522 4376/4278/4376 3144/4277/3144
f 1962/711/1962 1912/4260/1912 4376/4278/4376
f 4376/4278/4376 472/4256/472 3146/650/3146
f 3144/4277/3144 3146/650/3146 1076/647/1076
f 523/4210/523 4377/4279/4377 1387/717/1387
f 3149/4280/3149 3147/641/3147 4377/4279/4377
f 4377/4279/4377 482/646/482 1346/1884/1346
f 1387/717/1387 1346/1884/1346 114/718/114
f 149/727/149 4378/4281/4378 1963/4209/1963
f 1390/4282/1390 3148/4283/3148 4378/4281/4378
f 4378/4281/4378 1077/639/1077 3149/4280/3149
f 1963/4209/1963 3149/4280/3149 523/4210/523
f 526/4284/526 4379/4285/4379 3148/4283/3148
f 1966/4286/1966 1911/3824/1911 4379/4285/4379
f 4379/4285/4379 471/3817/471 3150/642/3150
f 3148/4283/3148 3150/642/3150 1077/639/1077
f 3153/4287/3153 1391/744/1391 527/742/527
f 1078/633/1078 4380/4288/4380 3153/4287/3153
f 3151/632/3151 1374/3836/1374 4380/4288/4380
f 4380/4288/4380 142/3838/142 1391/744/1391
f 1394/4161/1394 1967/4182/1967 150/4162/150
f 530/762/530 4381/4289/4381 1394/4161/1394
f 3152/4290/3152 3153/4287/3153 4381/4289/4381
f 4381/4289/4381 527/742/527 1967/4182/1967
f 1970/761/1970 3152/4290/3152 530/762/530
f 127/4226/127 4382/4291/4382 1970/761/1970
f 1895/4233/1895 3154/631/3154 4382/4291/4382
f 4382/4291/4382 1078/633/1078 3152/4290/3152
f 3157/4292/3157 1395/4293/1395 531/4294/531
f 1079/625/1079 4383/4295/4383 3157/4292/3157
f 3155/624/3155 1373/4107/1373 4383/4295/4383
f 4383/4295/4383 141/4109/141 1395/4293/1395
f 1398/4296/1398 1971/4158/1971 151/4138/151
f 534/786/534 4384/4297/4384 1398/4136/1398
f 3156/4298/3156 3157/4292/3157 4384/4297/4384
f 4384/4297/4384 531/4294/531 1971/4299/1971
f 1974/785/1974 3156/4298/3156 534/786/534
f 140/4172/140 4385/4300/4385 1974/785/1974
f 1908/4178/1908 3158/623/3158 4385/4300/4385
f 4385/4300/4385 1079/625/1079 3156/4298/3156
f 3161/4301/3161 1399/793/1399 535/790/535
f 1080/617/1080 4386/4302/4386 3161/4301/3161
f 3159/616/3159 1342/2185/1342 4386/4302/4386
f 4386/4302/4386 110/2184/110 1399/793/1399
f 1402/4105/1402 1975/4132/1975 152/4106/152
f 538/814/538 4387/4303/4387 1402/4105/1402
f 3160/4304/3160 3161/4301/3161 4387/4305/4387
f 4387/4303/4387 535/4306/535 1975/4132/1975
f 1978/813/1978 3160/4307/3160 538/814/538
f 139/3858/139 4388/4308/4388 1978/4309/1978
f 1907/3857/1907 3162/615/3162 4388/4308/4388
f 4388/4308/4388 1080/617/1080 3160/4304/3160
f 539/4102/539 4389/4310/4389 1403/819/1403
f 3165/4311/3165 3163/609/3163 4389/4310/4389
f 4389/4310/4389 506/614/506 1370/3871/1370
f 1403/819/1403 1370/3871/1370 138/820/138
f 153/828/153 4390/4312/4390 1979/4100/1979
f 1406/4079/1406 3164/4313/3164 4390/4312/4390
f 4390/4314/4390 1081/607/1081 3165/4311/3165
f 1979/4315/1979 3165/4311/3165 539/4102/539
f 542/838/542 4391/4316/4391 3164/4313/3164
f 1982/837/1982 1896/3976/1896 4391/4316/4391
f 4391/4317/4391 456/3974/456 3166/610/3166
f 3164/4318/3164 3166/610/3166 1081/607/1081
f 543/4074/543 4392/4319/4392 1407/843/1407
f 3169/4320/3169 3167/601/3167 4392/4319/4392
f 4392/4319/4392 505/606/505 1369/4022/1369
f 1407/843/1407 1369/4022/1369 137/4019/137
f 154/853/154 4393/4321/4393 1983/4073/1983
f 1410/4046/1410 3168/4322/3168 4393/4321/4393
f 4393/4321/4393 1082/599/1082 3169/4320/3169
f 1983/4073/1983 3169/4320/3169 543/4074/543
f 546/865/546 4394/4323/4394 3168/4322/3168
f 1986/864/1986 1904/4095/1904 4394/4323/4394
f 4394/4323/4394 464/4090/464 3170/602/3170
f 3168/4322/3168 3170/602/3170 1082/599/1082
f 547/4041/547 4395/4324/4395 1411/870/1411
f 3173/4325/3173 3171/593/3171 4395/4326/4395
f 4395/4326/4395 485/598/485 1349/4142/1349
f 1411/870/1411 1349/4139/1349 117/871/117
f 155/879/155 4396/4327/4396 1987/4040/1987
f 1414/4017/1414 3172/4328/3172 4396/4329/4396
f 4396/4329/4396 1083/591/1083 3173/4325/3173
f 1987/4040/1987 3173/4330/3173 547/4041/547
f 550/889/550 4397/4331/4397 3172/4328/3172
f 1990/888/1990 1903/3890/1903 4397/4331/4397
f 4397/4331/4397 463/3885/463 3174/594/3174
f 3172/4328/3172 3174/594/3174 1083/591/1083
f 3177/4332/3177 1415/895/1415 551/893/551
f 1084/585/1084 4398/4333/4398 3177/4334/3177
f 3175/584/3175 1366/3901/1366 4398/4333/4398
f 4398/4333/4398 134/3903/134 1415/4335/1415
f 1418/3987/1418 1991/4012/1991 156/3988/156
f 554/4336/554 4399/4337/4399 1418/3987/1418
f 3176/4338/3176 3177/4334/3177 4399/4339/4399
f 4399/4337/4399 551/893/551 1991/4012/1991
f 1994/915/1994 3176/4338/3176 554/916/554
f 125/2846/125 4400/4340/4400 1994/915/1994
f 1893/2845/1893 3178/583/3178 4400/4340/4400
f 4400/4340/4400 1084/585/1084 3176/4338/3176
f 3181/4341/3181 1419/923/1419 555/921/555
f 1085/577/1085 4401/4342/4401 3181/4341/3181
f 3179/576/3179 1365/3934/1365 4401/4342/4401
f 4401/4342/4401 133/3936/133 1419/923/1419
f 1422/3958/1422 1995/4343/1995 157/3959/157
f 558/4344/558 4402/4345/4402 1422/4346/1422
f 3180/4347/3180 3181/4341/3181 4402/4345/4402
f 4402/4345/4402 555/921/555 1995/3983/1995
f 1998/4348/1998 3180/4347/3180 558/4344/558
f 132/4008/132 4403/4349/4403 1998/4348/1998
f 1900/4007/1900 3182/575/3182 4403/4349/4403
f 4403/4349/4403 1085/577/1085 3180/4347/3180
f 3185/4350/3185 1423/947/1423 559/945/559
f 1086/569/1086 4404/4351/4404 3185/4350/3185
f 3183/568/3183 1350/4218/1350 4404/4351/4404
f 4404/4351/4404 118/4215/118 1423/947/1423
f 1426/3932/1426 1999/3955/1999 158/3933/158
f 562/965/562 4405/4352/4405 1426/3932/1426
f 3184/4353/3184 3185/4350/3185 4405/4352/4405
f 4405/4352/4405 559/945/559 1999/3955/1999
f 2002/964/2002 3184/4353/3184 562/965/562
f 131/3910/131 4406/4354/4406 2002/964/2002
f 1899/3923/1899 3186/567/3186 4406/4354/4406
f 4406/4354/4406 1086/569/1086 3184/4353/3184
f 3189/4355/3189 1427/972/1427 563/969/563
f 1087/561/1087 4407/4356/4407 3189/4355/3189
f 3187/560/3187 1362/4245/1362 4407/4356/4407
f 4407/4356/4407 130/4242/130 1427/972/1427
f 1430/3899/1430 2003/3928/2003 159/3900/159
f 566/991/566 4408/4357/4408 1430/3899/1430
f 3188/4358/3188 3189/4355/3189 4408/4357/4408
f 4408/4357/4408 563/969/563 2003/3928/2003
f 2006/990/2006 3188/4358/3188 566/991/566
f 113/1912/113 4409/4359/4409 2006/990/2006
f 1881/2888/1881 3190/559/3190 4409/4359/4409
f 4409/4359/4409 1087/561/1087 3188/4358/3188
f 567/3894/567 4410/4360/4410 1431/996/1431
f 3193/4361/3193 3191/553/3191 4410/4360/4410
f 4410/4360/4410 497/558/497 1361/4163/1361
f 1431/996/1431 1361/4163/1361 129/997/129
f 160/1005/160 4411/4362/4411 2007/3893/2007
f 1434/3868/1434 3192/4363/3192 4411/4362/4411
f 4411/4362/4411 1088/551/1088 3193/4361/3193
f 2007/3893/2007 3193/4361/3193 567/3894/567
f 570/1015/570 4412/4364/4412 3192/4363/3192
f 2010/1014/2010 1884/3951/1884 4412/4364/4412
f 4412/4364/4412 444/3948/444 3194/554/3194
f 3192/4363/3192 3194/554/3194 1088/551/1088
f 3197/4365/3197 1435/1021/1435 571/1019/571
f 1089/545/1089 4413/4366/4413 3197/4365/3197
f 3195/544/3195 1354/1969/1354 4413/4366/4413
f 4413/4366/4413 122/2447/122 1435/1021/1435
f 1438/3832/1438 2011/3864/2011 161/3834/161
f 574/1040/574 4414/4367/4414 1438/3832/1438
f 3196/4368/3196 3197/4365/3197 4414/4367/4414
f 4414/4367/4414 571/1019/571 2011/3864/2011
f 2014/1038/2014 3196/4368/3196 574/1040/574
f 115/4198/115 4415/4369/4415 2014/1038/2014
f 1883/4206/1883 3198/543/3198 4415/4369/4415
f 4415/4369/4415 1089/545/1089 3196/4368/3196
f 575/4370/575 4416/4371/4416 1439/1046/1439
f 3201/4372/3201 3199/536/3199 4416/4373/4416
f 4416/4371/4416 494/1854/494 1358/1853/1358
f 1439/1046/1439 1358/1853/1358 126/1047/126
f 162/1055/162 4417/4374/4417 2015/3826/2015
f 1442/3800/1442 3200/4375/3200 4417/4374/4417
f 4417/4374/4417 1090/537/1090 3201/4372/3201
f 2015/3826/2015 3201/4372/3201 575/3827/575
f 578/1065/578 4418/4376/4418 3200/4377/3200
f 2018/1064/2018 1877/2931/1877 4418/4376/4418
f 4418/4376/4418 437/2930/437 3202/4378/3202
f 3200/4375/3200 3202/535/3202 1090/537/1090
f 370/4379/370 4419/4380/4419 1810/125/1810
f 3205/4381/3205 3203/529/3203 4419/4380/4419
f 4419/4380/4419 333/534/333 1773/2524/1773
f 1810/125/1810 1773/2524/1773 12/126/12
f 65/4382/65 4420/4383/4420 1234/4384/1234
f 1872/4385/1872 3204/4386/3204 4420/4387/4420
f 4420/4383/4420 1091/527/1091 3205/4381/3205
f 1234/4384/1234 3205/4381/3205 370/4379/370
f 432/526/432 4421/4388/4421 3204/4386/3204
f 1296/525/1296 1298/4389/1298 4421/4388/4421
f 4421/4388/4421 434/4390/434 3206/4391/3206
f 3204/4392/3204 3206/530/3206 1091/527/1091
f 330/4393/330 4422/4394/4422 1770/133/1770
f 3209/4395/3209 3207/521/3207 4422/4394/4422
f 4422/4394/4422 432/526/432 1872/4385/1872
f 1770/133/1770 1872/4385/1872 65/134/65
f 25/118/25 4423/4396/4423 1194/4397/1194
f 1807/4398/1807 3208/4399/3208 4423/4396/4423
f 4423/4396/4423 1092/519/1092 3209/4395/3209
f 1194/4397/1194 3209/4395/3209 330/4393/330
f 367/204/367 4424/4400/4424 3208/4399/3208
f 1231/203/1231 1297/4401/1297 4424/4400/4424
f 4424/4400/4424 433/4402/433 3210/522/3210
f 3208/4399/3208 3210/522/3210 1092/519/1092
f 433/4402/433 4425/4403/4425 1873/523/1873
f 3213/4404/3213 3211/513/3211 4425/4405/4425
f 4425/4403/4425 431/4406/431 1871/4407/1871
f 1873/523/1873 1871/4407/1871 81/524/81
f 62/4408/62 4426/4409/4426 1297/4410/1297
f 1767/4411/1767 3212/4412/3212 4426/4409/4426
f 4426/4409/4426 1093/511/1093 3213/4404/3213
f 1297/4401/1297 3213/4413/3213 433/4402/433
f 327/112/327 4427/4414/4427 3212/4412/3212
f 1191/111/1191 1174/2948/1174 4427/4414/4427
f 4427/4414/4427 310/2949/310 3214/514/3214
f 3212/4412/3212 3214/514/3214 1093/511/1093
f 3217/4415/3217 1806/102/1806 366/100/366
f 1094/503/1094 4428/4416/4428 3217/4415/3217
f 3215/502/3215 1779/4417/1779 4428/4416/4428
f 4428/4416/4428 18/4418/18 1806/102/1806
f 1868/4419/1868 1230/4420/1230 61/4421/61
f 428/500/428 4429/4422/4429 1868/4419/1868
f 3216/4423/3216 3217/4415/3217 4429/4422/4429
f 4429/4422/4429 366/100/366 1230/4420/1230
f 1292/4424/1292 3216/4423/3216 428/500/428
f 80/4425/80 4430/4426/4430 1292/498/1292
f 1294/4427/1294 3218/506/3218 4430/4426/4430
f 4430/4428/4430 1094/503/1094 3216/4423/3216
f 3221/4429/3221 1766/210/1766 326/208/326
f 1095/494/1095 4431/4430/4431 3221/4429/3221
f 3219/493/3219 1868/4419/1868 4431/4430/4431
f 4431/4430/4431 61/4421/61 1766/210/1766
f 1803/4431/1803 1190/4432/1190 24/4433/24
f 363/280/363 4432/4434/4432 1803/4431/1803
f 3220/4435/3220 3221/4429/3221 4432/4434/4432
f 4432/4434/4432 326/208/326 1190/4432/1190
f 1227/279/1227 3220/4435/3220 363/280/363
f 58/4436/58 4433/4437/4433 1227/279/1227
f 1293/4438/1293 3222/492/3222 4433/4437/4433
f 4433/4437/4433 1095/494/1095 3220/4435/3220
f 3225/4439/3225 1869/497/1869 429/4440/429
f 1096/486/1096 4434/4441/4434 3225/4439/3225
f 3223/485/3223 1867/4442/1867 4434/4441/4434
f 4434/4441/4434 80/4425/80 1869/497/1869
f 1763/4443/1763 1293/4444/1293 58/4445/58
f 323/88/323 4435/4446/4435 1763/4443/1763
f 3224/4447/3224 3225/4439/3225 4435/4446/4435
f 4435/4446/4435 429/4440/429 1293/4444/1293
f 1187/87/1187 3224/4447/3224 323/88/323
f 13/2416/13 4436/4448/4436 1187/87/1187
f 1170/2443/1170 3226/484/3226 4436/4448/4436
f 4436/4448/4436 1096/486/1096 3224/4447/3224
f 362/4449/362 4437/4450/4437 1802/77/1802
f 3229/4451/3229 3227/478/3227 4437/4450/4437
f 4437/4450/4437 340/483/340 1780/4452/1780
f 1802/77/1802 1780/4452/1780 19/78/19
f 57/286/57 4438/4453/4438 1226/4454/1226
f 1864/4455/1864 3228/4456/3228 4438/4453/4438
f 4438/4453/4438 1097/476/1097 3229/4451/3229
f 1226/4454/1226 3229/4451/3229 362/4449/362
f 424/475/424 4439/4457/4439 3228/4456/3228
f 1288/474/1288 1290/4458/1290 4439/4457/4439
f 4439/4457/4439 426/4459/426 3230/479/3230
f 3228/4456/3228 3230/479/3230 1097/476/1097
f 322/4460/322 4440/4461/4440 1762/285/1762
f 3233/4462/3233 3231/470/3231 4440/4461/4440
f 4440/4461/4440 424/475/424 1864/4455/1864
f 1762/285/1762 1864/4455/1864 57/286/57
f 23/70/23 4441/4463/4441 1186/4464/1186
f 1799/4465/1799 3232/4466/3232 4441/4463/4441
f 4441/4463/4441 1098/468/1098 3233/4462/3233
f 1186/4464/1186 3233/4462/3233 322/4460/322
f 359/356/359 4442/4467/4442 3232/4466/3232
f 1223/355/1223 1289/4468/1289 4442/4467/4442
f 4442/4467/4442 425/4469/425 3234/471/3234
f 3232/4466/3232 3234/471/3234 1098/468/1098
f 425/4469/425 4443/4470/4443 1865/472/1865
f 3237/4471/3237 3235/462/3235 4443/4470/4443
f 4443/4470/4443 423/467/423 1863/4472/1863
f 1865/472/1865 1863/4472/1863 79/473/79
f 54/354/54 4444/4473/4444 1289/4468/1289
f 1759/4474/1759 3236/4475/3236 4444/4473/4444
f 4444/4473/4444 1099/460/1099 3237/4471/3237
f 1289/4468/1289 3237/4471/3237 425/4469/425
f 319/64/319 4445/4476/4445 3236/4475/3236
f 1183/63/1183 1177/4477/1177 4445/4476/4445
f 4445/4476/4445 313/4478/313 3238/463/3238
f 3236/4475/3236 3238/463/3238 1099/460/1099
f 3241/4479/3241 1798/54/1798 358/52/358
f 1100/454/1100 4446/4480/4446 3241/4479/3241
f 3239/453/3239 1777/2880/1777 4446/4480/4446
f 4446/4480/4446 16/2840/16 1798/54/1798
f 1860/4481/1860 1222/4482/1222 53/4483/53
f 420/4484/420 4447/4485/4447 1860/4481/1860
f 3240/4486/3240 3241/4479/3241 4447/4485/4447
f 4447/4485/4447 358/52/358 1222/4482/1222
f 1284/449/1284 3240/4486/3240 420/4484/420
f 78/4487/78 4448/4488/4448 1284/449/1284
f 1286/4489/1286 3242/452/3242 4448/4488/4448
f 4448/4488/4448 1100/454/1100 3240/4486/3240
f 3245/4490/3245 1758/362/1758 318/360/318
f 1101/445/1101 4449/4491/4449 3245/4490/3245
f 3243/444/3243 1860/4492/1860 4449/4491/4449
f 4449/4491/4449 53/4493/53 1758/362/1758
f 1795/4494/1795 1182/4495/1182 22/4496/22
f 355/432/355 4450/4497/4450 1795/4494/1795
f 3244/4498/3244 3245/4490/3245 4450/4497/4450
f 4450/4497/4450 318/360/318 1182/4495/1182
f 1219/431/1219 3244/4498/3244 355/432/355
f 50/4499/50 4451/4500/4451 1219/431/1219
f 1285/4501/1285 3246/443/3246 4451/4500/4451
f 4451/4500/4451 1101/445/1101 3244/4498/3244
f 3249/4502/3249 1861/4503/1861 421/446/421
f 1102/435/1102 4452/4504/4452 3249/4502/3249
f 3247/442/3247 1859/4505/1859 4452/4506/4452
f 4452/4506/4452 78/4487/78 1861/448/1861
f 1755/4507/1755 1285/4501/1285 50/4499/50
f 315/40/315 4453/4508/4453 1755/4507/1755
f 3248/4509/3248 3249/4502/3249 4453/4508/4453
f 4453/4508/4453 421/446/421 1285/4501/1285
f 1179/39/1179 3248/4509/3248 315/40/315
f 21/4510/21 4454/4511/4454 1179/39/1179
f 1178/4512/1178 3250/433/3250 4454/4511/4454
f 4454/4511/4454 1102/435/1102 3248/4509/3248
f 3253/4513/3253 1797/46/1797 357/44/357
f 1103/427/1103 4455/4514/4455 3253/4513/3253
f 3251/426/3251 1795/4494/1795 4455/4514/4455
f 4455/4514/4455 22/4496/22 1797/46/1797
f 1856/4515/1856 1221/4516/1221 52/4517/52
f 416/424/416 4456/4518/4456 1856/4515/1856
f 3252/4519/3252 3253/4513/3253 4456/4518/4456
f 4456/4518/4456 357/44/357 1221/4516/1221
f 1280/423/1280 3252/4519/3252 416/424/416
f 77/4520/77 4457/4521/4457 1280/423/1280
f 1282/4522/1282 3254/425/3254 4457/4521/4457
f 4457/4521/4457 1103/427/1103 3252/4519/3252
f 3257/4523/3257 1757/390/1757 317/388/317
f 1104/419/1104 4458/4524/4458 3257/4523/3257
f 3255/418/3255 1856/4515/1856 4458/4524/4458
f 4458/4524/4458 52/4517/52 1757/390/1757
f 1780/4452/1780 1181/4525/1181 19/78/19
f 340/483/340 4459/4526/4459 1780/4452/1780
f 3256/4527/3256 3257/4523/3257 4459/4526/4459
f 4459/4526/4459 317/388/317 1181/4525/1181
f 1204/482/1204 3256/4527/3256 340/483/340
f 35/481/35 4460/4528/4460 1204/482/1204
f 1281/4529/1281 3258/417/3258 4460/4528/4460
f 4460/4528/4460 1104/419/1104 3256/4527/3256
f 3261/4530/3261 1857/422/1857 417/420/417
f 1105/411/1105 4461/4531/4461 3261/4530/3261
f 3259/410/3259 1855/4532/1855 4461/4531/4461
f 4461/4531/4461 77/4520/77 1857/422/1857
f 1740/4533/1740 1281/4529/1281 35/481/35
f 300/24/300 4462/4534/4462 1740/4533/1740
f 3260/4535/3260 3261/4530/3261 4462/4534/4462
f 4462/4534/4462 417/420/417 1281/4529/1281
f 1164/23/1164 3260/4535/3260 300/24/300
f 9/22/9 4463/4536/4463 1164/23/1164
f 1166/4537/1166 3262/409/3262 4463/4536/4463
f 4463/4536/4463 1105/411/1105 3260/4535/3260
f 3265/4538/3265 1168/2661/1168 304/2659/304
f 1106/403/1106 4464/4539/4464 3265/4538/3265
f 3263/402/3263 1796/4540/1796 4464/4539/4464
f 4464/4539/4464 11/2629/11 1168/2661/1168
f 1852/4541/1852 1744/2657/1744 39/2654/39
f 412/400/412 4465/4542/4465 1852/4541/1852
f 3264/4543/3264 3265/4538/3265 4465/4542/4465
f 4465/4542/4465 304/2659/304 1744/2657/1744
f 1276/399/1276 3264/4543/3264 412/400/412
f 76/4544/76 4466/4545/4466 1276/399/1276
f 1278/4546/1278 3266/401/3266 4466/4545/4466
f 4466/4545/4466 1106/403/1106 3264/4543/3264
f 3269/4547/3269 1208/3026/1208 344/3024/344
f 1107/395/1107 4467/4548/4467 3269/4547/3269
f 3267/394/3267 1852/4541/1852 4467/4548/4467
f 4467/4548/4467 39/2654/39 1208/3026/1208
f 1792/4549/1792 1784/3022/1784 6/3019/6
f 352/304/352 4468/4550/4468 1792/4549/1792
f 3268/4551/3268 3269/4547/3269 4468/4550/4468
f 4468/4550/4468 344/3024/344 1784/3022/1784
f 1216/303/1216 3268/4551/3268 352/304/352
f 47/302/47 4469/4552/4469 1216/303/1216
f 1277/4553/1277 3270/393/3270 4469/4552/4469
f 4469/4552/4469 1107/395/1107 3268/4551/3268
f 3273/4554/3273 1853/398/1853 413/396/413
f 1108/387/1108 4470/4555/4470 3273/4556/3273
f 3271/386/3271 1851/4557/1851 4470/4555/4470
f 4470/4558/4470 76/4544/76 1853/398/1853
f 1752/4559/1752 1277/4553/1277 47/302/47
f 312/80/312 4471/4560/4471 1752/4561/1752
f 3272/4562/3272 3273/4556/3273 4471/4560/4471
f 4471/4563/4471 413/396/413 1277/4553/1277
f 1176/79/1176 3272/4562/3272 312/80/312
f 19/78/19 4472/4564/4472 1176/79/1176
f 1181/4525/1181 3274/385/3274 4472/4564/4472
f 4472/4564/4472 1108/387/1108 3272/4562/3272
f 292/4565/292 4473/4566/4473 1156/2501/1156
f 3277/4567/3277 3275/376/3275 4473/4566/4473
f 4473/4566/4473 349/4568/349 1789/4569/1789
f 4473/4566/4473 2/2462/2 1156/2501/1156
f 1848/4570/1848 1732/2493/1732 27/2495/27
f 408/4571/408 4474/4572/4474 1848/4570/1848
f 3276/4573/3276 3277/4567/3277 4474/4574/4474
f 4474/4572/4474 292/2496/292 1732/2493/1732
f 1272/372/1272 3276/4573/3276 408/373/408
f 75/4575/75 4475/4576/4475 1272/372/1272
f 1274/4577/1274 3278/375/3278 4475/4576/4475
f 4475/4576/4475 1109/377/1109 3276/4573/3276
f 3281/4578/3281 1196/2634/1196 332/2635/332
f 1110/367/1110 4476/4579/4476 3281/4578/3281
f 3279/366/3279 1848/4570/1848 4476/4579/4476
f 4476/4579/4476 27/2495/27 1196/2634/1196
f 1796/4540/1796 1772/2632/1772 11/2629/11
f 356/408/356 4477/4580/4477 1796/4540/1796
f 3280/4581/3280 3281/4578/3281 4477/4580/4477
f 4477/4580/4477 332/2635/332 1772/2632/1772
f 1220/407/1220 3280/4581/3280 356/408/356
f 51/4582/51 4478/4583/4478 1220/407/1220
f 1273/4584/1273 3282/370/3282 4478/4585/4478
f 4478/4583/4478 1110/367/1110 3280/4581/3280
f 3285/4586/3285 1849/371/1849 409/368/409
f 1111/359/1111 4479/4587/4479 3285/4586/3285
f 3283/358/3283 1847/4588/1847 4479/4587/4479
f 4479/4587/4479 75/4575/75 1849/371/1849
f 1756/4589/1756 1273/4584/1273 51/4590/51
f 316/48/316 4480/4591/4480 1756/4589/1756
f 3284/4592/3284 3285/4586/3285 4480/4591/4480
f 4480/4591/4480 409/368/409 1273/4584/1273
f 1180/47/1180 3284/4592/3284 316/48/316
f 22/4496/22 4481/4593/4481 1180/47/1180
f 1182/4495/1182 3286/357/3286 4481/4593/4481
f 4481/4593/4481 1111/359/1111 3284/4592/3284
f 361/4594/361 4482/4595/4482 1801/69/1801
f 3289/4596/3289 3287/351/3287 4482/4595/4482
f 4482/4595/4482 359/356/359 1799/4465/1799
f 1801/69/1801 1799/4465/1799 23/70/23
f 56/4597/56 4483/4598/4483 1225/4599/1225
f 1844/4600/1844 3288/4601/3288 4483/4598/4483
f 4483/4598/4483 1112/349/1112 3289/4596/3289
f 1225/4599/1225 3289/4596/3289 361/4594/361
f 404/4602/404 4484/4603/4484 3288/4601/3288
f 1268/4604/1268 1270/4605/1270 4484/4603/4484
f 4484/4603/4484 406/4606/406 3290/352/3290
f 3288/4601/3288 3290/352/3290 1112/349/1112
f 321/4607/321 4485/4608/4485 1761/309/1761
f 3293/4609/3293 3291/343/3291 4485/4608/4485
f 4485/4608/4485 404/348/404 1844/4610/1844
f 1761/309/1761 1844/4610/1844 56/310/56
f 10/2679/10 4486/4611/4486 1185/4612/1185
f 1167/2735/1167 3292/4613/3292 4486/4611/4486
f 4486/4611/4486 1113/341/1113 3293/4609/3293
f 1185/4612/1185 3293/4609/3293 321/4607/321
f 303/2733/303 4487/4614/4487 3292/4613/3292
f 1743/2731/1743 1269/4615/1269 4487/4614/4487
f 4487/4614/4487 405/4616/405 3294/344/3294
f 3292/4613/3292 3294/344/3294 1113/341/1113
f 405/4616/405 4488/4617/4488 1845/345/1845
f 3297/4618/3297 3295/335/3295 4488/4617/4488
f 4488/4617/4488 403/340/403 1843/4619/1843
f 1845/345/1845 1843/4619/1843 74/346/74
f 38/2728/38 4489/4620/4489 1269/4615/1269
f 1207/2757/1207 3296/4621/3296 4489/4620/4489
f 4489/4620/4489 1114/333/1114 3297/4618/3297
f 1269/4615/1269 3297/4618/3297 405/4616/405
f 343/2755/343 4490/4622/4490 3296/4621/3296
f 1783/2753/1783 1165/4623/1165 4490/4622/4490
f 4490/4622/4490 301/4624/301 3298/336/3298
f 3296/4621/3296 3298/336/3298 1114/333/1114
f 308/2285/308 4491/4625/4491 1172/2284/1172
f 3301/4626/3301 3299/325/3299 4491/4625/4491
f 4491/4625/4491 360/332/360 1800/4627/1800
f 1172/2284/1172 1800/4627/1800 15/2286/15
f 43/2279/43 4492/4628/4492 1748/2282/1748
f 1840/4629/1840 3300/4630/3300 4492/4628/4492
f 4492/4628/4492 1115/323/1115 3301/4626/3301
f 1748/2282/1748 3301/4626/3301 308/2285/308
f 400/322/400 4493/4631/4493 3300/4632/3300
f 1264/321/1264 1266/4633/1266 4493/4631/4493
f 4493/4631/4493 402/4634/402 3302/326/3302
f 3300/4630/3300 3302/4635/3302 1115/323/1115
f 348/2576/348 4494/4636/4494 1212/2579/1212
f 3305/4637/3305 3303/317/3303 4494/4638/4494
f 4494/4636/4494 400/4639/400 1840/4629/1840
f 1212/2579/1212 1840/4629/1840 43/2279/43
f 1/2569/1 4495/4640/4495 1788/2572/1788
f 291/2607/291 4495/4640/4495 1155/2605/1155
f 3304/4641/3304 3305/4637/3305 4495/4640/4495
f 4495/4640/4495 348/4642/348 1788/2572/1788
f 291/2602/291 4496/4643/4496 3304/4644/3304
f 1731/2599/1731 1265/4645/1265 4496/4643/4496
f 4496/4643/4496 401/4646/401 3306/4647/3306
f 3304/4641/3304 3306/318/3306 1116/315/1116
f 401/4648/401 4497/4649/4497 1841/319/1841
f 3309/4650/3309 3307/307/3307 4497/4651/4497
f 4497/4649/4497 399/314/399 1839/4652/1839
f 1841/319/1841 1839/4652/1839 73/320/73
f 26/2601/26 4498/4653/4498 1265/4645/1265
f 1195/2684/1195 3308/4654/3308 4498/4653/4498
f 4498/4653/4498 1117/305/1117 3309/4650/3309
f 1265/4645/1265 3309/4650/3309 401/4646/401
f 331/2685/331 4499/4655/4499 3308/4654/3308
f 1771/2682/1771 1185/4612/1185 4499/4655/4499
f 4499/4655/4499 321/4607/321 3310/308/3310
f 3308/4654/3308 3310/308/3310 1117/305/1117
f 296/3044/296 4500/4656/4500 1160/3046/1160
f 3313/4657/3313 3311/299/3311 4500/4656/4500
f 4500/4656/4500 352/304/352 1792/4549/1792
f 1160/3046/1160 1792/4549/1792 6/3019/6
f 31/3000/31 4501/4658/4501 1736/3042/1736
f 1836/4659/1836 3312/4660/3312 4501/4658/4501
f 4501/4658/4501 1118/297/1118 3313/4657/3313
f 1736/3042/1736 3313/4657/3313 296/3044/296
f 396/296/396 4502/4661/4502 3312/4660/3312
f 1260/295/1260 1262/4662/1262 4502/4661/4502
f 4502/4661/4502 398/4663/398 3314/300/3314
f 3312/4660/3312 3314/300/3314 1118/297/1118
f 336/2996/336 4503/4664/4503 1200/2998/1200
f 3317/4665/3317 3315/291/3315 4503/4664/4503
f 4503/4664/4503 396/296/396 1836/4659/1836
f 1200/2998/1200 1836/4659/1836 31/3000/31
f 15/2286/15 4504/4666/4504 1776/2994/1776
f 1800/4627/1800 3316/4667/3316 4504/4666/4504
f 4504/4666/4504 1119/289/1119 3317/4665/3317
f 1776/2994/1776 3317/4665/3317 336/2996/336
f 360/332/360 4505/4668/4505 3316/4667/3316
f 1224/331/1224 1261/4669/1261 4505/4668/4505
f 4505/4668/4505 397/4670/397 3318/292/3318
f 3316/4667/3316 3318/292/3318 1119/289/1119
f 397/4671/397 4506/4672/4506 1837/4673/1837
f 3321/4674/3321 3319/283/3319 4506/4672/4506
f 4506/4672/4506 395/288/395 1835/4675/1835
f 1837/4673/1837 1835/4675/1835 72/4676/72
f 55/329/55 4507/4677/4507 1261/4678/1261
f 1760/4679/1760 3320/4680/3320 4507/4677/4507
f 4507/4677/4507 1120/281/1120 3321/4674/3321
f 1261/4678/1261 3321/4674/3321 397/4671/397
f 320/72/320 4508/4681/4508 3320/4680/3320
f 1184/71/1184 1186/4464/1186 4508/4681/4508
f 4508/4681/4508 322/4460/322 3322/284/3322
f 3320/4680/3320 3322/284/3322 1120/281/1120
f 3325/4682/3325 1805/94/1805 365/92/365
f 1121/275/1121 4509/4683/4509 3325/4682/3325
f 3323/274/3323 1803/4431/1803 4509/4683/4509
f 4509/4683/4509 24/4433/24 1805/94/1805
f 1832/4684/1832 1229/4685/1229 60/4686/60
f 392/271/392 4510/4687/4510 1832/4684/1832
f 3324/4688/3324 3325/4682/3325 4510/4687/4510
f 4510/4687/4510 365/92/365 1229/4685/1229
f 1256/270/1256 3324/4688/3324 392/271/392
f 71/4689/71 4511/4690/4511 1256/270/1256
f 1258/4691/1258 3326/273/3326 4511/4690/4511
f 4511/4690/4511 1121/275/1121 3324/4688/3324
f 3329/4692/3329 1765/234/1765 325/232/325
f 1122/265/1122 4512/4693/4512 3329/4692/3329
f 3327/272/3327 1832/4684/1832 4512/4694/4512
f 4512/4693/4512 60/4695/60 1765/234/1765
f 1171/2367/1171 1189/4696/1189 14/2309/14
f 307/2368/307 4513/4697/4513 1171/2367/1171
f 3328/4698/3328 3329/4692/3329 4513/4697/4513
f 4513/4697/4513 325/232/325 1189/4696/1189
f 1747/2365/1747 3328/4698/3328 307/2368/307
f 42/2362/42 4514/4699/4514 1747/2365/1747
f 1257/4700/1257 3330/263/3330 4514/4699/4514
f 4514/4699/4514 1122/265/1122 3328/4698/3328
f 3333/4701/3333 1833/269/1833 393/266/393
f 1123/255/1123 4515/4702/4515 3333/4701/3333
f 3331/254/3331 1831/4703/1831 4515/4702/4515
f 4515/4702/4515 71/4689/71 1833/269/1833
f 1211/2401/1211 1257/4700/1257 42/2362/42
f 347/2399/347 4516/4704/4516 1211/2401/1211
f 3332/4705/3332 3333/4701/3333 4516/4706/4516
f 4516/4704/4516 393/4707/393 1257/4700/1257
f 347/4708/347 4517/4709/4517 3332/4705/3332
f 3/2340/3 4517/4709/4517 1787/4710/1787
f 4517/4709/4517 294/4711/294 3334/253/3334
f 3332/4705/3332 3334/253/3334 1123/255/1123
f 3337/4712/3337 1781/61/1781 341/4713/341
f 1124/247/1124 4518/4714/4518 3337/4712/3337
f 3335/246/3335 1804/4715/1804 4518/4714/4518
f 4518/4714/4518 20/62/20 1781/61/1781
f 1828/4716/1828 1205/4717/1205 36/338/36
f 388/244/388 4519/4718/4519 1828/4716/1828
f 3336/4719/3336 3337/4712/3337 4519/4720/4519
f 4519/4720/4519 341/4713/341 1205/4721/1205
f 1252/243/1252 3336/4722/3336 388/244/388
f 70/4723/70 4520/4724/4520 1252/243/1252
f 1254/4725/1254 3338/245/3338 4520/4726/4520
f 4520/4726/4520 1124/247/1124 3336/4719/3336
f 3341/4727/3341 1741/337/1741 301/4624/301
f 1125/239/1125 4521/4728/4521 3341/4727/3341
f 3339/238/3339 1828/4716/1828 4521/4728/4521
f 4521/4728/4521 36/338/36 1741/337/1741
f 1159/2707/1159 1165/4623/1165 5/2709/5
f 295/2705/295 4522/4729/4522 1159/2707/1159
f 3340/4730/3340 3341/4727/3341 4522/4729/4522
f 4522/4729/4522 301/4624/301 1165/4623/1165
f 1735/2703/1735 3340/4730/3340 295/2705/295
f 30/2314/30 4523/4731/4523 1735/2703/1735
f 1253/4732/1253 3342/237/3342 4523/4731/4523
f 4523/4731/4523 1125/239/1125 3340/4730/3340
f 3345/4733/3345 1829/242/1829 389/240/389
f 1126/231/1126 4524/4734/4524 3345/4733/3345
f 3343/230/3343 1827/4735/1827 4524/4734/4524
f 4524/4734/4524 70/4723/70 1829/242/1829
f 1199/2312/1199 1253/4732/1253 30/2314/30
f 335/2310/335 4525/4736/4525 1199/2312/1199
f 3344/4737/3344 3345/4733/3345 4525/4736/4525
f 4525/4736/4525 389/240/389 1253/4732/1253
f 1775/2307/1775 3344/4737/3344 335/2310/335
f 14/2309/14 4526/4738/4526 1775/2307/1775
f 1189/4696/1189 3346/229/3346 4526/4738/4526
f 4526/4738/4526 1126/231/1126 3344/4737/3344
f 3349/4739/3349 1793/21/1793 353/4740/353
f 1127/223/1127 4527/4741/4527 3349/4739/3349
f 3347/222/3347 1791/4742/1791 4527/4741/4527
f 4527/4741/4527 9/22/9 1793/21/1793
f 1824/4743/1824 1217/4744/1217 48/465/48
f 384/220/384 4528/4745/4528 1824/4743/1824
f 3348/4746/3348 3349/4739/3349 4528/4745/4528
f 4528/4745/4528 353/4740/353 1217/4744/1217
f 1248/219/1248 3348/4746/3348 384/220/384
f 69/4747/69 4529/4748/4529 1248/219/1248
f 1250/4749/1250 3350/221/3350 4529/4748/4529
f 4529/4748/4529 1127/223/1127 3348/4746/3348
f 3353/4750/3353 1753/464/1753 313/4478/313
f 1128/215/1128 4530/4751/4530 3353/4750/3353
f 3351/214/3351 1824/4743/1824 4530/4751/4530
f 4530/4751/4530 48/465/48 1753/464/1753
f 1804/4715/1804 1177/4477/1177 20/62/20
f 364/252/364 4531/4752/4531 1804/4715/1804
f 3352/4753/3352 3353/4750/3353 4531/4752/4531
f 4531/4752/4531 313/4478/313 1177/4477/1177
f 1228/251/1228 3352/4753/3352 364/252/364
f 59/4754/59 4532/4755/4532 1228/251/1228
f 1249/4756/1249 3354/213/3354 4532/4755/4532
f 4532/4755/4532 1128/215/1128 3352/4753/3352
f 3357/4757/3357 1825/218/1825 385/216/385
f 1129/207/1129 4533/4758/4533 3357/4757/3357
f 3355/206/3355 1823/4759/1823 4533/4758/4533
f 4533/4758/4533 69/4747/69 1825/218/1825
f 1764/4760/1764 1249/4756/1249 59/4754/59
f 324/96/324 4534/4761/4534 1764/4760/1764
f 3356/4762/3356 3357/4757/3357 4534/4761/4534
f 4534/4761/4534 385/216/385 1249/4756/1249
f 1188/95/1188 3356/4762/3356 324/96/324
f 24/4433/24 4535/4763/4535 1188/95/1188
f 1190/4432/1190 3358/205/3358 4535/4763/4535
f 4535/4763/4535 1129/207/1129 3356/4762/3356
f 369/4764/369 4536/4765/4536 1809/117/1809
f 3361/4766/3361 3359/199/3359 4536/4765/4536
f 4536/4765/4536 367/204/367 1807/4398/1807
f 1809/117/1809 1807/4398/1807 25/118/25
f 64/160/64 4537/4767/4537 1233/4768/1233
f 1820/4769/1820 3360/4770/3360 4537/4767/4537
f 4537/4767/4537 1130/197/1130 3361/4766/3361
f 1233/4768/1233 3361/4766/3361 369/4764/369
f 380/196/380 4538/4771/4538 3360/4770/3360
f 1244/194/1244 1246/4772/1246 4538/4773/4538
f 4538/4771/4538 382/4774/382 3362/200/3362
f 3360/4770/3360 3362/200/3362 1130/197/1130
f 329/4775/329 4539/4776/4539 1769/159/1769
f 3365/4777/3365 3363/189/3363 4539/4776/4539
f 4539/4776/4539 380/196/380 1820/4769/1820
f 1769/159/1769 1820/4769/1820 64/160/64
f 18/4418/18 4540/4778/4540 1193/4779/1193
f 1779/4417/1779 3364/4780/3364 4540/4778/4540
f 4540/4778/4540 1131/187/1131 3365/4777/3365
f 1193/4779/1193 3365/4777/3365 329/4775/329
f 339/510/339 4541/4781/4541 3364/4780/3364
f 1203/508/1203 1245/4782/1245 4541/4783/4541
f 4541/4783/4541 381/4784/381 3366/190/3366
f 3364/4780/3364 3366/4785/3366 1131/187/1131
f 381/4784/381 4542/4786/4542 1821/191/1821
f 3369/4787/3369 3367/181/3367 4542/4786/4542
f 4542/4786/4542 379/186/379 1819/4788/1819
f 1821/191/1821 1819/4788/1819 68/193/68
f 34/4789/34 4543/4790/4543 1245/4782/1245
f 1739/4791/1739 3368/4792/3368 4543/4790/4543
f 4543/4790/4543 1132/179/1132 3369/4787/3369
f 1245/4782/1245 3369/4787/3369 381/4784/381
f 299/16/299 4544/4793/4544 3368/4792/3368
f 1163/15/1163 1162/2797/1162 4544/4793/4544
f 4544/4793/4544 298/2795/298 3370/182/3370
f 3368/4792/3368 3370/182/3370 1132/179/1132
f 342/36/342 4545/4794/4545 1782/38/1782
f 3373/4795/3373 3371/173/3371 4545/4794/4545
f 4545/4794/4545 368/178/368 1808/4796/1808
f 1782/38/1782 1808/4796/1808 21/4510/21
f 37/4797/37 4546/4798/4546 1206/4799/1206
f 1816/4800/1816 3372/4801/3372 4546/4798/4546
f 4546/4798/4546 1133/171/1133 3373/4795/3373
f 1206/4799/1206 3373/4795/3373 342/36/342
f 376/170/376 4547/4802/4547 3372/4801/3372
f 1240/169/1240 1242/4803/1242 4547/4802/4547
f 4547/4802/4547 378/4804/378 3374/174/3374
f 3372/4801/3372 3374/174/3374 1133/171/1133
f 302/412/302 4548/4805/4548 1742/414/1742
f 3377/4806/3377 3375/165/3375 4548/4805/4548
f 4548/4805/4548 376/170/376 1816/4800/1816
f 1742/414/1742 1816/4800/1816 37/4797/37
f 9/22/9 4549/4807/4549 1166/4537/1166
f 1791/4742/1791 3376/4808/3376 4549/4807/4549
f 4549/4807/4549 1134/163/1134 3377/4806/3377
f 1166/4537/1166 3377/4806/3377 302/412/302
f 351/228/351 4550/4809/4550 3376/4808/3376
f 1215/227/1215 1241/4810/1241 4550/4809/4550
f 4550/4809/4550 377/4811/377 3378/166/3378
f 3376/4808/3376 3378/166/3378 1134/163/1134
f 377/4811/377 4551/4812/4551 1817/167/1817
f 3381/4813/3381 3379/157/3379 4551/4812/4551
f 4551/4812/4551 375/162/375 1815/4814/1815
f 1817/167/1817 1815/4814/1815 67/168/67
f 46/4815/46 4552/4816/4552 1241/4810/1241
f 1751/4817/1751 3380/4818/3380 4552/4816/4552
f 4552/4816/4552 1135/155/1135 3381/4813/3381
f 1241/4810/1241 3381/4813/3381 377/4811/377
f 311/104/311 4553/4819/4553 3380/4818/3380
f 1175/103/1175 1193/4779/1193 4553/4819/4553
f 4553/4819/4553 329/4775/329 3382/158/3382
f 3380/4818/3380 3382/158/3382 1135/155/1135
f 354/28/354 4554/4820/4554 1794/30/1794
f 3385/4821/3385 3383/149/3383 4554/4820/4554
f 4554/4820/4554 345/154/345 1785/2818/1785
f 1794/30/1794 1785/2818/1785 7/2815/7
f 49/4822/49 4555/4823/4555 1218/4824/1218
f 1812/4825/1812 3384/4826/3384 4555/4823/4555
f 4555/4823/4555 1136/147/1136 3385/4821/3385
f 1218/4824/1218 3385/4821/3385 354/28/354
f 372/146/372 4556/4827/4556 3384/4826/3384
f 1236/144/1236 1238/4828/1238 4556/4827/4556
f 4556/4827/4556 374/4829/374 3386/150/3386
f 3384/4826/3384 3386/150/3386 1136/147/1136
f 314/436/314 4557/4830/4557 1754/4831/1754
f 3389/4832/3389 3387/139/3387 4557/4830/4557
f 4557/4833/4557 372/146/372 1812/4825/1812
f 1754/438/1754 1812/4825/1812 49/4822/49
f 21/4510/21 4558/4834/4558 1178/4512/1178
f 1808/4796/1808 3388/4835/3388 4558/4834/4558
f 4558/4834/4558 1137/137/1137 3389/4832/3389
f 1178/4512/1178 3389/4832/3389 314/436/314
f 368/178/368 4559/4836/4559 3388/4835/3388
f 1232/177/1232 1237/4837/1237 4559/4836/4559
f 4559/4836/4559 373/4838/373 3390/140/3390
f 3388/4835/3388 3390/140/3390 1137/137/1137
f 373/4838/373 4560/4839/4560 1813/141/1813
f 3393/4840/3393 3391/131/3391 4560/4839/4560
f 4560/4839/4560 371/136/371 1811/4841/1811
f 1813/4842/1813 1811/4843/1811 66/143/66
f 63/176/63 4561/4844/4561 1237/4837/1237
f 1768/4845/1768 3392/4846/3392 4561/4844/4561
f 4561/4844/4561 1138/129/1138 3393/4840/3393
f 1237/4837/1237 3393/4840/3393 373/4838/373
f 328/120/328 4562/4847/4562 3392/4846/3392
f 1192/119/1192 1194/4397/1194 4562/4847/4562
f 4562/4847/4562 330/4393/330 3394/132/3394
f 3392/4846/3392 3394/132/3394 1138/129/1138
f 374/4829/374 4563/4848/4563 1814/151/1814
f 3397/4849/3397 3395/123/3395 4563/4848/4563
f 4563/4848/4563 305/128/305 1745/2548/1745
f 1814/151/1814 1745/2548/1745 40/152/40
f 66/143/66 4564/4850/4564 1238/4828/1238
f 1811/4843/1811 3396/4851/3396 4564/4850/4564
f 4564/4850/4564 1139/121/1139 3397/4849/3397
f 1238/4828/1238 3397/4849/3397 374/4829/374
f 371/4852/371 4565/4853/4565 3396/4851/3396
f 1235/4854/1235 1234/4384/1234 4565/4853/4565
f 4565/4853/4565 370/4379/370 3398/124/3398
f 3396/4851/3396 3398/124/3398 1139/121/1139
f 378/4804/378 4566/4855/4566 1818/175/1818
f 3401/4856/3401 3399/115/3399 4566/4855/4566
f 4566/4855/4566 328/120/328 1768/4845/1768
f 1818/175/1818 1768/4845/1768 63/176/63
f 67/168/67 4567/4857/4567 1242/4803/1242
f 1815/4814/1815 3400/4858/3400 4567/4857/4567
f 4567/4857/4567 1140/113/1140 3401/4856/3401
f 1242/4803/1242 3401/4856/3401 378/4804/378
f 375/162/375 4568/4859/4568 3400/4858/3400
f 1239/161/1239 1233/4768/1233 4568/4859/4568
f 4568/4859/4568 369/4764/369 3402/116/3402
f 3400/4858/3400 3402/116/3402 1140/113/1140
f 382/4860/382 4569/4861/4569 1822/4862/1822
f 3405/4863/3405 3403/107/3403 4569/4861/4569
f 4569/4861/4569 327/112/327 1767/4411/1767
f 1822/4862/1822 1767/4411/1767 62/4408/62
f 68/193/68 4570/4864/4570 1246/4772/1246
f 1819/4788/1819 3404/4865/3404 4570/4864/4570
f 4570/4864/4570 1141/105/1141 3405/4863/3405
f 1246/4772/1246 3405/4863/3405 382/4860/382
f 379/186/379 4571/4866/4571 3404/4865/3404
f 1243/185/1243 1202/2902/1202 4571/4866/4571
f 4571/4866/4571 338/2900/338 3406/108/3406
f 3404/4865/3404 3406/108/3406 1141/105/1141
f 3409/4867/3409 1826/226/1826 386/224/386
f 1142/99/1142 4572/4868/4572 3409/4867/3409
f 3407/98/3407 1751/4817/1751 4572/4868/4572
f 4572/4868/4572 46/4815/46 1826/226/1826
f 1823/4759/1823 1250/4749/1250 69/4747/69
f 383/212/383 4573/4869/4573 1823/4759/1823
f 3408/4870/3408 3409/4867/3409 4573/4869/4573
f 4573/4869/4573 386/224/386 1250/4749/1250
f 1247/211/1247 3408/4870/3408 383/212/383
f 61/4421/61 4574/4871/4574 1247/211/1247
f 1230/4420/1230 3410/97/3410 4574/4871/4574
f 4574/4871/4574 1142/99/1142 3408/4870/3408
f 3413/4872/3413 1830/250/1830 390/248/390
f 1143/91/1143 4575/4873/4575 3413/4872/3413
f 3411/90/3411 1764/4760/1764 4575/4873/4575
f 4575/4873/4575 59/4754/59 1830/250/1830
f 1827/4874/1827 1254/4725/1254 70/4875/70
f 387/4876/387 4576/4877/4576 1827/4874/1827
f 3412/4878/3412 3413/4872/3413 4576/4877/4576
f 4576/4877/4576 390/248/390 1254/4725/1254
f 1251/4879/1251 3412/4878/3412 387/4876/387
f 60/4686/60 4577/4880/4577 1251/4879/1251
f 1229/4685/1229 3414/89/3414 4577/4880/4577
f 4577/4880/4577 1143/91/1143 3412/4878/3412
f 3417/4881/3417 1834/278/1834 394/276/394
f 1144/83/1144 4578/4882/4578 3417/4883/3417
f 3415/82/3415 1763/4443/1763 4578/4882/4578
f 4578/4882/4578 58/4445/58 1834/4884/1834
f 1831/4703/1831 1258/4691/1258 71/4689/71
f 391/4885/391 4579/4886/4579 1831/4703/1831
f 3416/4887/3416 3417/4883/3417 4579/4888/4579
f 4579/4886/4579 394/276/394 1258/4691/1258
f 1255/260/1255 3416/4887/3416 391/261/391
f 29/2336/29 4580/4889/4580 1255/260/1255
f 1198/2420/1198 3418/81/3418 4580/4889/4580
f 4580/4889/4580 1144/83/1144 3416/4887/3416
f 398/4663/398 4581/4890/4581 1838/301/1838
f 3421/4891/3421 3419/75/3419 4581/4892/4581
f 4581/4892/4581 312/80/312 1752/4561/1752
f 1838/301/1838 1752/4559/1752 47/302/47
f 72/294/72 4582/4893/4582 1262/4662/1262
f 1835/4675/1835 3420/4894/3420 4582/4895/4582
f 4582/4895/4582 1145/73/1145 3421/4891/3421
f 1262/4662/1262 3421/4896/3421 398/4663/398
f 395/288/395 4583/4897/4583 3420/4894/3420
f 1259/287/1259 1226/4454/1226 4583/4897/4583
f 4583/4897/4583 362/4449/362 3422/76/3422
f 3420/4894/3420 3422/76/3422 1145/73/1145
f 402/4634/402 4584/4898/4584 1842/327/1842
f 3425/4899/3425 3423/67/3423 4584/4898/4584
f 4584/4898/4584 320/72/320 1760/4679/1760
f 1842/327/1842 1760/4679/1760 55/329/55
f 73/320/73 4585/4900/4585 1266/4633/1266
f 1839/4652/1839 3424/4901/3424 4585/4900/4585
f 4585/4900/4585 1146/65/1146 3425/4899/3425
f 1266/4633/1266 3425/4899/3425 402/4634/402
f 399/314/399 4586/4902/4586 3424/4901/3424
f 1263/313/1263 1225/4599/1225 4586/4902/4586
f 4586/4902/4586 361/4594/361 3426/68/3426
f 3424/4901/3424 3426/68/3426 1146/65/1146
f 406/4606/406 4587/4903/4587 1846/353/1846
f 3429/4904/3429 3427/59/3427 4587/4903/4587
f 4587/4903/4587 319/64/319 1759/4474/1759
f 1846/353/1846 1759/4474/1759 54/354/54
f 74/346/74 4588/4905/4588 1270/4906/1270
f 1843/4619/1843 3428/4907/3428 4588/4905/4588
f 4588/4908/4588 1147/57/1147 3429/4904/3429
f 1270/4605/1270 3429/4904/3429 406/4606/406
f 403/340/403 4589/4909/4589 3428/4907/3428
f 1267/339/1267 1205/4717/1205 4589/4909/4589
f 4589/4910/4589 341/4713/341 3430/60/3430
f 3428/4911/3428 3430/60/3430 1147/57/1147
f 3433/4912/3433 1850/381/1850 410/378/410
f 1148/51/1148 4590/4913/4590 3433/4912/3433
f 3431/50/3431 1749/2838/1749 4590/4913/4590
f 4590/4913/4590 44/2836/44 1850/381/1850
f 1847/4588/1847 1274/4577/1274 75/4575/75
f 407/364/407 4591/4914/4591 1847/4588/1847
f 3432/4915/3432 3433/4912/3433 4591/4916/4591
f 4591/4914/4591 410/4917/410 1274/4577/1274
f 1271/363/1271 3432/4918/3432 407/364/407
f 53/4483/53 4592/4919/4592 1271/4920/1271
f 1222/4482/1222 3434/49/3434 4592/4919/4592
f 4592/4919/4592 1148/51/1148 3432/4915/3432
f 3437/4921/3437 1854/4922/1854 414/4923/414
f 1149/43/1149 4593/4924/4593 3437/4921/3437
f 3435/42/3435 1756/4589/1756 4593/4924/4593
f 4593/4924/4593 51/4590/51 1854/4922/1854
f 1851/4557/1851 1278/4925/1278 76/4926/76
f 411/392/411 4594/4927/4594 1851/4557/1851
f 3436/4928/3436 3437/4921/3437 4594/4927/4594
f 4594/4927/4594 414/4923/414 1278/4925/1278
f 1275/391/1275 3436/4928/3436 411/392/411
f 52/4517/52 4595/4929/4595 1275/391/1275
f 1221/4516/1221 3438/41/3438 4595/4929/4595
f 4595/4929/4595 1149/43/1149 3436/4928/3436
f 3441/4930/3441 1858/430/1858 418/428/418
f 1150/35/1150 4596/4931/4596 3441/4930/3441
f 3439/34/3439 1755/4507/1755 4596/4931/4596
f 4596/4931/4596 50/4499/50 1858/430/1858
f 1855/4532/1855 1282/4522/1282 77/4520/77
f 415/416/415 4597/4932/4597 1855/4532/1855
f 3440/4933/3440 3441/4930/3441 4597/4932/4597
f 4597/4932/4597 418/428/418 1282/4522/1282
f 1279/415/1279 3440/4933/3440 415/416/415
f 37/4797/37 4598/4934/4598 1279/415/1279
f 1206/4799/1206 3442/33/3442 4598/4934/4598
f 4598/4934/4598 1150/35/1150 3440/4933/3440
f 3445/4935/3445 1862/457/1862 422/455/422
f 1151/27/1151 4599/4936/4599 3445/4935/3445
f 3443/26/3443 1737/2859/1737 4599/4936/4599
f 4599/4936/4599 32/2861/32 1862/457/1862
f 1859/4505/1859 1286/4489/1286 78/4487/78
f 419/441/419 4600/4937/4600 1859/4505/1859
f 3444/4938/3444 3445/4935/3445 4600/4937/4600
f 4600/4937/4600 422/455/422 1286/4489/1286
f 1283/439/1283 3444/4938/3444 419/441/419
f 49/4822/49 4601/4939/4601 1283/439/1283
f 1218/4824/1218 3446/25/3446 4601/4939/4601
f 4601/4939/4601 1151/27/1151 3444/4938/3444
f 426/4459/426 4602/4940/4602 1866/480/1866
f 3449/4941/3449 3447/19/3447 4602/4940/4602
f 4602/4940/4602 300/24/300 1740/4533/1740
f 1866/480/1866 1740/4533/1740 35/481/35
f 79/473/79 4603/4942/4603 1290/4458/1290
f 1863/4472/1863 3448/4943/3448 4603/4942/4603
f 4603/4942/4603 1152/17/1152 3449/4941/3449
f 1290/4458/1290 3449/4941/3449 426/4459/426
f 423/467/423 4604/4944/4604 3448/4943/3448
f 1287/466/1287 1217/4744/1217 4604/4944/4604
f 4604/4944/4604 353/4740/353 3450/20/3450
f 3448/4943/3448 3450/20/3450 1152/17/1152
f 3453/4945/3453 1870/507/1870 430/504/430
f 1153/11/1153 4605/4946/4605 3453/4945/3453
f 3451/10/3451 1739/4791/1739 4605/4946/4605
f 4605/4946/4605 34/4789/34 1870/507/1870
f 1867/4442/1867 1294/4427/1294 80/4425/80
f 427/491/427 4606/4947/4606 1867/4442/1867
f 3452/4948/3452 3453/4945/3453 4606/4947/4606
f 4606/4947/4606 430/504/430 1294/4427/1294
f 1291/490/1291 3452/4948/3452 427/491/427
f 41/2438/41 4607/4949/4607 1291/490/1291
f 1210/2778/1210 3454/9/3454 4607/4949/4607
f 4607/4949/4607 1153/11/1153 3452/4948/3452
f 434/4950/434 4608/4951/4608 1874/531/1874
f 3457/4952/3457 3455/2/3455 4608/4953/4608
f 4608/4951/4608 293/2921/293 1733/2920/1733
f 1874/531/1874 1733/2920/1733 28/532/28
f 81/524/81 4609/4954/4609 1298/4389/1298
f 1871/4407/1871 3456/4955/3456 4609/4954/4609
f 4609/4954/4609 1154/3/1154 3457/4952/3457
f 1298/4389/1298 3457/4952/3457 434/4390/434
f 431/518/431 4610/4956/4610 3456/4957/3456
f 1295/517/1295 1214/2982/1214 4610/4956/4610
f 4610/4956/4610 350/2980/350 3458/4958/3458
f 3456/4955/3456 3458/1/3458 1154/3/1154
f 3458/1/3458 3459/5/3459 3455/2/3455
f 350/4/350 1790/4959/1790 3459/5/3459
f 3459/5/3459 1790/4959/1790 4/6/4
f 3459/5/3459 1157/7/1157 293/8/293
f 3454/9/3454 3460/13/3460 3451/10/3451
f 346/12/346 1786/14/1786 3460/13/3460
f 1786/14/1786 8/2773/8 1163/15/1163
f 3460/13/3460 1163/15/1163 299/16/299
f 1152/17/1152 3450/20/3450 3461/18/3461
f 3450/20/3450 353/4740/353 1793/21/1793
f 3461/18/3461 1793/21/1793 9/22/9
f 3447/19/3447 3461/18/3461 1164/23/1164
f 3446/25/3446 3462/29/3462 3443/26/3443
f 354/28/354 1794/30/1794 3462/29/3462
f 1794/30/1794 7/2815/7 1161/31/1161
f 3462/29/3462 1161/31/1161 297/32/297
f 3442/33/3442 3463/37/3463 3439/34/3439
f 342/36/342 1782/38/1782 3463/37/3463
f 1782/38/1782 21/4510/21 1179/39/1179
f 3463/37/3463 1179/39/1179 315/40/315
f 3438/41/3438 3464/45/3464 3435/42/3435
f 357/44/357 1797/46/1797 3464/45/3464
f 1797/46/1797 22/4496/22 1180/47/1180
f 3464/45/3464 1180/47/1180 316/48/316
f 3434/49/3434 3465/53/3465 3431/50/3431
f 358/52/358 1798/54/1798 3465/53/3465
f 1798/54/1798 16/2840/16 1173/55/1173
f 3465/53/3465 1173/55/1173 309/56/309
f 1147/57/1147 3430/60/3430 3466/58/3466
f 3430/60/3430 341/4713/341 1781/61/1781
f 3466/58/3466 1781/61/1781 20/62/20
f 3427/59/3427 3466/58/3466 1183/63/1183
f 1146/65/1146 3426/68/3426 3467/66/3467
f 3426/68/3426 361/4594/361 1801/69/1801
f 3467/66/3467 1801/69/1801 23/70/23
f 3423/67/3423 3467/66/3467 1184/71/1184
f 1145/73/1145 3422/76/3422 3468/74/3468
f 3422/76/3422 362/4449/362 1802/77/1802
f 3468/74/3468 1802/77/1802 19/78/19
f 3419/75/3419 3468/74/3468 1176/79/1176
f 3418/81/3418 3469/85/3469 3415/82/3415
f 334/84/334 1774/86/1774 3469/85/3469
f 1774/86/1774 13/2416/13 1187/87/1187
f 3469/85/3469 1187/87/1187 323/88/323
f 3414/89/3414 3470/93/3470 3411/90/3411
f 365/92/365 1805/94/1805 3470/93/3470
f 1805/94/1805 24/4433/24 1188/95/1188
f 3470/93/3470 1188/95/1188 324/96/324
f 3410/97/3410 3471/101/3471 3407/98/3407
f 366/100/366 1806/102/1806 3471/101/3471
f 1806/102/1806 18/4418/18 1175/103/1175
f 3471/101/3471 1175/103/1175 311/104/311
f 1141/105/1141 3406/108/3406 3472/106/3472
f 3406/108/3406 338/2900/338 1778/109/1778
f 3472/106/3472 1778/109/1778 17/110/17
f 3403/107/3403 3472/106/3472 1191/111/1191
f 1140/113/1140 3402/116/3402 3473/114/3473
f 3402/116/3402 369/4764/369 1809/117/1809
f 3473/114/3473 1809/117/1809 25/118/25
f 3399/115/3399 3473/114/3473 1192/119/1192
f 1139/121/1139 3398/124/3398 3474/122/3474
f 3398/124/3398 370/4379/370 1810/125/1810
f 3474/122/3474 1810/125/1810 12/126/12
f 3395/123/3395 3474/122/3474 1169/127/1169
f 1138/129/1138 3394/132/3394 3475/130/3475
f 3394/132/3394 330/4393/330 1770/133/1770
f 3475/130/3475 1770/133/1770 65/134/65
f 3391/131/3391 3475/130/3475 1235/135/1235
f 1137/137/1137 3390/140/3390 3476/138/3476
f 3390/140/3390 373/4838/373 1813/141/1813
f 3476/142/3476 1813/4842/1813 66/143/66
f 3387/145/3387 3476/142/3476 1236/144/1236
f 1136/147/1136 3386/150/3386 3477/148/3477
f 3386/150/3386 374/4829/374 1814/151/1814
f 3477/148/3477 1814/151/1814 40/152/40
f 3383/149/3383 3477/148/3477 1209/153/1209
f 1135/155/1135 3382/158/3382 3478/156/3478
f 3382/158/3382 329/4775/329 1769/159/1769
f 3478/156/3478 1769/159/1769 64/160/64
f 3379/157/3379 3478/156/3478 1239/161/1239
f 1134/163/1134 3378/166/3378 3479/164/3479
f 3378/166/3378 377/4811/377 1817/167/1817
f 3479/164/3479 1817/167/1817 67/168/67
f 3375/165/3375 3479/164/3479 1240/169/1240
f 1133/171/1133 3374/174/3374 3480/172/3480
f 3374/174/3374 378/4804/378 1818/175/1818
f 3480/172/3480 1818/175/1818 63/176/63
f 3371/173/3371 3480/172/3480 1232/177/1232
f 1132/179/1132 3370/182/3370 3481/180/3481
f 3370/182/3370 298/2795/298 1738/183/1738
f 3481/180/3481 1738/183/1738 33/184/33
f 3367/181/3367 3481/180/3481 1243/185/1243
f 1131/187/1131 3366/4785/3366 3482/188/3482
f 3366/190/3366 381/4784/381 1821/191/1821
f 3482/192/3482 1821/191/1821 68/193/68
f 3363/189/3363 3482/188/3482 1244/195/1244
f 1130/197/1130 3362/200/3362 3483/198/3483
f 3362/200/3362 382/4774/382 1822/201/1822
f 3483/198/3483 1822/201/1822 62/202/62
f 3359/199/3359 3483/198/3483 1231/203/1231
f 3358/205/3358 3484/209/3484 3355/206/3355
f 326/208/326 1766/210/1766 3484/209/3484
f 1766/210/1766 61/4421/61 1247/211/1247
f 3484/209/3484 1247/211/1247 383/212/383
f 3354/213/3354 3485/217/3485 3351/214/3351
f 385/216/385 1825/218/1825 3485/217/3485
f 1825/218/1825 69/4747/69 1248/219/1248
f 3485/217/3485 1248/219/1248 384/220/384
f 3350/221/3350 3486/225/3486 3347/222/3347
f 386/224/386 1826/226/1826 3486/225/3486
f 1826/226/1826 46/4815/46 1215/227/1215
f 3486/225/3486 1215/227/1215 351/228/351
f 3346/229/3346 3487/233/3487 3343/230/3343
f 325/232/325 1765/234/1765 3487/233/3487
f 1765/234/1765 60/4695/60 1251/235/1251
f 3487/233/3487 1251/235/1251 387/236/387
f 3342/237/3342 3488/241/3488 3339/238/3339
f 389/240/389 1829/242/1829 3488/241/3488
f 1829/242/1829 70/4723/70 1252/243/1252
f 3488/241/3488 1252/243/1252 388/244/388
f 3338/245/3338 3489/249/3489 3335/246/3335
f 390/248/390 1830/250/1830 3489/249/3489
f 1830/250/1830 59/4754/59 1228/251/1228
f 3489/249/3489 1228/251/1228 364/252/364
f 3334/253/3334 3490/4960/3490 3331/254/3331
f 294/256/294 1734/259/1734 3490/257/3490
f 1734/259/1734 29/2336/29 1255/260/1255
f 3490/257/3490 1255/260/1255 391/261/391
f 3330/263/3330 3491/4961/3491 3327/264/3327
f 393/266/393 1833/269/1833 3491/267/3491
f 1833/269/1833 71/4689/71 1256/270/1256
f 3491/267/3491 1256/270/1256 392/271/392
f 3326/273/3326 3492/277/3492 3323/274/3323
f 394/276/394 1834/278/1834 3492/277/3492
f 1834/278/1834 58/4436/58 1227/279/1227
f 3492/277/3492 1227/279/1227 363/280/363
f 1120/281/1120 3322/284/3322 3493/282/3493
f 3322/284/3322 322/4460/322 1762/285/1762
f 3493/282/3493 1762/285/1762 57/286/57
f 3319/283/3319 3493/282/3493 1259/287/1259
f 1119/289/1119 3318/292/3318 3494/290/3494
f 3318/292/3318 397/4670/397 1837/293/1837
f 3494/290/3494 1837/293/1837 72/294/72
f 3315/291/3315 3494/290/3494 1260/295/1260
f 1118/297/1118 3314/300/3314 3495/298/3495
f 3314/300/3314 398/4663/398 1838/301/1838
f 3495/298/3495 1838/301/1838 47/302/47
f 3311/299/3311 3495/298/3495 1216/303/1216
f 1117/305/1117 3310/308/3310 3496/306/3496
f 3310/308/3310 321/4607/321 1761/309/1761
f 3496/306/3496 1761/309/1761 56/310/56
f 3307/312/3307 3496/4962/3496 1263/313/1263
f 1116/315/1116 3306/318/3306 3497/316/3497
f 3306/318/3306 401/4648/401 1841/319/1841
f 3497/316/3497 1841/319/1841 73/320/73
f 3303/317/3303 3497/316/3497 1264/321/1264
f 1115/323/1115 3302/4635/3302 3498/324/3498
f 3302/326/3302 402/4634/402 1842/327/1842
f 3498/328/3498 1842/327/1842 55/329/55
f 3299/325/3299 3498/324/3498 1224/331/1224
f 1114/333/1114 3298/336/3298 3499/334/3499
f 3298/336/3298 301/4624/301 1741/337/1741
f 3499/334/3499 1741/337/1741 36/338/36
f 3295/335/3295 3499/334/3499 1267/339/1267
f 1113/341/1113 3294/344/3294 3500/342/3500
f 3294/344/3294 405/4616/405 1845/345/1845
f 3500/342/3500 1845/345/1845 74/346/74
f 3291/343/3291 3500/342/3500 1268/347/1268
f 1112/349/1112 3290/352/3290 3501/350/3501
f 3290/352/3290 406/4606/406 1846/353/1846
f 3501/350/3501 1846/353/1846 54/354/54
f 3287/351/3287 3501/350/3501 1223/355/1223
f 3286/357/3286 3502/361/3502 3283/358/3283
f 318/360/318 1758/362/1758 3502/361/3502
f 1758/362/1758 53/4493/53 1271/363/1271
f 3502/361/3502 1271/363/1271 407/364/407
f 3282/365/3282 3503/4963/3503 3279/366/3279
f 409/368/409 1849/371/1849 3503/369/3503
f 1849/371/1849 75/4575/75 1272/372/1272
f 3503/369/3503 1272/372/1272 408/373/408
f 3278/375/3278 3504/4964/3504 3275/376/3275
f 410/378/410 1850/381/1850 3504/379/3504
f 1850/381/1850 44/2836/44 1213/382/1213
f 3504/379/3504 1213/382/1213 349/383/349
f 3274/385/3274 3505/389/3505 3271/386/3271
f 317/388/317 1757/390/1757 3505/389/3505
f 1757/390/1757 52/4517/52 1275/391/1275
f 3505/389/3505 1275/391/1275 411/392/411
f 3270/393/3270 3506/397/3506 3267/394/3267
f 413/396/413 1853/398/1853 3506/397/3506
f 1853/398/1853 76/4544/76 1276/399/1276
f 3506/397/3506 1276/399/1276 412/400/412
f 3266/401/3266 3507/405/3507 3263/402/3263
f 414/404/414 1854/406/1854 3507/405/3507
f 1854/406/1854 51/4582/51 1220/407/1220
f 3507/405/3507 1220/407/1220 356/408/356
f 3262/409/3262 3508/413/3508 3259/410/3259
f 302/412/302 1742/414/1742 3508/413/3508
f 1742/414/1742 37/4797/37 1279/415/1279
f 3508/413/3508 1279/415/1279 415/416/415
f 3258/417/3258 3509/421/3509 3255/418/3255
f 417/420/417 1857/422/1857 3509/421/3509
f 1857/422/1857 77/4520/77 1280/423/1280
f 3509/421/3509 1280/423/1280 416/424/416
f 3254/425/3254 3510/429/3510 3251/426/3251
f 418/428/418 1858/430/1858 3510/429/3510
f 1858/430/1858 50/4499/50 1219/431/1219
f 3510/429/3510 1219/431/1219 355/432/355
f 3250/433/3250 3511/437/3511 3247/434/3247
f 314/436/314 1754/4831/1754 3511/437/3511
f 1754/438/1754 49/4822/49 1283/439/1283
f 3511/440/3511 1283/439/1283 419/441/419
f 3246/443/3246 3512/447/3512 3243/444/3243
f 421/446/421 1861/4503/1861 3512/447/3512
f 1861/448/1861 78/4487/78 1284/449/1284
f 3512/447/3512 1284/4965/1284 420/451/420
f 3242/452/3242 3513/456/3513 3239/453/3239
f 422/455/422 1862/457/1862 3513/456/3513
f 1862/457/1862 32/2861/32 1201/458/1201
f 3513/456/3513 1201/458/1201 337/459/337
f 1099/460/1099 3238/463/3238 3514/461/3514
f 3238/463/3238 313/4478/313 1753/464/1753
f 3514/461/3514 1753/464/1753 48/465/48
f 3235/462/3235 3514/461/3514 1287/466/1287
f 1098/468/1098 3234/471/3234 3515/469/3515
f 3234/471/3234 425/4469/425 1865/472/1865
f 3515/469/3515 1865/472/1865 79/473/79
f 3231/470/3231 3515/469/3515 1288/474/1288
f 1097/476/1097 3230/479/3230 3516/477/3516
f 3230/479/3230 426/4459/426 1866/480/1866
f 3516/477/3516 1866/480/1866 35/481/35
f 3227/478/3227 3516/477/3516 1204/482/1204
f 3226/484/3226 3517/488/3517 3223/485/3223
f 306/487/306 1746/489/1746 3517/488/3517
f 1746/489/1746 41/2438/41 1291/490/1291
f 3517/488/3517 1291/490/1291 427/491/427
f 3222/492/3222 3518/496/3518 3219/493/3219
f 429/495/429 1869/4966/1869 3518/496/3518
f 1869/497/1869 80/4425/80 1292/498/1292
f 3518/496/3518 1292/4424/1292 428/500/428
f 3218/501/3218 3519/509/3519 3215/502/3215
f 430/504/430 1870/507/1870 3519/505/3519
f 1870/507/1870 34/4789/34 1203/508/1203
f 3519/509/3519 1203/4967/1203 339/510/339
f 1093/511/1093 3214/514/3214 3520/512/3520
f 3214/514/3214 310/2949/310 1750/515/1750
f 3520/512/3520 1750/515/1750 45/516/45
f 3211/513/3211 3520/512/3520 1295/517/1295
f 1092/519/1092 3210/522/3210 3521/520/3521
f 3210/522/3210 433/4402/433 1873/523/1873
f 3521/520/3521 1873/523/1873 81/524/81
f 3207/521/3207 3521/520/3521 1296/525/1296
f 1091/527/1091 3206/530/3206 3522/528/3522
f 3206/530/3206 434/4950/434 1874/531/1874
f 3522/528/3522 1874/531/1874 28/532/28
f 3203/529/3203 3522/528/3522 1197/533/1197
f 3202/535/3202 3523/539/3523 3199/536/3199
f 437/538/437 1301/1869/1301 3523/539/3523
f 3523/539/3523 1301/1869/1301 85/540/85
f 3523/539/3523 1934/541/1934 494/542/494
f 3198/543/3198 3524/547/3524 3195/544/3195
f 443/546/443 1307/548/1307 3524/547/3524
f 1307/548/1307 89/1954/89 1930/549/1930
f 3524/547/3524 1930/549/1930 490/550/490
f 1088/551/1088 3194/554/3194 3525/552/3525
f 3194/554/3194 444/3948/444 1308/555/1308
f 3525/552/3525 1308/555/1308 90/556/90
f 3191/553/3191 3525/552/3525 1937/557/1937
f 3190/559/3190 3526/563/3526 3187/560/3187
f 441/562/441 1305/564/1305 3526/563/3526
f 1305/564/1305 88/1898/88 1938/565/1938
f 3526/563/3526 1938/565/1938 498/566/498
f 3186/567/3186 3527/571/3527 3183/568/3183
f 459/570/459 1323/572/1323 3527/571/3527
f 1323/572/1323 102/3922/102 1926/573/1926
f 3527/571/3527 1926/573/1926 486/574/486
f 3182/575/3182 3528/579/3528 3179/576/3179
f 460/578/460 1324/580/1324 3528/579/3528
f 1324/580/1324 103/3913/103 1941/581/1941
f 3528/579/3528 1941/581/1941 501/582/501
f 3178/583/3178 3529/587/3529 3175/584/3175
f 453/586/453 1317/588/1317 3529/587/3529
f 1317/588/1317 97/1926/97 1942/589/1942
f 3529/587/3529 1942/589/1942 502/590/502
f 1083/591/1083 3174/594/3174 3530/592/3530
f 3174/594/3174 463/3885/463 1327/595/1327
f 3530/592/3530 1327/595/1327 101/596/101
f 3171/593/3171 3530/592/3530 1925/597/1925
f 1082/599/1082 3170/602/3170 3531/600/3531
f 3170/602/3170 464/4090/464 1328/603/1328
f 3531/600/3531 1328/603/1328 104/604/104
f 3167/601/3167 3531/600/3531 1945/605/1945
f 1081/607/1081 3166/610/3166 3532/608/3532
f 3166/610/3166 456/3974/456 1320/611/1320
f 3532/608/3532 1320/611/1320 100/612/100
f 3163/609/3163 3532/608/3532 1946/613/1946
f 3162/615/3162 3533/619/3533 3159/616/3159
f 467/618/467 1331/620/1331 3533/619/3533
f 1331/620/1331 94/2425/94 1918/621/1918
f 3533/619/3533 1918/621/1918 478/622/478
f 3158/623/3158 3534/627/3534 3155/624/3155
f 468/626/468 1332/628/1332 3534/627/3534
f 1332/628/1332 105/3850/105 1949/629/1949
f 3534/627/3534 1949/629/1949 509/630/509
f 3154/631/3154 3535/635/3535 3151/632/3151
f 455/634/455 1319/636/1319 3535/635/3535
f 1319/636/1319 99/3841/99 1950/637/1950
f 3535/635/3535 1950/637/1950 510/638/510
f 1077/639/1077 3150/642/3150 3536/640/3536
f 3150/642/3150 471/3817/471 1335/643/1335
f 3536/640/3536 1335/643/1335 98/644/98
f 3147/641/3147 3536/640/3536 1922/645/1922
f 1076/647/1076 3146/650/3146 3537/648/3537
f 3146/650/3146 472/4256/472 1336/651/1336
f 3537/648/3537 1336/651/1336 106/652/106
f 3143/649/3143 3537/648/3537 1953/653/1953
f 1075/655/1075 3142/658/3142 3538/656/3538
f 3142/658/3142 449/2110/449 1313/659/1313
f 3538/656/3538 1313/659/1313 93/660/93
f 3139/657/3139 3538/656/3538 1954/661/1954
f 1074/663/1074 3138/666/3138 3539/664/3539
f 3138/666/3138 515/4264/515 1379/667/1379
f 3539/664/3539 1379/667/1379 146/668/146
f 3135/665/3135 3539/664/3539 1914/669/1914
f 1073/671/1073 3134/4255/3134 3540/672/3540
f 3134/674/3134 516/4238/516 1380/675/1380
f 3540/676/3540 1380/675/1380 147/677/147
f 3131/673/3131 3540/672/3540 1957/679/1957
f 1072/681/1072 3130/684/3130 3541/682/3541
f 3130/684/3130 489/1940/489 1353/685/1353
f 3541/682/3541 1353/685/1353 121/686/121
f 3127/683/3127 3541/682/3541 1958/687/1958
f 1071/689/1071 3126/692/3126 3542/690/3542
f 3126/692/3126 519/4237/519 1383/693/1383
f 3542/690/3542 1383/693/1383 145/694/145
f 3123/691/3123 3542/690/3542 1913/695/1913
f 1070/697/1070 3122/700/3122 3543/698/3543
f 3122/700/3122 520/4211/520 1384/701/1384
f 3543/698/3543 1384/701/1384 148/702/148
f 3119/699/3119 3543/698/3543 1961/703/1961
f 1069/705/1069 3118/708/3118 3544/706/3544
f 3118/708/3118 512/4222/512 1376/709/1376
f 3544/706/3544 1376/709/1376 144/710/144
f 3115/707/3115 3544/706/3544 1962/711/1962
f 1068/713/1068 3114/716/3114 3545/714/3545
f 3114/716/3114 523/4210/523 1387/717/1387
f 3545/714/3545 1387/717/1387 114/718/114
f 3111/715/3111 3545/714/3545 1882/719/1882
f 1067/721/1067 3110/724/3110 3546/722/3546
f 3110/724/3110 524/4183/524 1388/725/1388
f 3546/726/3546 1388/4968/1388 149/727/149
f 3107/729/3107 3546/726/3546 1965/728/1965
f 1066/731/1066 3106/734/3106 3547/732/3547
f 3106/734/3106 511/3808/511 1375/735/1375
f 3547/732/3547 1375/735/1375 143/736/143
f 3103/733/3103 3547/732/3547 1966/737/1966
f 3102/739/3102 3548/743/3548 3099/740/3099
f 527/742/527 1391/744/1391 3548/743/3548
f 1391/744/1391 142/3838/142 1910/745/1910
f 3548/743/3548 1910/745/1910 470/746/470
f 3098/747/3098 3549/751/3549 3095/748/3095
f 528/750/528 1392/752/1392 3549/751/3549
f 1392/752/1392 150/4162/150 1969/753/1969
f 3549/751/3549 1969/753/1969 529/754/529
f 3094/755/3094 3550/759/3550 3091/756/3091
f 495/758/495 1359/760/1359 3550/759/3550
f 1359/760/1359 127/4226/127 1970/761/1970
f 3550/759/3550 1970/761/1970 530/762/530
f 3090/763/3090 3551/767/3551 3087/764/3087
f 531/766/531 1395/768/1395 3551/767/3551
f 1395/768/1395 141/4119/141 1909/769/1909
f 3551/767/3551 1909/769/1909 469/770/469
f 3086/771/3086 3552/775/3552 3083/772/3083
f 532/774/532 1396/776/1396 3552/775/3552
f 1396/776/1396 151/4138/151 1973/777/1973
f 3552/775/3552 1973/777/1973 533/778/533
f 3082/779/3082 3553/783/3553 3079/780/3079
f 508/782/508 1372/784/1372 3553/783/3553
f 1372/784/1372 140/4172/140 1974/785/1974
f 3553/783/3553 1974/785/1974 534/786/534
f 3078/787/3078 3554/4969/3554 3075/788/3075
f 535/790/535 1399/793/1399 3554/791/3554
f 1399/793/1399 110/2184/110 1878/794/1878
f 3554/791/3554 1878/794/1878 438/795/438
f 3074/797/3074 3555/4970/3555 3071/798/3071
f 536/800/536 1400/803/1400 3555/801/3555
f 1400/803/1400 152/4106/152 1977/804/1977
f 3555/801/3555 1977/804/1977 537/805/537
f 3070/807/3070 3556/811/3556 3067/808/3067
f 507/810/507 1371/812/1371 3556/811/3556
f 1371/812/1371 139/3847/139 1978/813/1978
f 3556/811/3556 1978/813/1978 538/814/538
f 1056/815/1056 3066/818/3066 3557/816/3557
f 3066/818/3066 539/4102/539 1403/819/1403
f 3557/816/3557 1403/819/1403 138/820/138
f 3063/817/3063 3557/816/3557 1906/821/1906
f 1055/823/1055 3062/826/3062 3558/824/3558
f 3062/826/3062 540/4076/540 1404/827/1404
f 3558/824/3558 1404/827/1404 153/828/153
f 3059/825/3059 3558/824/3558 1981/829/1981
f 1054/831/1054 3058/834/3058 3559/832/3559
f 3058/834/3058 496/3966/496 1360/835/1360
f 3559/832/3559 1360/835/1360 128/836/128
f 3055/833/3055 3559/832/3559 1982/837/1982
f 1053/839/1053 3054/4075/3054 3560/840/3560
f 3054/842/3054 543/4074/543 1407/843/1407
f 3560/840/3560 1407/4971/1407 137/845/137
f 3051/841/3051 3560/840/3560 1905/846/1905
f 1052/848/1052 3050/851/3050 3561/849/3561
f 3050/851/3050 544/4042/544 1408/852/1408
f 3561/849/3561 1408/852/1408 154/853/154
f 3047/850/3047 3561/849/3561 1985/854/1985
f 1051/856/1051 3046/859/3046 3562/857/3562
f 3046/859/3046 504/4053/504 1368/860/1368
f 3562/857/3562 1368/860/1368 136/861/136
f 3043/863/3043 3562/4972/3562 1986/864/1986
f 1050/866/1050 3042/869/3042 3563/867/3563
f 3042/869/3042 547/4041/547 1411/870/1411
f 3563/867/3563 1411/870/1411 117/871/117
f 3039/868/3039 3563/867/3563 1885/872/1885
f 1049/874/1049 3038/877/3038 3564/875/3564
f 3038/877/3038 548/4033/548 1412/878/1412
f 3564/875/3564 1412/878/1412 155/879/155
f 3035/876/3035 3564/875/3564 1989/880/1989
f 1048/882/1048 3034/885/3034 3565/883/3565
f 3034/885/3034 503/3876/503 1367/886/1367
f 3565/883/3565 1367/886/1367 135/887/135
f 3031/884/3031 3565/883/3565 1990/888/1990
f 3030/890/3030 3566/894/3566 3027/891/3027
f 551/893/551 1415/895/1415 3566/894/3566
f 1415/895/1415 134/3916/134 1902/896/1902
f 3566/894/3566 1902/896/1902 462/897/462
f 3026/898/3026 3567/4973/3567 3023/899/3023
f 552/901/552 1416/904/1416 3567/902/3567
f 1416/904/1416 156/3988/156 1993/905/1993
f 3567/902/3567 1993/905/1993 553/906/553
f 3022/908/3022 3568/4974/3568 3019/909/3019
f 493/911/493 1357/914/1357 3568/912/3568
f 1357/914/1357 125/2846/125 1994/915/1994
f 3568/912/3568 1994/915/1994 554/916/554
f 3018/918/3018 3569/922/3569 3015/919/3015
f 555/921/555 1419/923/1419 3569/922/3569
f 1419/923/1419 133/3936/133 1901/924/1901
f 3569/922/3569 1901/924/1901 461/925/461
f 3014/926/3014 3570/930/3570 3011/927/3011
f 556/929/556 1420/931/1420 3570/930/3570
f 1420/931/1420 157/3959/157 1997/932/1997
f 3570/930/3570 1997/932/1997 557/933/557
f 3010/934/3010 3571/938/3571 3007/935/3007
f 500/937/500 1364/939/1364 3571/938/3571
f 1364/939/1364 132/4001/132 1998/940/1998
f 3571/938/3571 1998/940/1998 558/941/558
f 3006/942/3006 3572/946/3572 3003/943/3003
f 559/945/559 1423/947/1423 3572/946/3572
f 1423/947/1423 118/4215/118 1886/948/1886
f 3572/946/3572 1886/948/1886 446/949/446
f 3002/950/3002 3573/954/3573 2999/951/2999
f 560/953/560 1424/955/1424 3573/954/3573
f 1424/955/1424 158/3933/158 2001/956/2001
f 3573/954/3573 2001/956/2001 561/957/561
f 2998/958/2998 3574/962/3574 2995/959/2995
f 499/961/499 1363/963/1363 3574/962/3574
f 1363/963/1363 131/3910/131 2002/964/2002
f 3574/962/3574 2002/964/2002 562/965/562
f 2994/966/2994 3575/974/3575 2991/967/2991
f 563/969/563 1427/972/1427 3575/970/3575
f 1427/972/1427 130/4242/130 1898/973/1898
f 3575/974/3575 1898/4975/1898 458/975/458
f 2990/976/2990 3576/980/3576 2987/977/2987
f 564/979/564 1428/981/1428 3576/980/3576
f 1428/981/1428 159/4976/159 2005/982/2005
f 3576/980/3576 2005/982/2005 565/983/565
f 2986/984/2986 3577/988/3577 2983/985/2983
f 481/987/481 1345/989/1345 3577/988/3577
f 1345/989/1345 113/1912/113 2006/990/2006
f 3577/988/3577 2006/990/2006 566/991/566
f 1035/992/1035 2982/995/2982 3578/993/3578
f 2982/995/2982 567/3894/567 1431/996/1431
f 3578/993/3578 1431/996/1431 129/997/129
f 2979/994/2979 3578/993/3578 1897/998/1897
f 1034/1000/1034 2978/1003/2978 3579/1001/3579
f 2978/1003/2978 568/3865/568 1432/1004/1432
f 3579/1001/3579 1432/1004/1432 160/1005/160
f 2975/1002/2975 3579/1001/3579 2009/1006/2009
f 1033/1008/1033 2974/1011/2974 3580/1009/3580
f 2974/1011/2974 484/3875/484 1348/1012/1348
f 3580/1009/3580 1348/1012/1348 116/1013/116
f 2971/1010/2971 3580/1009/3580 2010/1014/2010
f 2970/1016/2970 3581/1020/3581 2967/1017/2967
f 571/1019/571 1435/1021/1435 3581/1020/3581
f 1435/1021/1435 122/2447/122 1890/1022/1890
f 3581/1020/3581 1890/1022/1890 450/1023/450
f 2966/1024/2966 3582/1028/3582 2963/1025/2963
f 572/1027/572 1436/1029/1436 3582/1028/3582
f 1436/1029/1436 161/4977/161 2013/1030/2013
f 3582/1028/3582 2013/1030/2013 573/1031/573
f 2962/1032/2962 3583/1036/3583 2959/1033/2959
f 483/1035/483 1347/4194/1347 3583/1036/3583
f 1347/1037/1347 115/4198/115 2014/1038/2014
f 3583/1039/3583 2014/1038/2014 574/1040/574
f 1029/1042/1029 2958/1045/2958 3584/1043/3584
f 2958/1045/2958 575/4370/575 1439/1046/1439
f 3584/1043/3584 1439/1046/1439 126/1047/126
f 2955/1044/2955 3584/1043/3584 1894/1048/1894
f 1028/1050/1028 2954/1053/2954 3585/1051/3585
f 2954/1053/2954 576/3795/576 1440/1054/1440
f 3585/1051/3585 1440/1054/1440 162/1055/162
f 2951/1052/2951 3585/1051/3585 2017/1056/2017
f 1027/1058/1027 2950/1061/2950 3586/1059/3586
f 2950/1061/2950 477/2124/477 1341/1062/1341
f 3586/1059/3586 1341/1062/1341 109/1063/109
f 2947/1060/2947 3586/1059/3586 2018/1064/2018
f 2946/1066/2946 3587/1070/3587 2943/1067/2943
f 728/1069/728 2168/1071/2168 3587/1070/3587
f 2168/1071/2168 264/3109/264 1486/1072/1486
f 3587/1070/3587 1486/1072/1486 622/1073/622
f 2942/1074/2942 3588/1078/3588 2939/1075/2939
f 845/1077/845 2285/1079/2285 3588/1078/3588
f 2285/1079/2285 282/3300/282 1495/1080/1495
f 3588/1078/3588 1495/1080/1495 631/1081/631
f 1024/1082/1024 2938/1085/2938 3589/1083/3589
f 2938/1085/2938 848/3584/848 1712/1086/1712
f 3589/1083/3589 1712/1086/1712 261/1087/261
f 2935/1084/2935 3589/1083/3589 1455/1088/1455
f 1023/1090/1023 2934/1093/2934 3590/1091/3590
f 2934/1093/2934 711/3132/711 2151/1094/2151
f 3590/1091/3590 2151/1094/2151 271/1095/271
f 2931/1092/2931 3590/1091/3590 1464/1096/1464
f 2930/1098/2930 3591/1102/3591 2927/1099/2927
f 629/1101/629 2069/1103/2069 3591/1102/3591
f 2069/1103/2069 188/3072/188 2105/1104/2105
f 3591/1102/3591 2105/1104/2105 665/1105/665
f 1021/1106/1021 2926/1109/2926 3592/1107/3592
f 2926/1109/2926 640/3402/640 2080/1110/2080
f 3592/1107/3592 2080/1110/2080 182/1111/182
f 2923/1108/2923 3592/1107/3592 2021/1112/2021
f 1020/1114/1020 2922/1117/2922 3593/1115/3593
f 2922/1117/2922 654/3530/654 1518/1118/1518
f 3593/1115/3593 1518/1118/1518 185/1119/185
f 2919/1116/2919 3593/1115/3593 2054/1120/2054
f 1019/1122/1019 2918/1125/2918 3594/1123/3594
f 2918/1125/2918 647/3413/647 2087/1126/2087
f 3594/1123/3594 2087/1126/2087 172/1127/172
f 3594/1123/3594 2056/1128/2056 616/1129/616
f 1018/1130/1018 2914/1133/2914 3595/1131/3595
f 2914/1133/2914 586/3540/586 1450/1134/1450
f 3595/1131/3595 1450/1134/1450 193/1135/193
f 2911/1132/2911 3595/1131/3595 2084/1136/2084
f 2910/1138/2910 3596/1142/3596 2907/1139/2907
f 588/1141/588 1452/1143/1452 3596/1142/3596
f 1452/1143/1452 169/3506/169 2108/1144/2108
f 3596/1142/3596 2108/1144/2108 668/1145/668
f 1016/1146/1016 2906/1149/2906 3597/1147/3597
f 2906/1149/2906 667/3521/667 1531/1150/1531
f 3597/1147/3597 1531/1150/1531 179/1151/179
f 3597/1147/3597 2106/1152/2106 666/1153/666
f 2902/1154/2902 3598/1158/3598 2899/1155/2899
f 663/1157/663 1527/1159/1527 3598/1158/3598
f 1527/1159/1527 165/3323/165 2063/1160/2063
f 3598/1158/3598 2063/1160/2063 623/1161/623
f 1014/1162/1014 2898/1165/2898 3599/1163/3599
f 2898/1165/2898 659/3512/659 1523/1166/1523
f 3599/1163/3599 1523/1166/1523 175/1167/175
f 2895/1164/2895 3599/1163/3599 2065/1168/2065
f 2894/1170/2894 3600/1174/3600 2891/1171/2891
f 649/1173/649 1513/1175/1513 3600/1174/3600
f 1513/1175/1513 264/3109/264 2067/1176/2067
f 3600/1174/3600 2067/1176/2067 627/1177/627
f 2890/1178/2890 3601/1182/3601 2887/1179/2887
f 633/1181/633 2073/1183/2073 3601/1182/3601
f 2073/1183/2073 277/3340/277 2095/1184/2095
f 3601/1182/3601 2095/1184/2095 655/1185/655
f 2886/1186/2886 3602/1190/3602 2883/1187/2883
f 645/1189/645 1509/1191/1509 3602/1190/3602
f 1509/1191/1509 272/3463/272 2071/1192/2071
f 3602/1190/3602 2071/1192/2071 631/1081/631
f 2882/1193/2882 3603/1197/3603 2879/1194/2879
f 602/1196/602 1466/1198/1466 3603/1197/3603
f 1466/1198/1466 260/3245/260 2091/1199/2091
f 3603/1197/3603 2091/1199/2091 651/1200/651
f 1009/1201/1009 2878/1204/2878 3604/1202/3604
f 2878/1204/2878 604/3439/604 1468/1205/1468
f 3604/1202/3604 1468/1205/1468 280/1206/280
f 2875/1203/2875 3604/1202/3604 2093/1207/2093
f 2874/1209/2874 3605/1213/3605 2871/1210/2871
f 638/1212/638 1502/1214/1502 3605/1213/3605
f 1502/1214/1502 268/3351/268 2046/1215/2046
f 3605/1213/3605 2046/1215/2046 606/1216/606
f 1007/1217/1007 2870/1220/2870 3606/1218/3606
f 2870/1220/2870 641/3422/641 1505/1221/1505
f 3606/1218/3606 1505/1221/1505 286/1222/286
f 2867/1219/2867 3606/1218/3606 2049/1223/2049
f 2866/1225/2866 3607/1229/3607 2863/1226/2863
f 864/1228/864 2304/1230/2304 3607/1229/3607
f 2304/1230/2304 163/3360/163 1532/1231/1532
f 3607/1229/3607 1532/1231/1532 668/1145/668
f 1005/1232/1005 2862/1235/2862 3608/1233/3608
f 2862/1235/2862 754/3675/754 2194/1236/2194
f 3608/1233/3608 2194/1236/2194 188/1237/188
f 2859/1234/2859 3608/1233/3608 1492/1238/1492
f 2858/1240/2858 3609/1244/3609 2855/1241/2855
f 740/1243/740 2180/1245/2180 3609/1244/3609
f 2180/1245/2180 287/3092/287 1501/1246/1501
f 3609/1244/3609 1501/1246/1501 637/1247/637
f 2854/1248/2854 3610/1252/3610 2851/1249/2851
f 2854/1248/2854 865/3392/865 1729/1251/1729
f 3610/1252/3610 1729/1251/1729 273/1253/273
f 3610/1252/3610 1461/1254/1461 597/1255/597
f 2850/1256/2850 3611/1260/3611 2847/1257/2847
f 863/1259/863 1727/1261/1727 3611/1260/3611
f 1727/1261/1727 190/3385/190 1507/1262/1507
f 3611/1260/3611 1507/1262/1507 643/1263/643
f 1001/1264/1001 2846/1267/2846 3612/1265/3612
f 2846/1267/2846 861/3604/861 2301/1268/2301
f 3612/1265/3612 2301/1268/2301 183/1269/183
f 2843/1266/2843 3612/1265/3612 1445/1270/1445
f 2842/1271/2842 3613/1275/3613 2839/1272/2839
f 2842/1271/2842 862/3367/862 1726/1274/1726
f 3613/1275/3613 1726/1274/1726 164/1276/164
f 3613/1275/3613 1485/1277/1485 621/1278/621
f 999/1279/999 2838/1282/2838 3614/1280/3614
f 2838/1282/2838 836/3634/836 2276/1283/2276
f 3614/1280/3614 2276/1283/2276 267/1284/267
f 2835/1281/2835 3614/1280/3614 1471/1285/1471
f 998/1287/998 2834/1290/2834 3615/1288/3615
f 2834/1290/2834 842/3626/842 2282/1291/2282
f 3615/1288/3615 2282/1291/2282 278/1292/278
f 2831/1289/2831 3615/1288/3615 1462/1293/1462
f 2830/1295/2830 3616/1299/3616 2827/1296/2827
f 851/1298/851 2291/1300/2291 3616/1299/3616
f 2291/1300/2291 262/3737/262 1530/1301/1530
f 3616/1299/3616 1530/1301/1530 666/1153/666
f 996/1302/996 2826/1305/2826 3617/1303/3617
f 2826/1305/2826 860/3612/860 1724/1306/1724
f 3617/1303/3617 1724/1306/1724 179/1151/179
f 2823/1304/2823 3617/1303/3617 1536/1307/1536
f 995/1309/995 2822/1312/2822 3618/1310/3618
f 2822/1312/2822 858/3603/858 1722/1313/1722
f 3618/1310/3618 1722/1313/1722 182/1111/182
f 2819/1311/2819 3618/1310/3618 1503/1314/1503
f 994/1316/994 2818/1319/2818 3619/1317/3619
f 2818/1319/2818 707/3142/707 2147/1320/2147
f 3619/1317/3619 2147/1320/2147 280/1206/280
f 2815/1318/2815 3619/1317/3619 1494/1321/1494
f 993/1323/993 2814/1326/2814 3620/1324/3620
f 2814/1326/2814 856/3577/856 2296/1327/2296
f 3620/1324/3620 2296/1327/2296 180/1328/180
f 2811/1325/2811 3620/1324/3620 1454/1329/1454
f 2810/1331/2810 3621/1335/3621 2807/1332/2807
f 855/1334/855 1719/1336/1719 3621/1335/3621
f 1719/1336/1719 184/3330/184 1446/1337/1446
f 3621/1335/3621 1446/1337/1446 582/1338/582
f 2806/1339/2806 3622/1343/3622 2803/1340/2803
f 853/1342/853 1717/1344/1717 3622/1343/3622
f 1717/1344/1717 289/3410/289 1472/1345/1472
f 3622/1343/3622 1472/1345/1472 608/1346/608
f 2802/1347/2802 3623/1351/3623 2799/1348/2799
f 852/1350/852 1716/1352/1716 3623/1351/3623
f 1716/1352/1716 275/3447/275 1463/1353/1463
f 3623/1351/3623 1463/1353/1463 599/1354/599
f 989/1355/989 2798/1358/2798 3624/1356/3624
f 2798/1358/2798 846/3314/846 2286/1359/2286
f 3624/1356/3624 2286/1359/2286 177/1360/177
f 2795/1357/2795 3624/1356/3624 1478/1361/1478
f 988/1362/988 2794/1365/2794 3625/1363/3625
f 2794/1365/2794 722/3115/722 2162/1366/2162
f 3625/1363/3625 2162/1366/2162 192/1367/192
f 2791/1364/2791 3625/1363/3625 1473/1368/1473
f 2790/1369/2790 3626/1373/3626 2787/1370/2787
f 847/1372/847 1711/1374/1711 3626/1373/3626
f 1711/1374/1711 186/3535/186 1447/1375/1447
f 3626/1373/3626 1447/1375/1447 583/1376/583
f 986/1377/986 2786/1380/2786 3627/1378/3627
f 2786/1380/2786 642/3681/642 2082/1381/2082
f 3627/1378/3627 2082/1381/2082 192/1367/192
f 2783/1379/2783 3627/1378/3627 2019/1382/2019
f 985/1384/985 2782/1387/2782 3628/1385/3628
f 2782/1387/2782 612/3768/612 1476/1388/1476
f 3628/1385/3628 1476/1388/1476 189/1389/189
f 2779/1386/2779 3628/1385/3628 2020/1390/2020
f 984/1392/984 2778/1395/2778 3629/1393/3629
f 2778/1395/2778 673/3762/673 1537/1396/1537
f 3629/1393/3629 1537/1396/1537 183/1269/183
f 2775/1394/2775 3629/1393/3629 2112/1397/2112
f 983/1398/983 2774/1401/2774 3630/1399/3630
f 2774/1401/2774 669/3756/669 1533/1402/1533
f 3630/1399/3630 1533/1402/1533 177/1360/177
f 2771/1400/2771 3630/1399/3630 2055/1403/2055
f 2770/1405/2770 3631/1409/3631 2767/1406/2767
f 585/1408/585 1449/1410/1449 3631/1409/3631
f 1449/1410/1449 173/3222/173 2111/1411/2111
f 3631/1409/3631 2111/1411/2111 671/1412/671
f 2766/1413/2766 3632/1417/3632 2763/1414/2763
f 587/1416/587 1451/1418/1451 3632/1417/3632
f 1451/1418/1451 167/3126/167 2101/1419/2101
f 3632/1417/3632 2101/1419/2101 661/1420/661
f 980/1421/980 2762/1425/2762 3633/1422/3633
f 589/1424/589 1453/1426/1453 3633/1422/3633
f 1453/1426/1453 163/3360/163 2097/1427/2097
f 2759/1423/2759 3633/1422/3633 2097/1427/2097
f 2758/1429/2758 3634/1433/3634 2755/1430/2755
f 646/1432/646 1510/1434/1510 3634/1433/3634
f 1510/1434/1510 262/3737/262 2062/1435/2062
f 3634/1433/3634 2062/1435/2062 622/1073/622
f 978/1436/978 2754/1440/2754 3635/1437/3635
f 664/1439/664 1528/1441/1528 3635/1437/3635
f 1528/1441/1528 266/3265/266 2064/1442/2064
f 2751/1438/2751 3635/1437/3635 2064/1442/2064
f 2750/1444/2750 3636/1448/3636 2747/1445/2747
f 662/1447/662 1526/1449/1526 3636/1448/3636
f 1526/1449/1526 270/3166/270 2066/1450/2066
f 3636/1448/3636 2066/1450/2066 626/1451/626
f 976/1452/976 2746/1456/2746 3637/1453/3637
f 660/1455/660 1524/1457/1524 3637/1453/3637
f 1524/1457/1524 274/3670/274 2068/1458/2068
f 2743/1454/2743 3637/1453/3637 2068/1458/2068
f 975/1459/975 2742/1462/2742 3638/1460/3638
f 2742/1462/2742 658/3713/658 1522/1463/1522
f 3638/1460/3638 1522/1463/1522 276/1464/276
f 2739/1461/2739 3638/1460/3638 2070/1465/2070
f 974/1466/974 2738/1470/2738 3639/1467/3639
f 656/1469/656 1520/1471/1520 3639/1467/3639
f 1520/1471/1520 282/3300/282 2072/1472/2072
f 2735/1468/2735 3639/1467/3639 2072/1472/2072
f 973/1474/973 2734/1477/2734 3640/1475/3640
f 2734/1477/2734 635/3700/635 1499/1478/1499
f 3640/1475/3640 1499/1478/1499 284/1479/284
f 2731/1476/2731 3640/1475/3640 2043/1480/2043
f 972/1482/972 2730/1485/2730 3641/1483/3641
f 2730/1485/2730 605/3694/605 1469/1486/1469
f 3641/1483/3641 1469/1486/1469 288/1487/288
f 2727/1484/2727 3641/1483/3641 2090/1488/2090
f 971/1490/971 2726/1493/2726 3642/1491/3642
f 2726/1493/2726 648/3687/648 1512/1494/1512
f 3642/1491/3642 1512/1494/1512 290/1495/290
f 2723/1492/2723 3642/1491/3642 2079/1496/2079
f 970/1497/970 2722/1500/2722 3643/1498/3643
f 2722/1500/2722 849/3401/849 2289/1501/2289
f 3643/1498/3643 2289/1501/2289 263/1502/263
f 2719/1499/2719 3643/1498/3643 1460/1503/1460
f 969/1505/969 2718/1508/2718 3644/1506/3644
f 2718/1508/2718 866/3391/866 2306/1509/2306
f 3644/1506/3644 2306/1509/2306 187/1510/187
f 2715/1507/2715 3644/1506/3644 1538/1511/1538
f 968/1513/968 2714/1516/2714 3645/1514/3645
f 2714/1516/2714 850/3381/850 2290/1517/2290
f 3645/1514/3645 2290/1517/2290 185/1119/185
f 2711/1515/2711 3645/1514/3645 1444/1518/1444
f 967/1519/967 2710/1522/2710 3646/1520/3646
f 2710/1522/2710 684/3194/684 2124/1523/2124
f 3646/1520/3646 2124/1523/2124 170/1524/170
f 2707/1521/2707 3646/1520/3646 1484/1525/1484
f 966/1527/966 2706/1530/2706 3647/1528/3647
f 2706/1530/2706 837/3366/837 2277/1531/2277
f 3647/1528/3647 2277/1531/2277 260/1532/260
f 2703/1529/2703 3647/1528/3647 1521/1533/1521
f 2702/1534/2702 3648/1538/3648 2699/1535/2699
f 2702/1534/2702 859/3357/859 2299/1537/2299
f 3648/1538/3648 2299/1537/2299 290/1495/290
f 3648/1538/3648 1470/1539/1470 606/1216/606
f 2698/1540/2698 3649/1544/3649 2695/1541/2695
f 2698/1540/2698 857/3346/857 2297/1543/2297
f 3649/1544/3649 2297/1543/2297 276/1464/276
f 3649/1544/3649 1519/1545/1519 655/1185/655
f 2694/1546/2694 3650/1550/3650 2691/1547/2691
f 854/1549/854 2294/1551/2294 3650/1550/3650
f 2294/1551/2294 181/3407/181 1477/1552/1477
f 3650/1550/3650 1477/1552/1477 613/1553/613
f 2690/1554/2690 3651/1558/3651 2687/1555/2687
f 840/1557/840 2280/1559/2280 3651/1558/3651
f 2280/1559/2280 266/3265/266 1487/1560/1487
f 3651/1558/3651 1487/1560/1487 623/1161/623
f 961/1561/961 2686/1564/2686 3652/1562/3652
f 2686/1564/2686 679/3213/679 2119/1565/2119
f 3652/1562/3652 2119/1565/2119 175/1167/175
f 2683/1563/2683 3652/1562/3652 1479/1566/1479
f 2682/1567/2682 3653/1571/3653 2679/1568/2679
f 701/1570/701 2141/1572/2141 3653/1571/3653
f 2141/1572/2141 285/3158/285 1474/1573/1474
f 3653/1571/3653 1474/1573/1474 610/1574/610
f 959/1575/959 2678/1578/2678 3654/1576/3654
f 2678/1578/2678 844/3306/844 1708/1579/1708
f 3654/1576/3654 1708/1579/1708 277/1580/277
f 2675/1577/2675 3654/1576/3654 1496/1581/1496
f 958/1582/958 2674/1585/2674 3655/1583/3655
f 2674/1585/2674 746/3079/746 2186/1586/2186
f 3655/1583/3655 2186/1586/2186 166/1587/166
f 2671/1584/2671 3655/1583/3655 1456/1588/1456
f 2670/1590/2670 3656/1594/3656 2667/1591/2667
f 843/1593/843 1707/1595/1707 3656/1594/3656
f 1707/1595/1707 178/3518/178 1448/1596/1448
f 3656/1594/3656 1448/1596/1448 584/1597/584
f 2666/1598/2666 3657/1602/3657 2663/1599/2663
f 2666/1598/2666 841/3284/841 1705/1601/1705
f 3657/1602/3657 1705/1601/1705 281/1603/281
f 3657/1602/3657 1465/1604/1465 601/1605/601
f 955/1606/955 2662/1609/2662 3658/1607/3658
f 2662/1609/2662 839/3271/839 1703/1610/1703
f 3658/1607/3658 1703/1610/1703 268/1611/268
f 2659/1608/2659 3658/1607/3658 1488/1612/1488
f 2658/1613/2658 3659/1617/3659 2655/1614/2655
f 675/1616/675 2115/1618/2115 3659/1617/3659
f 2115/1618/2115 173/3222/173 1480/1619/1480
f 3659/1617/3659 1480/1619/1480 616/1129/616
f 953/1620/953 2654/1623/2654 3660/1621/3660
f 2654/1623/2654 838/3257/838 1702/1624/1702
f 3660/1621/3660 1702/1624/1702 171/1625/171
f 2651/1622/2651 3660/1621/3660 1534/1626/1534
f 2650/1628/2650 3661/1632/3661 2647/1629/2647
f 2650/1628/2650 688/3185/688 2128/1631/2128
f 3661/1632/3661 2128/1631/2128 284/1479/284
f 3661/1632/3661 1515/1633/1515 651/1200/651
f 2646/1634/2646 3662/1638/3662 2643/1635/2643
f 2646/1634/2646 835/3240/835 1699/1637/1699
f 3662/1638/3662 1699/1637/1699 265/1639/265
f 3662/1638/3662 1457/1640/1457 593/1641/593
f 2642/1642/2642 3663/1646/3663 2639/1643/2639
f 677/1645/677 1541/1647/1541 3663/1646/3663
f 1541/1647/1541 169/3506/169 1535/1648/1535
f 3663/1646/3663 1535/1648/1535 671/1412/671
f 2638/1649/2638 3664/1653/3664 2635/1650/2635
f 697/1652/697 2137/1654/2137 3664/1653/3664
f 2137/1654/2137 270/3166/270 1489/1655/1489
f 3664/1653/3664 1489/1655/1489 625/1169/625
f 948/1656/948 2634/1659/2634 3665/1657/3665
f 2634/1659/2634 681/3212/681 1545/1660/1545
f 3665/1657/3665 1545/1660/1545 259/1661/259
f 2631/1658/2631 3665/1657/3665 1498/1662/1498
f 947/1664/947 2630/1667/2630 3666/1665/3666
f 2630/1667/2630 686/3203/686 1550/1668/1550
f 3666/1665/3666 1550/1668/1550 174/1669/174
f 2627/1666/2627 3666/1665/3666 1481/1670/1481
f 946/1672/946 2626/1675/2626 3667/1673/3667
f 2626/1675/2626 691/3193/691 1555/1676/1555
f 3667/1673/3667 1555/1676/1555 286/1222/286
f 2623/1674/2623 3667/1673/3667 1467/1677/1467
f 945/1678/945 2622/1681/2622 3668/1679/3668
f 2622/1681/2622 694/3184/694 1558/1682/1558
f 3668/1679/3668 1558/1682/1558 176/1683/176
f 2619/1680/2619 3668/1679/3668 1458/1684/1458
f 2618/1686/2618 3669/1690/3669 2615/1687/2615
f 716/1689/716 2156/1691/2156 3669/1690/3669
f 2156/1691/2156 167/3126/167 1508/1692/1508
f 3669/1690/3669 1508/1692/1508 644/1137/644
f 2614/1693/2614 3670/1697/3670 2611/1694/2611
f 699/1696/699 1563/1698/1563 3670/1697/3670
f 1563/1698/1563 272/3463/272 1490/1699/1490
f 3670/1697/3670 1490/1699/1490 626/1451/626
f 2610/1700/2610 3671/1704/3671 2607/1701/2607
f 704/1703/704 1568/1705/1568 3671/1704/3671
f 1568/1705/1568 283/3207/283 1516/1706/1516
f 3671/1704/3671 1516/1706/1516 652/1707/652
f 941/1708/941 2606/1711/2606 3672/1709/3672
f 2606/1711/2606 734/3099/734 2174/1712/2174
f 3672/1709/3672 2174/1712/2174 194/1713/194
f 2603/1710/2603 3672/1709/3672 1482/1714/1482
f 940/1716/940 2602/1719/2602 3673/1717/3673
f 2602/1719/2602 760/3059/760 2200/1720/2200
f 3673/1717/3673 2200/1720/2200 288/1487/288
f 2599/1718/2599 3673/1717/3673 1517/1721/1517
f 939/1722/939 2598/1725/2598 3674/1723/3674
f 2598/1725/2598 713/3141/713 1577/1726/1577
f 3674/1723/3674 1577/1726/1577 269/1727/269
f 2595/1724/2595 3674/1723/3674 1459/1728/1459
f 2594/1730/2594 3675/1734/3675 2591/1731/2591
f 719/1733/719 1583/1735/1583 3675/1734/3675
f 1583/1735/1583 165/3323/165 1525/1736/1525
f 3675/1734/3675 1525/1736/1525 661/1420/661
f 937/1737/937 2590/1740/2590 3676/1738/3676
f 2590/1740/2590 725/3123/725 1589/1741/1589
f 3676/1738/3676 1589/1741/1589 193/1135/193
f 2587/1739/2587 3676/1738/3676 1443/1742/1443
f 2586/1743/2586 3677/1747/3677 2583/1744/2583
f 731/1746/731 1595/1748/1595 3677/1747/3677
f 1595/1748/1595 274/3670/274 1491/1749/1491
f 3677/1747/3677 1491/1749/1491 627/1177/627
f 2582/1750/2582 3678/1754/3678 2579/1751/2579
f 737/1753/737 1601/1755/1601 3678/1754/3678
f 1601/1755/1601 191/3310/191 1475/1756/1475
f 3678/1754/3678 1475/1756/1475 611/1757/611
f 2578/1758/2578 3679/1762/3679 2575/1759/2575
f 743/1761/743 1607/1763/1607 3679/1762/3679
f 1607/1763/1607 279/3444/279 1500/1764/1500
f 3679/1762/3679 1500/1764/1500 636/1765/636
f 933/1766/933 2574/1769/2574 3680/1767/3680
f 2574/1769/2574 749/3088/749 1613/1770/1613
f 3680/1767/3680 1613/1770/1613 168/1771/168
f 2571/1768/2571 3680/1767/3680 1483/1772/1483
f 2570/1774/2570 3681/1778/3681 2567/1775/2567
f 2570/1774/2570 757/3078/757 1621/1777/1621
f 3681/1778/3681 1621/1777/1621 189/1389/189
f 3681/1778/3681 1529/1779/1529 665/1105/665
f 931/1780/931 2566/1783/2566 3682/1781/3682
f 2566/1783/2566 765/3067/765 1629/1784/1629
f 3682/1781/3682 1629/1784/1629 172/1127/172
f 2563/1782/2563 3682/1781/3682 1514/1785/1514
f 930/1786/930 2562/1789/2562 3683/1787/3683
f 2562/1789/2562 772/2662/772 1636/1790/1636
f 1636/1790/1636 120/2666/120 1352/1791/1352
f 3683/1787/3683 1352/1791/1352 488/1792/488
f 929/1793/929 2558/1796/2558 3684/1794/3684
f 2558/1796/2558 774/3016/774 1638/1797/1638
f 3684/1794/3684 1638/1797/1638 196/1798/196
f 2555/1795/2555 3684/1794/3684 1634/1799/1634
f 2554/1801/2554 3685/1805/3685 2551/1802/2551
f 771/1804/771 2211/3050/2211 3685/1805/3685
f 3685/1805/3685 2211/3050/2211 87/1806/87
f 2551/1802/2551 3685/1805/3685 1304/1807/1304
f 2550/1809/2550 3686/1813/3686 2547/1810/2547
f 776/1812/776 1640/1814/1640 3686/1813/3686
f 1640/1814/1640 222/2653/222 1611/1815/1611
f 3686/1813/3686 1611/1815/1611 747/1816/747
f 2546/1817/2546 3687/1821/3687 2543/1818/2543
f 775/1820/775 2215/3028/2215 3687/1821/3687
f 3687/1821/3687 2215/3028/2215 112/1822/112
f 2543/1818/2543 3687/1821/3687 1344/1823/1344
f 925/1825/925 2542/1828/2542 3688/1826/3688
f 2542/1828/2542 773/3002/773 2213/1829/2213
f 3688/1826/3688 2213/1829/2213 197/1830/197
f 2539/1827/2539 3688/1826/3688 1542/1831/1542
f 2538/1833/2538 3689/1837/3689 2535/1834/2535
f 780/1836/780 1644/2906/1644 3689/1837/3689
f 3689/1837/3689 1644/2906/1644 98/644/98
f 2535/1834/2535 3689/1837/3689 1318/1838/1318
f 923/1839/923 2534/1842/2534 3690/1840/3690
f 2534/1842/2534 782/2941/782 1646/1843/1646
f 3690/1840/3690 1646/1843/1646 200/1844/200
f 2531/1841/2531 3690/1840/3690 1632/1845/1632
f 2530/1847/2530 3691/1851/3691 2527/1848/2527
f 779/1850/779 2219/1852/2219 3691/1851/3691
f 2219/1852/2219 126/1047/126 1358/1853/1358
f 3691/1851/3691 1358/1853/1358 494/1854/494
f 921/1855/921 2526/1858/2526 3692/1856/3692
f 2526/1858/2526 784/2895/784 1648/1859/1648
f 3692/1856/3692 1648/1859/1648 204/1860/204
f 2523/1857/2523 3692/1856/3692 1630/1861/1630
f 920/1863/920 2522/1866/2522 3693/1864/3693
f 2522/1866/2522 783/2940/783 2223/1867/2223
f 3693/1868/3693 2223/2957/2223 85/540/85
f 2519/1870/2519 3693/1868/3693 1301/1869/1301
f 2518/1871/2518 3694/1875/3694 2515/1872/2515
f 781/1874/781 2221/1876/2221 3694/1875/3694
f 2221/1876/2221 201/4978/201 1578/1877/1578
f 3694/1875/3694 1578/1877/1578 714/1878/714
f 2514/1879/2514 3695/1883/3695 2511/1880/2511
f 787/1882/787 1651/2801/1651 3695/1883/3695
f 3695/1883/3695 1651/2801/1651 114/718/114
f 2511/1880/2511 3695/1883/3695 1346/1884/1346
f 917/1885/917 2510/1888/2510 3696/1886/3696
f 2510/1888/2510 788/2790/788 1652/1889/1652
f 3696/1886/3696 1652/1889/1652 212/1890/212
f 2507/1887/2507 3696/1886/3696 1622/1891/1622
f 2506/1893/2506 3697/1897/3697 2503/1894/2503
f 790/1896/790 1654/2822/1654 3697/1897/3697
f 3697/1897/3697 1654/2822/1654 88/1898/88
f 2503/1894/2503 3697/1897/3697 1305/564/1305
f 915/1899/915 2502/1902/2502 3698/1900/3698
f 2502/1902/2502 792/2855/792 1656/1903/1656
f 3698/1900/3698 1656/1903/1656 206/1904/206
f 2499/1901/2499 3698/1900/3698 1627/1905/1627
f 2498/1907/2498 3699/1911/3699 2495/1908/2495
f 789/1910/789 2229/2886/2229 3699/1911/3699
f 3699/1911/3699 2229/2886/2229 113/1912/113
f 2495/1908/2495 3699/1911/3699 1345/989/1345
f 913/1913/913 2494/1916/2494 3700/1914/3700
f 2494/1916/2494 794/2812/794 1658/1917/1658
f 3700/1914/3700 1658/1917/1658 210/1918/210
f 2491/1915/2491 3700/1914/3700 1625/1919/1625
f 2490/1921/2490 3701/1925/3701 2487/1922/2487
f 793/1924/793 2233/2866/2233 3701/1925/3701
f 3701/1925/3701 2233/2866/2233 97/1926/97
f 2487/1922/2487 3701/1925/3701 1317/588/1317
f 911/1927/911 2486/1930/2486 3702/1928/3702
f 2486/1930/2486 791/2842/791 2231/1931/2231
f 3702/1928/3702 2231/1931/2231 207/1932/207
f 2483/1929/2483 3702/1928/3702 1546/1933/1546
f 910/1935/910 2482/1938/2482 3703/1936/3703
f 2482/1938/2482 797/2551/797 1661/1939/1661
f 1661/1939/1661 121/686/121 1353/685/1353
f 3703/1936/3703 1353/685/1353 489/1940/489
f 2478/1941/2478 3704/1945/3704 2475/1942/2475
f 798/1944/798 1662/1946/1662 3704/1945/3704
f 1662/1946/1662 230/2545/230 1599/1947/1599
f 3704/1945/3704 1599/1947/1599 735/1948/735
f 2474/1949/2474 3705/1953/3705 2471/1950/2471
f 799/1952/799 1663/2780/1663 3705/1953/3705
f 3705/1953/3705 1663/2780/1663 89/1954/89
f 2471/1950/2471 3705/1953/3705 1306/1955/1306
f 907/1956/907 2470/1959/2470 3706/1957/3706
f 2470/1959/2470 800/2770/800 1664/1960/1664
f 3706/1957/3706 1664/1960/1664 214/1961/214
f 2467/1958/2467 3706/1957/3706 1619/1962/1619
f 906/1964/906 2466/1967/2466 3707/1965/3707
f 2466/1967/2466 801/2444/801 1665/1968/1665
f 1665/1968/1665 122/2447/122 1354/1969/1354
f 3707/1965/3707 1354/1969/1354 490/550/490
f 2462/1970/2462 3708/1974/3708 2459/1971/2459
f 802/1973/802 1666/1975/1666 3708/1974/3708
f 1666/1975/1666 238/2437/238 1587/1976/1587
f 3708/1974/3708 1587/1976/1587 723/1977/723
f 904/1978/904 2458/1981/2458 3709/1979/3709
f 2458/1981/2458 804/2687/804 1668/1982/1668
f 1668/1982/1668 91/2691/91 1311/1983/1311
f 3709/1979/3709 1311/1983/1311 447/1984/447
f 2454/1985/2454 3710/1989/3710 2451/1986/2451
f 806/1988/806 1670/1990/1670 3710/1989/3710
f 1670/1990/1670 216/2727/216 1616/1991/1616
f 3710/1989/3710 1616/1991/1616 752/1992/752
f 902/1993/902 2450/1996/2450 3711/1994/3711
f 2450/1996/2450 803/2747/803 2243/1997/2243
f 2243/1997/2243 119/2761/119 1351/1998/1351
f 3711/1994/3711 1351/1998/1351 487/1999/487
f 2446/2000/2446 3712/2004/3712 2443/2001/2443
f 808/2003/808 1672/2005/1672 3712/2004/3712
f 1672/2005/1672 220/2678/220 1614/2006/1614
f 3712/2004/3712 1614/2006/1614 750/2007/750
f 2442/2008/2442 3713/2012/3713 2439/2009/2439
f 807/2011/807 2247/2737/2247 3713/2012/3713
f 3713/2012/3713 2247/2737/2247 86/2013/86
f 2439/2009/2439 3713/2012/3713 1303/2014/1303
f 899/2016/899 2438/2019/2438 3714/2017/3714
f 2438/2019/2438 805/2711/805 2245/2020/2245
f 3714/2017/3714 2245/2020/2245 217/2021/217
f 2435/2018/2435 3714/2017/3714 1553/2022/1553
f 898/2024/898 2434/2027/2434 3715/2025/3715
f 2434/2027/2434 811/2611/811 1675/2028/1675
f 3715/2025/3715 1675/2028/1675 107/2029/107
f 2431/2026/2431 3715/2025/3715 1339/2030/1339
f 2430/2032/2430 3716/2036/3716 2427/2033/2427
f 812/2035/812 1676/2037/1676 3716/2036/3716
f 1676/2037/1676 226/2598/226 1605/2038/1605
f 3716/2036/3716 1605/2038/1605 741/2039/741
f 896/2040/896 2426/2043/2426 3717/2041/3717
f 2426/2043/2426 813/2637/813 1677/2044/1677
f 1677/2044/1677 92/2641/92 1312/2045/1312
f 3717/2041/3717 1312/2045/1312 448/2046/448
f 2422/2047/2422 3718/2051/3718 2419/2048/2419
f 814/2050/814 1678/2052/1678 3718/2051/3718
f 1678/2052/1678 224/2628/224 1608/2053/1608
f 3718/2051/3718 1608/2053/1608 744/2054/744
f 894/2055/894 2418/2058/2418 3719/2056/3719
f 2418/2058/2418 815/2504/815 1679/2059/1679
f 3719/2056/3719 1679/2059/1679 108/2060/108
f 2415/2057/2415 3719/2056/3719 1340/2061/1340
f 2414/2063/2414 3720/2067/3720 2411/2064/2411
f 816/2066/816 1680/2068/1680 3720/2067/3720
f 1680/2068/1680 234/2492/234 1593/2069/1593
f 3720/2067/3720 1593/2069/1593 729/2070/729
f 892/2071/892 2410/2074/2410 3721/2072/3721
f 2410/2074/2410 817/2624/817 1681/2075/1681
f 3721/2076/3721 1681/2586/1681 82/2077/82
f 2407/2073/2407 3721/2072/3721 1299/2079/1299
f 2406/2081/2406 3722/2085/3722 2403/2082/2403
f 818/2084/818 1682/2086/1682 3722/2085/3722
f 1682/2086/1682 228/4979/228 1602/2087/1602
f 3722/2085/3722 1602/2087/1602 738/2088/738
f 2402/2089/2402 3723/2093/3723 2399/2090/2399
f 819/2092/819 1683/2094/1683 3723/2093/3723
f 1683/2094/1683 124/2292/124 1356/2095/1356
f 3723/2093/3723 1356/2095/1356 492/2096/492
f 889/2097/889 2398/2100/2398 3724/2098/3724
f 2398/2100/2398 820/2275/820 1684/2101/1684
f 3724/2098/3724 1684/2101/1684 252/2102/252
f 2395/2099/2395 3724/2098/3724 1562/2103/1562
f 888/2105/888 2394/2108/2394 3725/2106/3725
f 2394/2108/2394 821/2528/821 1685/2109/1685
f 1685/2109/1685 93/660/93 1313/659/1313
f 3725/2106/3725 1313/659/1313 449/2110/449
f 2390/2111/2390 3726/2115/3726 2387/2112/2387
f 822/2114/822 1686/2116/1686 3726/2115/3726
f 1686/2116/1686 232/2521/232 1596/2117/1596
f 3726/2115/3726 1596/2117/1596 732/2118/732
f 886/2119/886 2386/2122/2386 3727/2120/3727
f 2386/2122/2386 785/2541/785 2225/2123/2225
f 3727/2120/3727 2225/2123/2225 109/1063/109
f 2383/2121/2383 3727/2120/3727 1341/1062/1341
f 2382/2125/2382 3728/2129/3728 2379/2126/2379
f 786/2128/786 2226/2130/2226 3728/2129/3728
f 2226/2130/2226 242/2919/242 1581/2131/1581
f 3728/2129/3728 1581/2131/1581 717/2132/717
f 884/2133/884 2378/2136/2378 3729/2134/3729
f 2378/2136/2378 823/2517/823 1687/2137/1687
f 3729/2138/3729 1687/2478/1687 83/2139/83
f 2375/2135/2375 3729/2134/3729 1300/2141/1300
f 2374/2143/2374 3730/2147/3730 2371/2144/2371
f 824/2146/824 1688/2148/1688 3730/2147/3730
f 1688/2148/1688 236/4980/236 1590/2149/1590
f 3730/2147/3730 1590/2149/1590 726/2150/726
f 2370/2151/2370 3731/2155/3731 2367/2152/2367
f 795/2154/795 2235/2156/2235 3731/2155/3731
f 2235/2156/2235 125/2846/125 1357/914/1357
f 3731/2155/3731 1357/914/1357 493/911/493
f 881/2157/881 2366/2160/2366 3732/2158/3732
f 2366/2160/2366 796/2471/796 2236/2161/2236
f 3732/2158/3732 2236/2161/2236 258/2162/258
f 2363/2159/2363 3732/2158/3732 1549/2163/1549
f 880/2165/880 2362/2168/2362 3733/2166/3733
f 2362/2168/2362 825/2422/825 1689/2169/1689
f 1689/2169/1689 94/2425/94 1314/2170/1314
f 3733/2166/3733 1314/2170/1314 450/1023/450
f 2358/2171/2358 3734/2175/3734 2355/2172/2355
f 826/2174/826 1690/2176/1690 3734/2175/3734
f 1690/2176/1690 240/2415/240 1584/2177/1584
f 3734/2175/3734 1584/2177/1584 720/2178/720
f 878/2179/878 2354/2182/2354 3735/2180/3735
f 2354/2182/2354 827/2345/827 1691/2183/1691
f 3735/2180/3735 1691/2183/1691 110/2184/110
f 2351/2181/2351 3735/2180/3735 1342/2185/1342
f 2350/2186/2350 3736/2190/3736 2347/2187/2347
f 828/2189/828 1692/2191/1692 3736/2190/3736
f 1692/2191/1692 250/2334/250 1569/2192/1569
f 3736/2190/3736 1569/2192/1569 705/2193/705
f 2346/2194/2346 3737/2198/3737 2343/2195/2343
f 830/2197/830 1694/2318/1694 3737/2198/3737
f 3737/2198/3737 1694/2318/1694 95/2199/95
f 2343/2195/2343 3737/2198/3737 1315/2200/1315
f 875/2202/875 2342/2205/2342 3738/2203/3738
f 2342/2205/2342 832/2358/832 1696/2206/1696
f 3738/2203/3738 1696/2206/1696 244/2207/244
f 2339/2204/2339 3738/2203/3738 1574/2208/1574
f 2338/2210/2338 3739/2214/3739 2335/2211/2335
f 829/2213/829 2269/2215/2269 3739/2214/3739
f 2269/2215/2269 123/2405/123 1355/2216/1355
f 3739/2214/3739 1355/2216/1355 491/2217/491
f 873/2218/873 2334/2221/2334 3740/2219/3740
f 2334/2221/2334 834/2303/834 1698/2222/1698
f 3740/2219/3740 1698/2222/1698 248/2223/248
f 2331/2220/2331 3740/2219/3740 1572/2224/1572
f 872/2226/872 2330/2229/2330 3741/2227/3741
f 2330/2229/2330 833/2357/833 2273/2230/2273
f 3741/2231/3741 2273/2376/2273 84/2232/84
f 2327/2228/2327 3741/2227/3741 1302/2234/1302
f 2326/2235/2326 3742/2239/3742 2323/2236/2323
f 831/2238/831 2271/2240/2271 3742/2239/3742
f 2271/2240/2271 245/4981/245 1566/2241/1566
f 3742/2239/3742 1566/2241/1566 702/2242/702
f 2322/2243/2322 3743/2247/3743 2319/2244/2319
f 809/2246/809 2249/2713/2249 3743/2247/3743
f 3743/2247/3743 2249/2713/2249 111/2248/111
f 2319/2244/2319 3743/2247/3743 1343/2249/1343
f 869/2251/869 2318/2254/2318 3744/2252/3744
f 2318/2254/2318 810/2316/810 2250/2255/2250
f 3744/2252/3744 2250/2255/2250 256/2256/256
f 2315/2253/2315 3744/2252/3744 1556/2257/1556
f 2314/2259/2314 3745/2263/3745 2311/2260/2311
f 777/2262/777 2217/3004/2217 3745/2263/3745
f 3745/2263/3745 2217/3004/2217 96/2264/96
f 2311/2260/2311 3745/2263/3745 1316/2265/1316
f 867/2267/867 2310/2270/2310 3746/2268/3746
f 2310/2270/2310 778/2288/778 2218/2271/2218
f 3746/2268/3746 2218/2271/2218 254/2272/254
f 2307/2269/2307 3746/2268/3746 1559/2273/1559
f 820/2275/820 2309/2277/2309 3747/2276/3747
f 2309/2277/2309 867/2267/867 2307/2269/2307
f 3747/2276/3747 2307/2269/2307 695/2274/695
f 1684/2101/1684 3747/2276/3747 2135/2278/2135
f 43/2279/43 1748/2282/1748 3748/2280/3748
f 1748/2282/1748 308/2285/308 2308/2283/2308
f 3748/2280/3748 2308/2283/2308 867/2267/867
f 2260/2281/2260 3748/2280/3748 2309/2277/2309
f 1172/2284/1172 3749/2287/3749 2308/2283/2308
f 15/2286/15 1642/2995/1642 3749/2287/3749
f 3749/2287/3749 1642/2995/1642 778/2288/778
f 2308/2283/2308 3749/2287/3749 2310/2270/2310
f 2313/2289/2313 3750/2290/3750 1683/2094/1683
f 868/2261/868 2311/2260/2311 3750/2290/3750
f 2311/2260/2311 452/2266/452 1892/2291/1892
f 3750/2290/3750 1892/2291/1892 124/2292/124
f 1557/2293/1557 3751/2297/3751 2259/2294/2259
f 693/2296/693 2312/2298/2312 3751/2297/3751
f 2312/2298/2312 868/2261/868 2313/2289/2313
f 3751/2297/3751 2313/2289/2313 819/2092/819
f 2133/2299/2133 3752/2301/3752 2312/2298/2312
f 253/2300/253 1641/2302/1641 3752/2301/3752
f 1641/2302/1641 777/2262/777 2314/2259/2314
f 3752/2301/3752 2314/2259/2314 868/2261/868
f 834/2303/834 2317/2305/2317 3753/2304/3753
f 2317/2305/2317 869/2251/869 2315/2253/2315
f 3753/2304/3753 2315/2253/2315 692/2258/692
f 1698/2222/1698 3753/2304/3753 2132/2306/2132
f 1775/2307/1775 3754/2311/3754 2274/2308/2274
f 335/2310/335 2316/2313/2316 3754/2311/3754
f 3754/2311/3754 2316/2313/2316 869/2251/869
f 2274/2308/2274 3754/2311/3754 2317/2305/2317
f 1199/2312/1199 3755/2315/3755 2316/2313/2316
f 30/2314/30 1674/2704/1674 3755/2315/3755
f 3755/2315/3755 1674/2704/1674 810/2316/810
f 2316/2313/2316 3755/2315/3755 2318/2254/2318
f 2321/2317/2321 3756/2319/3756 1694/2318/1694
f 870/2245/870 2319/2244/2319 3756/2319/3756
f 3756/2319/3756 2319/2244/2319 479/2250/479
f 1694/2318/1694 3756/2319/3756 1919/2320/1919
f 1554/2321/1554 3757/2325/3757 2270/2322/2270
f 690/2324/690 2320/2326/2320 3757/2325/3757
f 2320/2326/2320 870/2245/870 2321/2317/2321
f 3757/2325/3757 2321/2317/2321 830/2197/830
f 2130/2327/2130 3758/2329/3758 2320/2326/2320
f 255/2328/255 1673/2330/1673 3758/2329/3758
f 1673/2330/1673 809/2246/809 2322/2243/2322
f 3758/2329/3758 2322/2243/2322 870/2245/870
f 2325/2331/2325 3759/2332/3759 1692/2191/1692
f 871/2237/871 2323/2236/2323 3759/2332/3759
f 2323/2236/2323 702/2242/702 2142/2333/2142
f 3759/2332/3759 2142/2333/2142 250/2334/250
f 1734/259/1734 3760/2337/3760 2268/2335/2268
f 294/256/294 2324/2338/2324 3760/2337/3760
f 2324/2338/2324 871/2237/871 2325/2331/2325
f 3760/2337/3760 2325/2331/2325 828/2189/828
f 1158/2339/1158 3761/2344/3761 2324/2338/2324
f 3/2340/3 1695/2394/1695 3761/2341/3761
f 1695/2343/1695 831/2238/831 2326/2235/2326
f 3761/2344/3761 2326/2235/2326 871/2237/871
f 827/2345/827 2329/2347/2329 3762/2346/3762
f 2329/2347/2329 872/2226/872 2327/2228/2327
f 3762/2346/3762 2327/2228/2327 438/795/438
f 1691/2183/1691 3762/2346/3762 1878/794/1878
f 249/2348/249 1564/2351/1564 3763/2349/3763
f 1564/2351/1564 700/2353/700 2328/2352/2328
f 3763/2349/3763 2328/2352/2328 872/2226/872
f 2267/2350/2267 3763/2349/3763 2329/2347/2329
f 700/2353/700 2140/2355/2140 3764/2354/3764
f 2140/2355/2140 246/3279/246 1697/2356/1697
f 3764/2354/3764 1697/2356/1697 833/2357/833
f 2328/2352/2328 3764/2354/3764 2330/2229/2330
f 832/2358/832 2333/2360/2333 3765/2359/3765
f 2333/2360/2333 873/2218/873 2331/2220/2331
f 3765/2359/3765 2331/2220/2331 708/2225/708
f 1696/2206/1696 3765/2359/3765 2148/2361/2148
f 42/2362/42 1747/2365/1747 3766/2363/3766
f 1747/2365/1747 307/2368/307 2332/2366/2332
f 3766/2363/3766 2332/2366/2332 873/2218/873
f 2272/2364/2272 3766/2363/3766 2333/2360/2333
f 1171/2367/1171 3767/2369/3767 2332/2366/2332
f 14/2309/14 2274/2308/2274 3767/2369/3767
f 3767/2369/3767 2274/2308/2274 834/2303/834
f 2332/2366/2332 3767/2369/3767 2334/2221/2334
f 2337/2370/2337 3768/2373/3768 2273/2371/2273
f 874/2212/874 2335/2211/2335 3768/2373/3768
f 2335/2211/2335 491/2217/491 1931/2374/1931
f 3768/2375/3768 1931/4124/1931 84/2232/84
f 1573/2377/1573 3769/2381/3769 1697/2378/1697
f 709/2380/709 2336/2382/2336 3769/2381/3769
f 2336/2382/2336 874/2212/874 2337/2370/2337
f 3769/2381/3769 2337/2370/2337 833/2372/833
f 2149/2383/2149 3770/2385/3770 2336/2382/2336
f 243/2384/243 1693/2386/1693 3770/2385/3770
f 1693/2386/1693 829/2213/829 2338/2210/2338
f 3770/2385/3770 2338/2210/2338 874/2212/874
f 831/2387/831 2341/2390/2341 3771/2388/3771
f 2341/2390/2341 875/2202/875 2339/2204/2339
f 3771/2388/3771 2339/2204/2339 710/2209/710
f 2271/2389/2271 3771/2388/3771 2150/2391/2150
f 3/2340/3 1787/4710/1787 3772/2393/3772
f 1787/2395/1787 347/2399/347 2340/2396/2340
f 3772/2397/3772 2340/2396/2340 875/2202/875
f 1695/2398/1695 3772/2397/3772 2341/2390/2341
f 347/2399/347 1211/2401/1211 3773/2400/3773
f 1211/2401/1211 42/2362/42 2272/2364/2272
f 3773/2400/3773 2272/2364/2272 832/2358/832
f 2340/2396/2340 3773/2400/3773 2342/2205/2342
f 2345/2402/2345 3774/2403/3774 2269/2215/2269
f 876/2196/876 2343/2195/2343 3774/2403/3774
f 2343/2195/2343 451/2201/451 1891/2404/1891
f 3774/2403/3774 1891/2404/1891 123/2405/123
f 1570/2406/1570 3775/2408/3775 1693/2386/1693
f 706/2407/706 2344/2409/2344 3775/2408/3775
f 2344/2409/2344 876/2196/876 2345/2402/2345
f 3775/2408/3775 2345/2402/2345 829/2213/829
f 2146/2410/2146 3776/2411/3776 2344/2409/2344
f 247/2323/247 2270/2322/2270 3776/2411/3776
f 2270/2322/2270 830/2197/830 2346/2194/2346
f 3776/2411/3776 2346/2194/2346 876/2196/876
f 2349/2412/2349 3777/2413/3777 1690/2176/1690
f 877/2188/877 2347/2187/2347 3777/2413/3777
f 2347/2187/2347 705/2193/705 2145/2414/2145
f 3777/2413/3777 2145/2414/2145 240/2415/240
f 13/2416/13 1774/86/1774 3778/2417/3778
f 1774/86/1774 334/84/334 2348/2419/2348
f 2348/2419/2348 877/2188/877 2349/2412/2349
f 3778/2417/3778 2349/2412/2349 826/2174/826
f 1198/2420/1198 3779/2421/3779 2348/2419/2348
f 29/2336/29 2268/2335/2268 3779/2421/3779
f 2268/2335/2268 828/2189/828 2350/2186/2350
f 3779/2421/3779 2350/2186/2350 877/2188/877
f 825/2422/825 2353/2424/2353 3780/2423/3780
f 2353/2424/2353 878/2179/878 2351/2181/2351
f 2351/2181/2351 478/622/478 1918/621/1918
f 3780/2423/3780 1918/621/1918 94/2425/94
f 239/2426/239 1567/2429/1567 3781/2427/3781
f 1567/2429/1567 703/2431/703 2352/2430/2352
f 3781/2427/3781 2352/2430/2352 878/2179/878
f 2265/2428/2265 3781/2427/3781 2353/2424/2353
f 703/2431/703 2143/2433/2143 3782/2432/3782
f 2143/2433/2143 249/2348/249 2267/2350/2267
f 3782/2432/3782 2267/2350/2267 827/2345/827
f 2352/2430/2352 3782/2432/3782 2354/2182/2354
f 2357/2434/2357 3783/2435/3783 1666/1975/1666
f 879/2173/879 2355/2172/2355 3783/2435/3783
f 2355/2172/2355 720/2178/720 2160/2436/2160
f 3783/2435/3783 2160/2436/2160 238/2437/238
f 41/2438/41 1746/489/1746 3784/2439/3784
f 1746/489/1746 306/487/306 2356/2441/2356
f 2356/2441/2356 879/2173/879 2357/2434/2357
f 3784/2439/3784 2357/2434/2357 802/1973/802
f 306/487/306 1170/2443/1170 3785/2442/3785
f 1170/2443/1170 13/2416/13 2266/2418/2266
f 2266/2418/2266 826/2174/826 2358/2171/2358
f 3785/2442/3785 2358/2171/2358 879/2173/879
f 801/2444/801 2361/2446/2361 3786/2445/3786
f 2361/2446/2361 880/2165/880 2359/2167/2359
f 2359/2167/2359 450/1023/450 1890/1022/1890
f 3786/2445/3786 1890/1022/1890 122/2447/122
f 237/2448/237 1582/2451/1582 3787/2449/3787
f 1582/2451/1582 718/2453/718 2360/2452/2360
f 3787/2449/3787 2360/2452/2360 880/2165/880
f 2241/2450/2241 3787/2449/3787 2361/2446/2361
f 718/2453/718 2158/2455/2158 3788/2454/3788
f 2158/2455/2158 239/2426/239 2265/2428/2265
f 3788/2454/3788 2265/2428/2265 825/2422/825
f 2360/2452/2360 3788/2454/3788 2362/2168/2362
f 824/2456/824 2365/2459/2365 3789/2457/3789
f 2365/2459/2365 881/2157/881 2363/2159/2363
f 3789/2457/3789 2363/2159/2363 685/2164/685
f 1688/2458/1688 3789/2457/3789 2125/2460/2125
f 2/2462/2 1789/4569/1789 3790/2463/3790
f 1789/2465/1789 349/383/349 2364/2466/2364
f 3790/2467/3790 2364/2466/2364 881/2157/881
f 2264/2468/2264 3790/2467/3790 2365/2459/2365
f 349/383/349 1213/382/1213 3791/2469/3791
f 1213/382/1213 44/2836/44 1660/2470/1660
f 3791/2469/3791 1660/2470/1660 796/2471/796
f 2364/2466/2364 3791/2469/3791 2366/2160/2366
f 2369/2472/2369 3792/2475/3792 1687/2473/1687
f 882/2153/882 2367/2152/2367 3792/2475/3792
f 2367/2152/2367 493/911/493 1933/2476/1933
f 3792/2477/3792 1933/4982/1933 83/2139/83
f 1547/2479/1547 3793/2483/3793 2263/2480/2263
f 683/2482/683 2368/2484/2368 3793/2483/3793
f 2368/2484/2368 882/2153/882 2369/2472/2369
f 3793/2483/3793 2369/2472/2369 823/2474/823
f 2123/2485/2123 3794/2487/3794 2368/2484/2368
f 257/2486/257 1659/2488/1659 3794/2487/3794
f 1659/2488/1659 795/2154/795 2370/2151/2370
f 3794/2487/3794 2370/2151/2370 882/2153/882
f 2373/2489/2373 3795/2490/3795 1680/2068/1680
f 883/2145/883 2371/2144/2371 3795/2490/3795
f 2371/2144/2371 726/2150/726 2166/2491/2166
f 3795/2490/3795 2166/2491/2166 234/2492/234
f 1732/2493/1732 3796/2497/3796 2256/2494/2256
f 292/2496/292 2372/2498/2372 3796/2497/3796
f 2372/2498/2372 883/2145/883 2373/2489/2373
f 3796/2497/3796 2373/2489/2373 816/2066/816
f 1156/2499/1156 3797/2503/3797 2372/2498/2372
f 2/2462/2 2264/2464/2264 3797/2500/3797
f 2264/2502/2264 824/2146/824 2374/2143/2374
f 3797/2503/3797 2374/2143/2374 883/2145/883
f 815/2504/815 2377/2506/2377 3798/2505/3798
f 2377/2506/2377 884/2133/884 2375/2135/2375
f 3798/2505/3798 2375/2135/2375 436/2142/436
f 1679/2059/1679 3798/2505/3798 1876/2507/1876
f 233/2508/233 1588/2511/1588 3799/2509/3799
f 1588/2511/1588 724/2513/724 2376/2512/2376
f 3799/2509/3799 2376/2512/2376 884/2133/884
f 2255/2510/2255 3799/2509/3799 2377/2506/2377
f 724/2513/724 2164/2515/2164 3800/2514/3800
f 2164/2515/2164 235/3235/235 2263/2516/2263
f 3800/2514/3800 2263/2516/2263 823/2517/823
f 2376/2512/2376 3800/2514/3800 2378/2136/2378
f 2381/2518/2381 3801/2519/3801 1686/2116/1686
f 885/2127/885 2379/2126/2379 3801/2519/3801
f 2379/2126/2379 717/2132/717 2157/2520/2157
f 3801/2519/3801 2157/2520/2157 232/2521/232
f 12/126/12 1773/2524/1773 3802/2522/3802
f 1773/2524/1773 333/534/333 2380/2525/2380
f 2380/2525/2380 885/2127/885 2381/2518/2381
f 3802/2522/3802 2381/2518/2381 822/2114/822
f 1197/533/1197 3803/2526/3803 2380/2525/2380
f 28/532/28 1650/2527/1650 3803/2526/3803
f 1650/2527/1650 786/2128/786 2382/2125/2382
f 3803/2526/3803 2382/2125/2382 885/2127/885
f 821/2528/821 2385/2530/2385 3804/2529/3804
f 2385/2530/2385 886/2119/886 2383/2121/2383
f 2383/2121/2383 477/2124/477 1917/2531/1917
f 3804/2529/3804 1917/2531/1917 93/660/93
f 231/2532/231 1579/2535/1579 3805/2533/3805
f 1579/2535/1579 715/2537/715 2384/2536/2384
f 3805/2533/3805 2384/2536/2384 886/2119/886
f 2261/2534/2261 3805/2533/3805 2385/2530/2385
f 715/2537/715 2155/2539/2155 3806/2538/3806
f 2155/2539/2155 241/2932/241 1649/2540/1649
f 3806/2538/3806 1649/2540/1649 785/2541/785
f 2384/2536/2384 3806/2538/3806 2386/2122/2386
f 2389/2542/2389 3807/2543/3807 1662/1946/1662
f 887/2113/887 2387/2112/2387 3807/2543/3807
f 2387/2112/2387 732/2118/732 2172/2544/2172
f 3807/2543/3807 2172/2544/2172 230/2545/230
f 40/152/40 1745/2548/1745 3808/2546/3808
f 1745/2548/1745 305/128/305 2388/2549/2388
f 2388/2549/2388 887/2113/887 2389/2542/2389
f 3808/2546/3808 2389/2542/2389 798/1944/798
f 305/128/305 1169/127/1169 3809/2550/3809
f 1169/127/1169 12/126/12 2262/2523/2262
f 2262/2523/2262 822/2114/822 2390/2111/2390
f 3809/2550/3809 2390/2111/2390 887/2113/887
f 797/2551/797 2393/2553/2393 3810/2552/3810
f 2393/2553/2393 888/2105/888 2391/2107/2391
f 2391/2107/2391 449/2110/449 1889/2554/1889
f 3810/2552/3810 1889/2554/1889 121/686/121
f 229/2555/229 1594/2558/1594 3811/2556/3811
f 1594/2558/1594 730/2560/730 2392/2559/2392
f 3811/2556/3811 2392/2559/2392 888/2105/888
f 2237/2557/2237 3811/2556/3811 2393/2553/2393
f 730/2560/730 2170/2562/2170 3812/2561/3812
f 2170/2562/2170 231/2532/231 2261/2534/2261
f 3812/2561/3812 2261/2534/2261 821/2528/821
f 2392/2559/2392 3812/2561/3812 2394/2108/2394
f 818/2563/818 2397/2566/2397 3813/2564/3813
f 2397/2566/2397 889/2097/889 2395/2099/2395
f 3813/2564/3813 2395/2099/2395 698/2104/698
f 1682/2565/1682 3813/2564/3813 2138/2567/2138
f 1/2569/1 1788/2572/1788 3814/2570/3814
f 1788/2572/1788 348/4642/348 2396/2573/2396
f 3814/2574/3814 2396/2578/2396 889/2097/889
f 2258/2575/2258 3814/2574/3814 2397/2566/2397
f 348/2576/348 1212/2579/1212 3815/2577/3815
f 1212/2579/1212 43/2279/43 2260/2281/2260
f 3815/2577/3815 2260/2281/2260 820/2275/820
f 2396/2578/2396 3815/2577/3815 2398/2100/2398
f 2401/2580/2401 3816/2583/3816 1681/2581/1681
f 890/2091/890 2399/2090/2399 3816/2583/3816
f 2399/2090/2399 492/2096/492 1932/2584/1932
f 3816/2585/3816 1932/4061/1932 82/2077/82
f 1560/2587/1560 3817/2591/3817 2257/2588/2257
f 696/2590/696 2400/2592/2400 3817/2591/3817
f 2400/2592/2400 890/2091/890 2401/2580/2401
f 3817/2591/3817 2401/2580/2401 817/2582/817
f 2136/2593/2136 3818/2594/3818 2400/2592/2400
f 251/2295/251 2259/2294/2259 3818/2594/3818
f 2259/2294/2259 819/2092/819 2402/2089/2402
f 3818/2594/3818 2402/2089/2402 890/2091/890
f 2405/2595/2405 3819/2596/3819 1676/2037/1676
f 891/2083/891 2403/2082/2403 3819/2596/3819
f 2403/2082/2403 738/2088/738 2178/2597/2178
f 3819/2596/3819 2178/2597/2178 226/2598/226
f 1731/2599/1731 3820/2603/3820 2252/2600/2252
f 291/2602/291 2404/2604/2404 3820/2603/3820
f 2404/2604/2404 891/2083/891 2405/2595/2405
f 3820/2603/3820 2405/2595/2405 812/2035/812
f 1155/2605/1155 3821/2608/3821 2404/2606/2404
f 1/2569/1 2258/2571/2258 3821/2608/3821
f 2258/2609/2258 818/2084/818 2406/2081/2406
f 3821/2610/3821 2406/2081/2406 891/2083/891
f 811/2611/811 2409/2613/2409 3822/2612/3822
f 2409/2613/2409 892/2071/892 2407/2073/2407
f 3822/2612/3822 2407/2073/2407 435/2080/435
f 1675/2028/1675 3822/2612/3822 1875/2614/1875
f 225/2615/225 1600/2618/1600 3823/2616/3823
f 1600/2618/1600 736/2620/736 2408/2619/2408
f 3823/2616/3823 2408/2619/2408 892/2071/892
f 2251/2617/2251 3823/2616/3823 2409/2613/2409
f 736/2620/736 2176/2622/2176 3824/2621/3824
f 2176/2622/2176 227/3640/227 2257/2623/2257
f 3824/2621/3824 2257/2623/2257 817/2624/817
f 2408/2619/2408 3824/2621/3824 2410/2074/2410
f 2413/2625/2413 3825/2626/3825 1678/2052/1678
f 893/2065/893 2411/2064/2411 3825/2626/3825
f 2411/2064/2411 729/2070/729 2169/2627/2169
f 3825/2626/3825 2169/2627/2169 224/2628/224
f 11/2629/11 1772/2632/1772 3826/2630/3826
f 1772/2632/1772 332/2635/332 2412/2633/2412
f 2412/2633/2412 893/2065/893 2413/2625/2413
f 3826/2630/3826 2413/2625/2413 814/2050/814
f 1196/2634/1196 3827/2636/3827 2412/2633/2412
f 27/2495/27 2256/2494/2256 3827/2636/3827
f 2256/2494/2256 816/2066/816 2414/2063/2414
f 3827/2636/3827 2414/2063/2414 893/2065/893
f 813/2637/813 2417/2639/2417 3828/2638/3828
f 2417/2639/2417 894/2055/894 2415/2057/2415
f 2415/2057/2415 476/2062/476 1916/2640/1916
f 3828/2638/3828 1916/2640/1916 92/2641/92
f 223/2642/223 1591/2645/1591 3829/2643/3829
f 1591/2645/1591 727/2647/727 2416/2646/2416
f 3829/2643/3829 2416/2646/2416 894/2055/894
f 2253/2644/2253 3829/2643/3829 2417/2639/2417
f 727/2647/727 2167/2649/2167 3830/2648/3830
f 2167/2649/2167 233/2508/233 2255/2510/2255
f 3830/2648/3830 2255/2510/2255 815/2504/815
f 2416/2646/2416 3830/2648/3830 2418/2058/2418
f 2421/2650/2421 3831/2651/3831 1640/1814/1640
f 895/2049/895 2419/2048/2419 3831/2651/3831
f 2419/2048/2419 744/2054/744 2184/2652/2184
f 3831/2651/3831 2184/2652/2184 222/2653/222
f 39/2654/39 1744/2657/1744 3832/2655/3832
f 1744/2657/1744 304/2659/304 2420/2658/2420
f 2420/2658/2420 895/2049/895 2421/2650/2421
f 3832/2655/3832 2421/2650/2421 776/1812/776
f 304/2659/304 1168/2661/1168 3833/2660/3833
f 1168/2661/1168 11/2629/11 2254/2631/2254
f 2254/2631/2254 814/2050/814 2422/2047/2422
f 3833/2660/3833 2422/2047/2422 895/2049/895
f 772/2662/772 2425/2664/2425 3834/2663/3834
f 2425/2664/2425 896/2040/896 2423/2042/2423
f 2423/2042/2423 448/2046/448 1888/2665/1888
f 3834/2663/3834 1888/2665/1888 120/2666/120
f 221/2667/221 1606/2670/1606 3835/2668/3835
f 1606/2670/1606 742/2672/742 2424/2671/2424
f 3835/2668/3835 2424/2671/2424 896/2040/896
f 2212/2669/2212 3835/2668/3835 2425/2664/2425
f 742/2672/742 2182/2674/2182 3836/2673/3836
f 2182/2674/2182 223/2642/223 2253/2644/2253
f 3836/2673/3836 2253/2644/2253 813/2637/813
f 2424/2671/2424 3836/2673/3836 2426/2043/2426
f 2429/2675/2429 3837/2676/3837 1672/2005/1672
f 897/2034/897 2427/2033/2427 3837/2676/3837
f 2427/2033/2427 741/2039/741 2181/2677/2181
f 3837/2676/3837 2181/2677/2181 220/2678/220
f 10/2679/10 1771/2682/1771 3838/2680/3838
f 1771/2682/1771 331/2685/331 2428/2683/2428
f 2428/2683/2428 897/2034/897 2429/2675/2429
f 3838/2680/3838 2429/2675/2429 808/2003/808
f 1195/2684/1195 3839/2686/3839 2428/2683/2428
f 26/2601/26 2252/2600/2252 3839/2686/3839
f 2252/2600/2252 812/2035/812 2430/2032/2430
f 3839/2686/3839 2430/2032/2430 897/2034/897
f 804/2687/804 2433/2689/2433 3840/2688/3840
f 2433/2689/2433 898/2024/898 2431/2026/2431
f 2431/2026/2431 475/2031/475 1915/2690/1915
f 3840/2688/3840 1915/2690/1915 91/2691/91
f 219/2692/219 1603/2695/1603 3841/2693/3841
f 1603/2695/1603 739/2697/739 2432/2696/2432
f 3841/2693/3841 2432/2696/2432 898/2024/898
f 2244/2694/2244 3841/2693/3841 2433/2689/2433
f 739/2697/739 2179/2699/2179 3842/2698/3842
f 2179/2699/2179 225/2615/225 2251/2617/2251
f 3842/2698/3842 2251/2617/2251 811/2611/811
f 2432/2696/2432 3842/2698/3842 2434/2027/2434
f 810/2316/810 2437/2701/2437 3843/2700/3843
f 2437/2701/2437 899/2016/899 2435/2018/2435
f 3843/2700/3843 2435/2018/2435 689/2023/689
f 2250/2255/2250 3843/2700/3843 2129/2702/2129
f 1735/2703/1735 3844/2706/3844 1674/2704/1674
f 295/2705/295 2436/2708/2436 3844/2706/3844
f 3844/2706/3844 2436/2708/2436 899/2016/899
f 1674/2704/1674 3844/2706/3844 2437/2701/2437
f 1159/2707/1159 3845/2710/3845 2436/2708/2436
f 5/2709/5 1669/2752/1669 3845/2710/3845
f 3845/2710/3845 1669/2752/1669 805/2711/805
f 2436/2708/2436 3845/2710/3845 2438/2019/2438
f 2441/2712/2441 3846/2714/3846 2249/2713/2249
f 900/2010/900 2439/2009/2439 3846/2714/3846
f 3846/2714/3846 2439/2009/2439 439/2015/439
f 2249/2713/2249 3846/2714/3846 1879/2715/1879
f 1551/2716/1551 3847/2718/3847 1673/2330/1673
f 687/2717/687 2440/2719/2440 3847/2718/3847
f 2440/2719/2440 900/2010/900 2441/2712/2441
f 3847/2718/3847 2441/2712/2441 809/2246/809
f 2127/2720/2127 3848/2722/3848 2440/2719/2440
f 218/2721/218 1671/2723/1671 3848/2722/3848
f 1671/2723/1671 807/2011/807 2442/2008/2442
f 3848/2722/3848 2442/2008/2442 900/2010/900
f 2445/2724/2445 3849/2725/3849 1670/1990/1670
f 901/2002/901 2443/2001/2443 3849/2725/3849
f 2443/2001/2443 750/2007/750 2190/2726/2190
f 3849/2725/3849 2190/2726/2190 216/2727/216
f 38/2728/38 1743/2731/1743 3850/2729/3850
f 1743/2731/1743 303/2733/303 2444/2732/2444
f 2444/2732/2444 901/2002/901 2445/2724/2445
f 3850/2729/3850 2445/2724/2445 806/1988/806
f 303/2733/303 1167/2735/1167 3851/2734/3851
f 1167/2735/1167 10/2679/10 2248/2681/2248
f 2248/2681/2248 808/2003/808 2446/2000/2446
f 3851/2734/3851 2446/2000/2446 901/2002/901
f 807/2011/807 2449/2738/2449 3852/2736/3852
f 2449/2738/2449 902/1993/902 2447/1995/2447
f 2447/1995/2447 487/1999/487 1927/2739/1927
f 3852/2736/3852 1927/2739/1927 86/2013/86
f 218/2721/218 1615/2741/1615 3853/2740/3853
f 1615/2741/1615 751/2743/751 2448/2742/2448
f 3853/2740/3853 2448/2742/2448 902/1993/902
f 1671/2723/1671 3853/2740/3853 2449/2738/2449
f 751/2743/751 2191/2745/2191 3854/2744/3854
f 2191/2745/2191 215/2762/215 1667/2746/1667
f 3854/2744/3854 1667/2746/1667 803/2747/803
f 2448/2742/2448 3854/2744/3854 2450/1996/2450
f 2453/2748/2453 3855/2749/3855 2245/2020/2245
f 903/1987/903 2451/1986/2451 3855/2749/3855
f 2451/1986/2451 752/1992/752 2192/2750/2192
f 3855/2749/3855 2192/2750/2192 217/2021/217
f 5/2709/5 1783/2753/1783 3856/2751/3856
f 1783/2753/1783 343/2755/343 2452/2754/2452
f 2452/2754/2452 903/1987/903 2453/2748/2453
f 3856/2751/3856 2453/2748/2453 805/2711/805
f 343/2755/343 1207/2757/1207 3857/2756/3857
f 1207/2757/1207 38/2728/38 2246/2730/2246
f 2246/2730/2246 806/1988/806 2454/1985/2454
f 3857/2756/3857 2454/1985/2454 903/1987/903
f 803/2747/803 2457/2759/2457 3858/2758/3858
f 2457/2759/2457 904/1978/904 2455/1980/2455
f 2455/1980/2455 447/1984/447 1887/2760/1887
f 3858/2758/3858 1887/2760/1887 119/2761/119
f 215/2762/215 1612/2764/1612 3859/2763/3859
f 1612/2764/1612 748/2766/748 2456/2765/2456
f 3859/2763/3859 2456/2765/2456 904/1978/904
f 1667/2746/1667 3859/2763/3859 2457/2759/2457
f 748/2766/748 2188/2768/2188 3860/2767/3860
f 2188/2768/2188 219/2692/219 2244/2694/2244
f 3860/2767/3860 2244/2694/2244 804/2687/804
f 2456/2765/2456 3860/2767/3860 2458/1981/2458
f 2461/2769/2461 3861/2771/3861 1664/1960/1664
f 905/1972/905 2459/1971/2459 3861/2771/3861
f 2459/1971/2459 723/1977/723 2163/2772/2163
f 3861/2771/3861 2163/2772/2163 214/1961/214
f 8/2773/8 1786/14/1786 3862/2774/3862
f 1786/14/1786 346/12/346 2460/2776/2460
f 2460/2776/2460 905/1972/905 2461/2769/2461
f 3862/2774/3862 2461/2769/2461 800/2770/800
f 346/12/346 1210/2778/1210 3863/2777/3863
f 1210/2778/1210 41/2438/41 2242/2440/2242
f 2242/2440/2242 802/1973/802 2462/1970/2462
f 3863/2777/3863 2462/1970/2462 905/1972/905
f 799/1952/799 2465/2781/2465 3864/2779/3864
f 2465/2781/2465 906/1964/906 2463/1966/2463
f 2463/1966/2463 490/550/490 1930/549/1930
f 3864/2779/3864 1930/549/1930 89/1954/89
f 213/2782/213 1585/2785/1585 3865/2783/3865
f 1585/2785/1585 721/2787/721 2464/2786/2464
f 3865/2783/3865 2464/2786/2464 906/1964/906
f 2239/2784/2239 3865/2783/3865 2465/2781/2465
f 721/2787/721 2161/2789/2161 3866/2788/3866
f 2161/2789/2161 237/2448/237 2241/2450/2241
f 3866/2788/3866 2241/2450/2241 801/2444/801
f 2464/2786/2464 3866/2788/3866 2466/1967/2466
f 788/2790/788 2469/2792/2469 3867/2791/3867
f 2469/2792/2469 907/1956/907 2467/1958/2467
f 3867/2791/3867 2467/1958/2467 755/1963/755
f 1652/1889/1652 3867/2791/3867 2195/2793/2195
f 1738/183/1738 3868/2796/3868 2228/2794/2228
f 298/2795/298 2468/2798/2468 3868/2796/3868
f 3868/2796/3868 2468/2798/2468 907/1956/907
f 2228/2794/2228 3868/2796/3868 2469/2792/2469
f 1162/2797/1162 3869/2799/3869 2468/2798/2468
f 8/2773/8 2240/2775/2240 3869/2799/3869
f 3869/2799/3869 2240/2775/2240 800/2770/800
f 2468/2798/2468 3869/2799/3869 2470/1959/2470
f 2473/2800/2473 3870/2802/3870 1651/2801/1651
f 908/1951/908 2471/1950/2471 3870/2802/3870
f 3870/2802/3870 2471/1950/2471 442/720/442
f 1651/2801/1651 3870/2802/3870 1882/719/1882
f 1617/2803/1617 3871/2807/3871 2227/2804/2227
f 753/2806/753 2472/2808/2472 3871/2807/3871
f 2472/2808/2472 908/1951/908 2473/2800/2473
f 3871/2807/3871 2473/2800/2473 787/1882/787
f 2193/2809/2193 3872/2810/3872 2472/2808/2472
f 213/2782/213 2239/2784/2239 3872/2810/3872
f 2239/2784/2239 799/1952/799 2474/1949/2474
f 3872/2810/3872 2474/1949/2474 908/1951/908
f 2477/2811/2477 3873/2813/3873 1658/1917/1658
f 909/1943/909 2475/1942/2475 3873/2813/3873
f 2475/1942/2475 735/1948/735 2175/2814/2175
f 3873/2813/3873 2175/2814/2175 210/1918/210
f 7/2815/7 1785/2818/1785 3874/2816/3874
f 1785/2818/1785 345/154/345 2476/2819/2476
f 2476/2819/2476 909/1943/909 2477/2811/2477
f 3874/2816/3874 2477/2811/2477 794/2812/794
f 345/154/345 1209/153/1209 3875/2820/3875
f 1209/153/1209 40/152/40 2238/2547/2238
f 2238/2547/2238 798/1944/798 2478/1941/2478
f 3875/2820/3875 2478/1941/2478 909/1943/909
f 790/1896/790 2481/2823/2481 3876/2821/3876
f 2481/2823/2481 910/1935/910 2479/1937/2479
f 2479/1937/2479 489/1940/489 1929/2824/1929
f 3876/2821/3876 1929/2824/1929 88/1898/88
f 209/2825/209 1597/2828/1597 3877/2826/3877
f 1597/2828/1597 733/2830/733 2480/2829/2480
f 3877/2826/3877 2480/2829/2480 910/1935/910
f 2230/2827/2230 3877/2826/3877 2481/2823/2481
f 733/2830/733 2173/2832/2173 3878/2831/3878
f 2173/2832/2173 229/2555/229 2237/2557/2237
f 3878/2831/3878 2237/2557/2237 797/2551/797
f 2480/2829/2480 3878/2831/3878 2482/1938/2482
f 796/2471/796 2485/2834/2485 3879/2833/3879
f 2485/2834/2485 911/1927/911 2483/1929/2483
f 3879/2833/3879 2483/1929/2483 682/1934/682
f 2236/2161/2236 3879/2833/3879 2122/2835/2122
f 44/2836/44 1749/2838/1749 3880/2837/3880
f 1749/2838/1749 309/56/309 2484/2839/2484
f 3880/2837/3880 2484/2839/2484 911/1927/911
f 1660/2470/1660 3880/2837/3880 2485/2834/2485
f 1173/55/1173 3881/2841/3881 2484/2839/2484
f 16/2840/16 1655/2881/1655 3881/2841/3881
f 3881/2841/3881 1655/2881/1655 791/2842/791
f 2484/2839/2484 3881/2841/3881 2486/1930/2486
f 2489/2843/2489 3882/2844/3882 2235/2156/2235
f 912/1923/912 2487/1922/2487 3882/2844/3882
f 2487/1922/2487 453/586/453 1893/2845/1893
f 3882/2844/3882 1893/2845/1893 125/2846/125
f 1544/2847/1544 3883/2849/3883 1659/2488/1659
f 680/2848/680 2488/2850/2488 3883/2849/3883
f 2488/2850/2488 912/1923/912 2489/2843/2489
f 3883/2849/3883 2489/2843/2489 795/2154/795
f 2120/2851/2120 3884/2853/3884 2488/2850/2488
f 208/2852/208 1657/2854/1657 3884/2853/3884
f 1657/2854/1657 793/1924/793 2490/1921/2490
f 3884/2853/3884 2490/1921/2490 912/1923/912
f 792/2855/792 2493/2857/2493 3885/2856/3885
f 2493/2857/2493 913/1913/913 2491/1915/2491
f 3885/2856/3885 2491/1915/2491 761/1920/761
f 1656/1903/1656 3885/2856/3885 2201/2858/2201
f 1737/2859/1737 3886/2862/3886 2232/2860/2232
f 297/32/297 2492/2863/2492 3886/2862/3886
f 3886/2862/3886 2492/2863/2492 913/1913/913
f 2232/2860/2232 3886/2862/3886 2493/2857/2493
f 1161/31/1161 3887/2864/3887 2492/2863/2492
f 7/2815/7 2234/2817/2234 3887/2864/3887
f 3887/2864/3887 2234/2817/2234 794/2812/794
f 2492/2863/2492 3887/2864/3887 2494/1916/2494
f 2497/2865/2497 3888/2867/3888 2233/2866/2233
f 914/1909/914 2495/1908/2495 3888/2867/3888
f 3888/2867/3888 2495/1908/2495 481/987/481
f 2233/2866/2233 3888/2867/3888 1921/2868/1921
f 1626/2869/1626 3889/2871/3889 1657/2854/1657
f 762/2870/762 2496/2872/2496 3889/2871/3889
f 2496/2872/2496 914/1909/914 2497/2865/2497
f 3889/2871/3889 2497/2865/2497 793/1924/793
f 2202/2873/2202 3890/2875/3890 2496/2872/2496
f 205/2874/205 1653/2876/1653 3890/2875/3890
f 1653/2876/1653 789/1910/789 2498/1907/2498
f 3890/2875/3890 2498/1907/2498 914/1909/914
f 791/2842/791 2501/2878/2501 3891/2877/3891
f 2501/2878/2501 915/1899/915 2499/1901/2499
f 3891/2877/3891 2499/1901/2499 763/1906/763
f 2231/1931/2231 3891/2877/3891 2203/2879/2203
f 1777/2880/1777 3892/2882/3892 1655/2881/1655
f 337/459/337 2500/2883/2500 3892/2882/3892
f 3892/2882/3892 2500/2883/2500 915/1899/915
f 1655/2881/1655 3892/2882/3892 2501/2878/2501
f 1201/458/1201 3893/2884/3893 2500/2883/2500
f 32/2861/32 2232/2860/2232 3893/2884/3893
f 3893/2884/3893 2232/2860/2232 792/2855/792
f 2500/2883/2500 3893/2884/3893 2502/1902/2502
f 2505/2885/2505 3894/2887/3894 2229/2886/2229
f 916/1895/916 2503/1894/2503 3894/2887/3894
f 3894/2887/3894 2503/1894/2503 441/562/441
f 2229/2886/2229 3894/2887/3894 1881/2888/1881
f 1623/2889/1623 3895/2891/3895 1653/2876/1653
f 759/2890/759 2504/2892/2504 3895/2891/3895
f 2504/2892/2504 916/1895/916 2505/2885/2505
f 3895/2891/3895 2505/2885/2505 789/1910/789
f 2199/2893/2199 3896/2894/3896 2504/2892/2504
f 209/2825/209 2230/2827/2230 3896/2894/3896
f 2230/2827/2230 790/1896/790 2506/1893/2506
f 3896/2894/3896 2506/1893/2506 916/1895/916
f 784/2895/784 2509/2897/2509 3897/2896/3897
f 2509/2897/2509 917/1885/917 2507/1887/2507
f 3897/2896/3897 2507/1887/2507 758/1892/758
f 1648/1859/1648 3897/2896/3897 2198/2898/2198
f 1778/109/1778 3898/2901/3898 2224/2899/2224
f 338/2900/338 2508/2903/2508 3898/2901/3898
f 3898/2901/3898 2508/2903/2508 917/1885/917
f 2224/2899/2224 3898/2901/3898 2509/2897/2509
f 1202/2902/1202 3899/2904/3899 2508/2903/2508
f 33/184/33 2228/2794/2228 3899/2904/3899
f 3899/2904/3899 2228/2794/2228 788/2790/788
f 2508/2903/2508 3899/2904/3899 2510/1888/2510
f 2513/2905/2513 3900/2907/3900 1644/2906/1644
f 918/1881/918 2511/1880/2511 3900/2907/3900
f 3900/2907/3900 2511/1880/2511 482/646/482
f 1644/2906/1644 3900/2907/3900 1922/645/1922
f 1620/2908/1620 3901/2912/3901 2220/2909/2220
f 756/2911/756 2512/2913/2512 3901/2912/3901
f 2512/2913/2512 918/1881/918 2513/2905/2513
f 3901/2912/3901 2513/2905/2513 780/1836/780
f 2196/2914/2196 3902/2915/3902 2512/2913/2512
f 211/2805/211 2227/2804/2227 3902/2915/3902
f 2227/2804/2227 787/1882/787 2514/1879/2514
f 3902/2915/3902 2514/1879/2514 918/1881/918
f 2517/2916/2517 3903/2917/3903 2226/2130/2226
f 919/1873/919 2515/1872/2515 3903/2917/3903
f 2515/1872/2515 714/1878/714 2154/2918/2154
f 3903/2917/3903 2154/2918/2154 242/2919/242
f 1733/2920/1733 3904/2922/3904 1650/2527/1650
f 293/2921/293 2516/2923/2516 3904/2922/3904
f 2516/2923/2516 919/1873/919 2517/2916/2517
f 3904/2922/3904 2517/2916/2517 786/2128/786
f 1157/2924/1157 3905/2927/3905 2516/2923/2516
f 4/6/4 1645/2975/1645 3905/2925/3905
f 1645/2926/1645 781/1874/781 2518/1871/2518
f 3905/2927/3905 2518/1871/2518 919/1873/919
f 785/2541/785 2521/2929/2521 3906/2928/3906
f 2521/2929/2521 920/1863/920 2519/1865/2519
f 3906/2928/3906 2519/1865/2519 437/2930/437
f 2225/2123/2225 3906/2928/3906 1877/2931/1877
f 241/2932/241 1576/2934/1576 3907/2933/3907
f 1576/2934/1576 712/2936/712 2520/2935/2520
f 3907/2933/3907 2520/2935/2520 920/1863/920
f 1649/2540/1649 3907/2933/3907 2521/2929/2521
f 712/2936/712 2152/2938/2152 3908/2937/3908
f 2152/2938/2152 202/3659/202 1647/2939/1647
f 3908/2937/3908 1647/2939/1647 783/2940/783
f 2520/2935/2520 3908/2937/3908 2522/1866/2522
f 782/2941/782 2525/2943/2525 3909/2942/3909
f 2525/2943/2525 921/1855/921 2523/1857/2523
f 3909/2942/3909 2523/1857/2523 766/1862/766
f 1646/1843/1646 3909/2942/3909 2206/2944/2206
f 45/516/45 1750/515/1750 3910/2945/3910
f 1750/515/1750 310/2949/310 2524/2947/2524
f 3910/2945/3910 2524/2947/2524 921/1855/921
f 2222/2946/2222 3910/2945/3910 2525/2943/2525
f 1174/2948/1174 3911/2950/3911 2524/2947/2524
f 17/110/17 2224/2899/2224 3911/2950/3911
f 3911/2950/3911 2224/2899/2224 784/2895/784
f 2524/2947/2524 3911/2950/3911 2526/1858/2526
f 2529/2951/2529 3912/2954/3912 2223/2952/2223
f 922/1849/922 2527/1848/2527 3912/2954/3912
f 2527/2955/2527 494/542/494 1934/541/1934
f 3912/2956/3912 1934/541/1934 85/540/85
f 1631/2958/1631 3913/2962/3913 1647/2959/1647
f 767/2961/767 2528/2963/2528 3913/2962/3913
f 2528/2963/2528 922/1849/922 2529/2951/2529
f 3913/2962/3913 2529/2951/2529 783/2953/783
f 2207/2964/2207 3914/2966/3914 2528/2963/2528
f 199/2965/199 1643/2967/1643 3914/2966/3914
f 1643/2967/1643 779/1850/779 2530/1847/2530
f 3914/2966/3914 2530/1847/2530 922/1849/922
f 781/2968/781 2533/2971/2533 3915/2969/3915
f 2533/2971/2533 923/1839/923 2531/1841/2531
f 3915/2969/3915 2531/1841/2531 768/1846/768
f 2221/2970/2221 3915/2969/3915 2208/2972/2208
f 4/6/4 1790/4959/1790 3916/2974/3916
f 1790/2976/1790 350/2980/350 2532/2977/2532
f 3916/2978/3916 2532/2977/2532 923/1839/923
f 1645/2979/1645 3916/2978/3916 2533/2971/2533
f 350/2980/350 1214/2982/1214 3917/2981/3917
f 1214/2982/1214 45/516/45 2222/2946/2222
f 3917/2981/3917 2222/2946/2222 782/2941/782
f 2532/2977/2532 3917/2981/3917 2534/1842/2534
f 2537/2983/2537 3918/2984/3918 2219/1852/2219
f 924/1835/924 2535/1834/2535 3918/2984/3918
f 2535/1834/2535 454/1049/454 1894/1048/1894
f 3918/2984/3918 1894/1048/1894 126/1047/126
f 1628/2985/1628 3919/2987/3919 1643/2967/1643
f 764/2986/764 2536/2988/2536 3919/2987/3919
f 2536/2988/2536 924/1835/924 2537/2983/2537
f 3919/2987/3919 2537/2983/2537 779/1850/779
f 2204/2989/2204 3920/2990/3920 2536/2988/2536
f 203/2910/203 2220/2909/2220 3920/2990/3920
f 2220/2909/2220 780/1836/780 2538/1833/2538
f 3920/2990/3920 2538/1833/2538 924/1835/924
f 778/2288/778 2541/2992/2541 3921/2991/3921
f 2541/2992/2541 925/1825/925 2539/1827/2539
f 3921/2991/3921 2539/1827/2539 678/1832/678
f 2218/2271/2218 3921/2991/3921 2118/2993/2118
f 1776/2994/1776 3922/2997/3922 1642/2995/1642
f 336/2996/336 2540/2999/2540 3922/2997/3922
f 3922/2997/3922 2540/2999/2540 925/1825/925
f 1642/2995/1642 3922/2997/3922 2541/2992/2541
f 1200/2998/1200 3923/3001/3923 2540/2999/2540
f 31/3000/31 1637/3043/1637 3923/3001/3923
f 3923/3001/3923 1637/3043/1637 773/3002/773
f 2540/2999/2540 3923/3001/3923 2542/1828/2542
f 2545/3003/2545 3924/3005/3924 2217/3004/2217
f 926/1819/926 2543/1818/2543 3924/3005/3924
f 3924/3005/3924 2543/1818/2543 480/1824/480
f 2217/3004/2217 3924/3005/3924 1920/3006/1920
f 1540/3007/1540 3925/3009/3925 1641/2302/1641
f 676/3008/676 2544/3010/2544 3925/3009/3925
f 2544/3010/2544 926/1819/926 2545/3003/2545
f 3925/3009/3925 2545/3003/2545 777/2262/777
f 2116/3011/2116 3926/3013/3926 2544/3010/2544
f 198/3012/198 1639/3014/1639 3926/3013/3926
f 1639/3014/1639 775/1820/775 2546/1817/2546
f 3926/3013/3926 2546/1817/2546 926/1819/926
f 2549/3015/2549 3927/3017/3927 1638/1797/1638
f 927/1811/927 2547/1810/2547 3927/3017/3927
f 2547/1810/2547 747/1816/747 2187/3018/2187
f 3927/3017/3927 2187/3018/2187 196/1798/196
f 6/3019/6 1784/3022/1784 3928/3020/3928
f 1784/3022/1784 344/3024/344 2548/3023/2548
f 2548/3023/2548 927/1811/927 2549/3015/2549
f 3928/3020/3928 2549/3015/2549 774/3016/774
f 344/3024/344 1208/3026/1208 3929/3025/3929
f 1208/3026/1208 39/2654/39 2216/2656/2216
f 2216/2656/2216 776/1812/776 2550/1809/2550
f 3929/3025/3929 2550/1809/2550 927/1811/927
f 2553/3027/2553 3930/3029/3930 2215/3028/2215
f 928/1803/928 2551/1802/2551 3930/3029/3930
f 3930/3029/3930 2551/1802/2551 440/1808/440
f 2215/3028/2215 3930/3029/3930 1880/3030/1880
f 1633/3031/1633 3931/3033/3931 1639/3014/1639
f 769/3032/769 2552/3034/2552 3931/3033/3931
f 2552/3034/2552 928/1803/928 2553/3027/2553
f 3931/3033/3931 2553/3027/2553 775/1820/775
f 2209/3035/2209 3932/3037/3932 2552/3034/2552
f 195/3036/195 1635/3038/1635 3932/3037/3932
f 1635/3038/1635 771/1804/771 2554/1801/2554
f 3932/3037/3932 2554/1801/2554 928/1803/928
f 773/3002/773 2557/3040/2557 3933/3039/3933
f 2557/3040/2557 929/1793/929 2555/1795/2555
f 3933/3039/3933 2555/1795/2555 770/1800/770
f 2213/1829/2213 3933/3039/3933 2210/3041/2210
f 1736/3042/1736 3934/3045/3934 1637/3043/1637
f 296/3044/296 2556/3047/2556 3934/3045/3934
f 3934/3045/3934 2556/3047/2556 929/1793/929
f 1637/3043/1637 3934/3045/3934 2557/3040/2557
f 1160/3046/1160 3935/3048/3935 2556/3047/2556
f 6/3019/6 2214/3021/2214 3935/3048/3935
f 3935/3048/3935 2214/3021/2214 774/3016/774
f 2556/3047/2556 3935/3048/3935 2558/1796/2558
f 771/1804/771 2561/3051/2561 3936/3049/3936
f 2561/3051/2561 930/1786/930 2559/1788/2559
f 2559/1788/2559 488/1792/488 1928/3052/1928
f 3936/3049/3936 1928/3052/1928 87/1806/87
f 195/3036/195 1609/3054/1609 3937/3053/3937
f 1609/3054/1609 745/3056/745 2560/3055/2560
f 3937/3053/3937 2560/3055/2560 930/1786/930
f 1635/3038/1635 3937/3053/3937 2561/3051/2561
f 745/3056/745 2185/3058/2185 3938/3057/3938
f 2185/3058/2185 221/2667/221 2212/2669/2212
f 3938/3057/3938 2212/2669/2212 772/2662/772
f 2560/3055/2560 3938/3057/3938 2562/1789/2562
f 760/3059/760 2565/3061/2565 3939/3060/3939
f 2565/3061/2565 931/1780/931 2563/1782/2563
f 3939/3060/3939 2563/1782/2563 650/1489/650
f 2200/1720/2200 3939/3060/3939 2090/1488/2090
f 256/2256/256 2129/2702/2129 3940/3062/3940
f 2129/2702/2129 689/2023/689 2564/3064/2564
f 3940/3062/3940 2564/3064/2564 931/1780/931
f 1624/3063/1624 3940/3062/3940 2565/3061/2565
f 689/2023/689 1553/2022/1553 3941/3065/3941
f 1553/2022/1553 217/2021/217 2205/3066/2205
f 3941/3065/3941 2205/3066/2205 765/3067/765
f 2564/3064/2564 3941/3065/3941 2566/1783/2566
f 2569/3068/2569 3942/3071/3942 2194/3069/2194
f 932/1776/932 2567/1775/2567 3942/3071/3942
f 2567/1775/2567 665/1105/665 2105/1104/2105
f 3942/3071/3942 2105/1104/2105 188/3072/188
f 2208/2972/2208 3943/3074/3943 1618/3073/1618
f 768/1846/768 2568/3075/2568 3943/3074/3943
f 2568/3075/2568 932/1776/932 2569/3068/2569
f 3943/3074/3943 2569/3068/2569 754/3070/754
f 768/1846/768 1632/1845/1632 3944/3076/3944
f 1632/1845/1632 200/1844/200 2197/3077/2197
f 3944/3076/3944 2197/3077/2197 757/3078/757
f 3944/3076/3944 2570/1774/2570 932/1776/932
f 746/3079/746 2573/3081/2573 3945/3080/3945
f 2573/3081/2573 933/1766/933 2571/1768/2571
f 3945/3080/3945 2571/1768/2571 619/1773/619
f 2186/1586/2186 3945/3080/3945 2059/3082/2059
f 223/2642/223 2182/2674/2182 3946/3083/3946
f 2182/2674/2182 742/2672/742 2572/3085/2572
f 3946/3083/3946 2572/3085/2572 933/1766/933
f 1610/3084/1610 3946/3083/3946 2573/3081/2573
f 742/2672/742 1606/2670/1606 3947/3086/3947
f 1606/2670/1606 221/2667/221 2189/3087/2189
f 3947/3086/3947 2189/3087/2189 749/3088/749
f 2572/3085/2572 3947/3086/3947 2574/1769/2574
f 2577/3089/2577 3948/3090/3948 2180/1245/2180
f 934/1760/934 2575/1759/2575 3948/3090/3948
f 2575/1759/2575 636/1765/636 2076/3091/2076
f 3948/3090/3948 2076/3091/2076 287/3092/287
f 2130/2327/2130 3949/3094/3949 1604/3093/1604
f 690/2324/690 2576/3095/2576 3949/3094/3949
f 2576/3095/2576 934/1760/934 2577/3089/2577
f 3949/3094/3949 2577/3089/2577 740/1243/740
f 1554/2321/1554 3950/3096/3950 2576/3095/2576
f 247/2323/247 2183/3097/2183 3950/3096/3950
f 2183/3097/2183 743/1761/743 2578/1758/2578
f 3950/3096/3950 2578/1758/2578 934/1760/934
f 2581/3098/2581 3951/3100/3951 2174/1712/2174
f 935/1752/935 2579/1751/2579 3951/3100/3951
f 2579/1751/2579 611/1757/611 2051/3101/2051
f 3951/3100/3951 2051/3101/2051 194/1713/194
f 2209/3035/2209 3952/3103/3952 1598/3102/1598
f 769/3032/769 2580/3104/2580 3952/3103/3952
f 2580/3104/2580 935/1752/935 2581/3098/2581
f 3952/3103/3952 2581/3098/2581 734/3099/734
f 1633/3031/1633 3953/3105/3953 2580/3104/2580
f 198/3012/198 2177/3106/2177 3953/3105/3953
f 2177/3106/2177 737/1753/737 2582/1750/2582
f 3953/3105/3953 2582/1750/2582 935/1752/935
f 2585/3107/2585 3954/3108/3954 2168/1071/2168
f 936/1745/936 2583/1744/2583 3954/3108/3954
f 2583/1744/2583 627/1177/627 2067/1176/2067
f 3954/3108/3954 2067/1176/2067 264/3109/264
f 2157/2520/2157 3955/3111/3955 1592/3110/1592
f 717/2132/717 2584/3112/2584 3955/3111/3955
f 2584/3112/2584 936/1745/936 2585/3107/2585
f 3955/3111/3955 2585/3107/2585 728/1069/728
f 1581/2131/1581 3956/3113/3956 2584/3112/2584
f 242/2919/242 2171/3114/2171 3956/3113/3956
f 2171/3114/2171 731/1746/731 2586/1743/2586
f 3956/3113/3956 2586/1743/2586 936/1745/936
f 722/3115/722 2589/3117/2589 3957/3116/3957
f 2589/3117/2589 937/1737/937 2587/1739/2587
f 3957/3116/3957 2587/1739/2587 579/1383/579
f 2162/1366/2162 3957/3116/3957 2019/1382/2019
f 197/1830/197 2210/3041/2210 3958/3118/3958
f 2210/3041/2210 770/1800/770 2588/3120/2588
f 3958/3118/3958 2588/3120/2588 937/1737/937
f 1586/3119/1586 3958/3118/3958 2589/3117/2589
f 770/1800/770 1634/1799/1634 3959/3121/3959
f 1634/1799/1634 196/1798/196 2165/3122/2165
f 3959/3121/3959 2165/3122/2165 725/3123/725
f 2588/3120/2588 3959/3121/3959 2590/1740/2590
f 2593/3124/2593 3960/3125/3960 2156/1691/2156
f 938/1732/938 2591/1731/2591 3960/3125/3960
f 2591/1731/2591 661/1420/661 2101/1419/2101
f 3960/3125/3960 2101/1419/2101 167/3126/167
f 2184/2652/2184 3961/3128/3961 1580/3127/1580
f 744/2054/744 2592/3129/2592 3961/3128/3961
f 2592/3129/2592 938/1732/938 2593/3124/2593
f 3961/3128/3961 2593/3124/2593 716/1689/716
f 1608/2053/1608 3962/3130/3962 2592/3129/2592
f 224/2628/224 2159/3131/2159 3962/3130/3962
f 2159/3131/2159 719/1733/719 2594/1730/2594
f 3962/3130/3962 2594/1730/2594 938/1732/938
f 711/3132/711 2597/3134/2597 3963/3133/3963
f 2597/3134/2597 939/1722/939 2595/1724/2595
f 3963/3133/3963 2595/1724/2595 595/1729/595
f 2151/1094/2151 3963/3133/3963 2035/3135/2035
f 239/2426/239 2158/2455/2158 3964/3136/3964
f 2158/2455/2158 718/2453/718 2596/3138/2596
f 3964/3136/3964 2596/3138/2596 939/1722/939
f 1575/3137/1575 3964/3136/3964 2597/3134/2597
f 718/2453/718 1582/2451/1582 3965/3139/3965
f 1582/2451/1582 237/2448/237 2153/3140/2153
f 3965/3139/3965 2153/3140/2153 713/3141/713
f 2596/3138/2596 3965/3139/3965 2598/1725/2598
f 707/3142/707 2601/3144/2601 3966/3143/3966
f 2601/3144/2601 940/1716/940 2599/1718/2599
f 3966/3143/3966 2599/1718/2599 653/1208/653
f 2147/1320/2147 3966/3143/3966 2093/1207/2093
f 248/2223/248 2132/2306/2132 3967/3145/3967
f 2132/2306/2132 692/2258/692 2600/3147/2600
f 3967/3145/3967 2600/3147/2600 940/1716/940
f 1571/3146/1571 3967/3145/3967 2601/3144/2601
f 692/2258/692 1556/2257/1556 3968/3148/3968
f 1556/2257/1556 256/2256/256 1624/3063/1624
f 3968/3148/3968 1624/3063/1624 760/3059/760
f 2600/3147/2600 3968/3148/3968 2602/1719/2602
f 749/3088/749 2605/3150/2605 3969/3149/3969
f 2605/3150/2605 941/1708/941 2603/1710/2603
f 3969/3149/3969 2603/1710/2603 618/1715/618
f 1613/1770/1613 3969/3149/3969 2058/3151/2058
f 221/2667/221 2185/3058/2185 3970/3152/3970
f 2185/3058/2185 745/3056/745 2604/3153/2604
f 3970/3152/3970 2604/3153/2604 941/1708/941
f 2189/3087/2189 3970/3152/3970 2605/3150/2605
f 745/3056/745 1609/3054/1609 3971/3154/3971
f 1609/3054/1609 195/3036/195 1598/3102/1598
f 3971/3154/3971 1598/3102/1598 734/3099/734
f 2604/3153/2604 3971/3154/3971 2606/1711/2606
f 2609/3155/2609 3972/3156/3972 2141/1572/2141
f 942/1702/942 2607/1701/2607 3972/3156/3972
f 2607/1701/2607 652/1707/652 2092/3157/2092
f 3972/3156/3972 2092/3157/2092 285/3158/285
f 2133/2299/2133 3973/3160/3973 1565/3159/1565
f 693/2296/693 2608/3161/2608 3973/3160/3973
f 2608/3161/2608 942/1702/942 2609/3155/2609
f 3973/3160/3973 2609/3155/2609 701/1570/701
f 1557/2293/1557 3974/3162/3974 2608/3161/2608
f 251/2295/251 2144/3163/2144 3974/3162/3974
f 2144/3163/2144 704/1703/704 2610/1700/2610
f 3974/3162/3974 2610/1700/2610 942/1702/942
f 2613/3164/2613 3975/3165/3975 2137/1654/2137
f 943/1695/943 2611/1694/2611 3975/3165/3975
f 2611/1694/2611 626/1451/626 2066/1450/2066
f 3975/3165/3975 2066/1450/2066 270/3166/270
f 2160/2436/2160 3976/3168/3976 1561/3167/1561
f 720/2178/720 2612/3169/2612 3976/3168/3976
f 2612/3169/2612 943/1695/943 2613/3164/2613
f 3976/3168/3976 2613/3164/2613 697/1652/697
f 1584/2177/1584 3977/3170/3977 2612/3169/2612
f 240/2415/240 2139/3171/2139 3977/3170/3977
f 2139/3171/2139 699/1696/699 2614/1693/2614
f 3977/3170/3977 2614/1693/2614 943/1695/943
f 725/3123/725 2617/3173/2617 3978/3172/3978
f 2617/3173/2617 944/1688/944 2615/1687/2615
f 2615/1687/2615 644/1137/644 2084/1136/2084
f 1589/1741/1589 3978/3172/3978 2084/1136/2084
f 2187/3018/2187 3979/3174/3979 2165/3122/2165
f 747/1816/747 2616/3175/2616 3979/3174/3979
f 2616/3175/2616 944/1688/944 2617/3173/2617
f 2165/3122/2165 3979/3174/3979 2617/3173/2617
f 1611/1815/1611 3980/3176/3980 2616/3175/2616
f 222/2653/222 1580/3127/1580 3980/3176/3980
f 1580/3127/1580 716/1689/716 2618/1686/2618
f 3980/3176/3980 2618/1686/2618 944/1688/944
f 713/3141/713 2621/3178/2621 3981/3177/3981
f 2621/3178/2621 945/1678/945 2619/1680/2619
f 3981/3177/3981 2619/1680/2619 594/1685/594
f 1577/1726/1577 3981/3177/3981 2034/3179/2034
f 237/2448/237 2161/2789/2161 3982/3180/3982
f 2161/2789/2161 721/2787/721 2620/3181/2620
f 3982/3180/3982 2620/3181/2620 945/1678/945
f 2153/3140/2153 3982/3180/3982 2621/3178/2621
f 721/2787/721 1585/2785/1585 3983/3182/3983
f 1585/2785/1585 213/2782/213 2134/3183/2134
f 3983/3182/3983 2134/3183/2134 694/3184/694
f 2620/3181/2620 3983/3182/3983 2622/1681/2622
f 688/3185/688 2625/3187/2625 3984/3186/3984
f 2625/3187/2625 946/1672/946 2623/1674/2623
f 3984/3186/3984 2623/1674/2623 603/1481/603
f 2128/1631/2128 3984/3186/3984 2043/1480/2043
f 252/2102/252 2135/2278/2135 3985/3188/3985
f 2135/2278/2135 695/2274/695 2624/3190/2624
f 3985/3188/3985 2624/3190/2624 946/1672/946
f 1552/3189/1552 3985/3188/3985 2625/3187/2625
f 695/2274/695 1559/2273/1559 3986/3191/3986
f 1559/2273/1559 254/2272/254 2131/3192/2131
f 3986/3191/3986 2131/3192/2131 691/3193/691
f 2624/3190/2624 3986/3191/3986 2626/1675/2626
f 684/3194/684 2629/3196/2629 3987/3195/3987
f 2629/3196/2629 947/1664/947 2627/1666/2627
f 3987/3195/3987 2627/1666/2627 617/1671/617
f 2124/1523/2124 3987/3195/3987 2057/3197/2057
f 219/2692/219 2188/2768/2188 3988/3198/3988
f 2188/2768/2188 748/2766/748 2628/3200/2628
f 3988/3198/3988 2628/3200/2628 947/1664/947
f 1548/3199/1548 3988/3198/3988 2629/3196/2629
f 748/2766/748 1612/2764/1612 3989/3201/3989
f 1612/2764/1612 215/2762/215 2126/3202/2126
f 3989/3201/3989 2126/3202/2126 686/3203/686
f 2628/3200/2628 3989/3201/3989 2630/1667/2630
f 2633/3204/2633 3990/3205/3990 1568/1705/1568
f 2633/3204/2633 948/1656/948 2631/1658/2631
f 3990/3205/3990 2631/1658/2631 634/1663/634
f 3990/3205/3990 2074/3206/2074 283/3207/283
f 2136/2593/2136 3991/3208/3991 2144/3163/2144
f 696/2590/696 2632/3210/2632 3991/3208/3991
f 3991/3208/3991 2632/3210/2632 948/1656/948
f 3991/3208/3991 2633/3204/2633 704/1703/704
f 696/2590/696 1560/2587/1560 3992/3209/3992
f 1560/2587/1560 227/2589/227 2121/3211/2121
f 3992/3209/3992 2121/3211/2121 681/3212/681
f 2632/3210/2632 3992/3209/3992 2634/1659/2634
f 679/3213/679 2637/3215/2637 3993/3214/3993
f 2637/3215/2637 949/1651/949 2635/1650/2635
f 2635/1650/2635 625/1169/625 2065/1168/2065
f 2119/1565/2119 3993/3214/3993 2065/1168/2065
f 2163/2772/2163 3994/3217/3994 1543/3216/1543
f 723/1977/723 2636/3218/2636 3994/3217/3994
f 2636/3218/2636 949/1651/949 2637/3215/2637
f 1543/3216/1543 3994/3217/3994 2637/3215/2637
f 1587/1976/1587 3995/3219/3995 2636/3218/2636
f 238/2437/238 1561/3167/1561 3995/3219/3995
f 1561/3167/1561 697/1652/697 2638/1649/2638
f 3995/3219/3995 2638/1649/2638 949/1651/949
f 2641/3220/2641 3996/3221/3996 2115/1618/2115
f 950/1644/950 2639/1643/2639 3996/3221/3996
f 2639/1643/2639 671/1412/671 2111/1411/2111
f 3996/3221/3996 2111/1411/2111 173/3222/173
f 2190/2726/2190 3997/3224/3997 1539/3223/1539
f 750/2007/750 2640/3225/2640 3997/3224/3997
f 2640/3225/2640 950/1644/950 2641/3220/2641
f 3997/3224/3997 2641/3220/2641 675/1616/675
f 1614/2006/1614 3998/3226/3998 2640/3225/2640
f 220/2678/220 2117/3227/2117 3998/3226/3998
f 2117/3227/2117 677/1645/677 2642/1642/2642
f 3998/3226/3998 2642/1642/2642 950/1644/950
f 2645/3228/2645 3999/3231/3999 2276/3229/2276
f 951/1636/951 2643/1635/2643 3999/3231/3999
f 2643/1635/2643 593/1641/593 2033/3232/2033
f 3999/3231/3999 2033/3232/2033 267/3233/267
f 2164/2515/2164 4000/3236/4000 1700/3234/1700
f 724/2513/724 2644/3237/2644 4000/3236/4000
f 2644/3237/2644 951/1636/951 2645/3228/2645
f 4000/3236/4000 2645/3228/2645 836/3230/836
f 724/2513/724 1588/2511/1588 4001/3238/4001
f 1588/2511/1588 233/2508/233 2275/3239/2275
f 4001/3238/4001 2275/3239/2275 835/3240/835
f 4001/3238/4001 2646/1634/2646 951/1636/951
f 2649/3241/2649 4002/3244/4002 2277/3242/2277
f 952/1630/952 2647/1629/2647 4002/3244/4002
f 2647/1629/2647 651/1200/651 2091/1199/2091
f 4002/3244/4002 2091/1199/2091 260/3245/260
f 2138/2567/2138 4003/3247/4003 1701/3246/1701
f 698/2104/698 2648/3248/2648 4003/3247/4003
f 2648/3248/2648 952/1630/952 2649/3241/2649
f 4003/3247/4003 2649/3241/2649 837/3243/837
f 698/2104/698 1562/2103/1562 4004/3249/4004
f 1562/2103/1562 252/2102/252 1552/3189/1552
f 4004/3249/4004 1552/3189/1552 688/3185/688
f 4004/3249/4004 2650/1628/2650 952/1630/952
f 686/3203/686 2653/3251/2653 4005/3250/4005
f 2653/3251/2653 953/1620/953 2651/1622/2651
f 4005/3250/4005 2651/1622/2651 670/1627/670
f 1550/1668/1550 4005/3250/4005 2110/3252/2110
f 215/2762/215 2191/2745/2191 4006/3253/4006
f 2191/2745/2191 751/2743/751 2652/3254/2652
f 4006/3253/4006 2652/3254/2652 953/1620/953
f 2126/3202/2126 4006/3253/4006 2653/3251/2653
f 751/2743/751 1615/2741/1615 4007/3255/4007
f 1615/2741/1615 218/2721/218 2278/3256/2278
f 4007/3255/4007 2278/3256/2278 838/3257/838
f 2652/3254/2652 4007/3255/4007 2654/1623/2654
f 2657/3258/2657 4008/3259/4008 1629/1784/1629
f 954/1615/954 2655/1614/2655 4008/3259/4008
f 2655/1614/2655 616/1129/616 2056/1128/2056
f 4008/3259/4008 2056/1128/2056 172/1127/172
f 2192/2750/2192 4009/3260/4009 2205/3066/2205
f 752/1992/752 2656/3261/2656 4009/3260/4009
f 2656/3261/2656 954/1615/954 2657/3258/2657
f 4009/3260/4009 2657/3258/2657 765/3067/765
f 1616/1991/1616 4010/3262/4010 2656/3261/2656
f 216/2727/216 1539/3223/1539 4010/3262/4010
f 1539/3223/1539 675/1616/675 2658/1613/2658
f 4010/3262/4010 2658/1613/2658 954/1615/954
f 2661/3263/2661 4011/3264/4011 2280/1559/2280
f 2661/3263/2661 955/1606/955 2659/1608/2659
f 4011/3264/4011 2659/1608/2659 624/1443/624
f 4011/3264/4011 2064/1442/2064 266/3265/266
f 2166/2491/2166 4012/3267/4012 1704/3266/1704
f 726/2150/726 2660/3269/2660 4012/3267/4012
f 4012/3267/4012 2660/3269/2660 955/1606/955
f 4012/3267/4012 2661/3263/2661 840/1557/840
f 726/2150/726 1590/2149/1590 4013/3268/4013
f 1590/2149/1590 236/4980/236 2279/3270/2279
f 4013/3268/4013 2279/3270/2279 839/3271/839
f 2660/3269/2660 4013/3268/4013 2662/1609/2662
f 2665/3272/2665 4014/3275/4014 2282/3273/2282
f 956/1600/956 2663/1599/2663 4014/3275/4014
f 2663/1599/2663 601/1605/601 2041/3276/2041
f 4014/3275/4014 2041/3276/2041 278/3277/278
f 2140/2355/2140 4015/3280/4015 1706/3278/1706
f 700/2353/700 2664/3281/2664 4015/3280/4015
f 2664/3281/2664 956/1600/956 2665/3272/2665
f 4015/3280/4015 2665/3272/2665 842/3274/842
f 700/2353/700 1564/2351/1564 4016/3282/4016
f 1564/2351/1564 249/2348/249 2281/3283/2281
f 4016/3282/4016 2281/3283/2281 841/3284/841
f 4016/3282/4016 2666/1598/2666 956/1600/956
f 2669/3285/2669 4017/3286/4017 1558/1682/1558
f 957/1592/957 2667/1591/2667 4017/3286/4017
f 2667/1591/2667 584/1597/584 2024/3287/2024
f 4017/3286/4017 2024/3287/2024 176/1683/176
f 2193/2809/2193 4018/3288/4018 2134/3183/2134
f 753/2806/753 2668/3289/2668 4018/3288/4018
f 2668/3289/2668 957/1592/957 2669/3285/2669
f 4018/3288/4018 2669/3285/2669 694/3184/694
f 1617/2803/1617 4019/3290/4019 2668/3289/2668
f 211/2805/211 2283/3291/2283 4019/3290/4019
f 2283/3291/2283 843/1593/843 2670/1590/2670
f 4019/3290/4019 2670/1590/2670 957/1592/957
f 835/3240/835 2673/3293/2673 4020/3292/4020
f 2673/3293/2673 958/1582/958 2671/1584/2671
f 4020/3292/4020 2671/1584/2671 592/1589/592
f 1699/1637/1699 4020/3292/4020 2032/3294/2032
f 233/2508/233 2167/2649/2167 4021/3295/4021
f 2167/2649/2167 727/2647/727 2672/3296/2672
f 4021/3295/4021 2672/3296/2672 958/1582/958
f 2275/3239/2275 4021/3295/4021 2673/3293/2673
f 727/2647/727 1591/2645/1591 4022/3297/4022
f 1591/2645/1591 223/2642/223 1610/3084/1610
f 4022/3297/4022 1610/3084/1610 746/3079/746
f 2672/3296/2672 4022/3297/4022 2674/1585/2674
f 2677/3298/2677 4023/3299/4023 2285/1079/2285
f 2677/3298/2677 959/1575/959 2675/1577/2675
f 4023/3299/4023 2675/1577/2675 632/1473/632
f 4023/3299/4023 2072/1472/2072 282/3300/282
f 2142/2333/2142 4024/3302/4024 1709/3301/1709
f 702/2242/702 2676/3304/2676 4024/3302/4024
f 4024/3302/4024 2676/3304/2676 959/1575/959
f 4024/3302/4024 2677/3298/2677 845/1077/845
f 702/2242/702 1566/2241/1566 4025/3303/4025
f 1566/2241/1566 245/4981/245 2284/3305/2284
f 4025/3303/4025 2284/3305/2284 844/3306/844
f 2676/3304/2676 4025/3303/4025 2678/1578/2678
f 2681/3307/2681 4026/3308/4026 1601/1755/1601
f 960/1569/960 2679/1568/2679 4026/3308/4026
f 2679/1568/2679 610/1574/610 2050/3309/2050
f 4026/3308/4026 2050/3309/2050 191/3310/191
f 2116/3011/2116 4027/3311/4027 2177/3106/2177
f 676/3008/676 2680/3312/2680 4027/3311/4027
f 2680/3312/2680 960/1569/960 2681/3307/2681
f 4027/3311/4027 2681/3307/2681 737/1753/737
f 1540/3007/1540 4028/3313/4028 2680/3312/2680
f 253/2300/253 1565/3159/1565 4028/3313/4028
f 1565/3159/1565 701/1570/701 2682/1567/2682
f 4028/3313/4028 2682/1567/2682 960/1569/960
f 846/3314/846 2685/3316/2685 4029/3315/4029
f 2685/3316/2685 961/1561/961 2683/1563/2683
f 4029/3315/4029 2683/1563/2683 615/1404/615
f 2286/1359/2286 4029/3315/4029 2055/1403/2055
f 212/1890/212 2195/2793/2195 4030/3317/4030
f 2195/2793/2195 755/1963/755 2684/3319/2684
f 4030/3317/4030 2684/3319/2684 961/1561/961
f 1710/3318/1710 4030/3317/4030 2685/3316/2685
f 755/1963/755 1619/1962/1619 4031/3320/4031
f 1619/1962/1619 214/1961/214 1543/3216/1543
f 4031/3320/4031 1543/3216/1543 679/3213/679
f 2684/3319/2684 4031/3320/4031 2686/1564/2686
f 2689/3321/2689 4032/3322/4032 1583/1735/1583
f 962/1556/962 2687/1555/2687 4032/3322/4032
f 2687/1555/2687 623/1161/623 2063/1160/2063
f 4032/3322/4032 2063/1160/2063 165/3323/165
f 2169/2627/2169 4033/3324/4033 2159/3131/2159
f 729/2070/729 2688/3325/2688 4033/3324/4033
f 2688/3325/2688 962/1556/962 2689/3321/2689
f 4033/3324/4033 2689/3321/2689 719/1733/719
f 1593/2069/1593 4034/3326/4034 2688/3325/2688
f 234/2492/234 1704/3266/1704 4034/3326/4034
f 1704/3266/1704 840/1557/840 2690/1554/2690
f 4034/3326/4034 2690/1554/2690 962/1556/962
f 2693/3327/2693 4035/3328/4035 1719/1336/1719
f 963/1548/963 2691/1547/2691 4035/3328/4035
f 2691/1547/2691 613/1553/613 2053/3329/2053
f 4035/3328/4035 2053/3329/2053 184/3330/184
f 2202/2873/2202 4036/3332/4036 2295/3331/2295
f 762/2870/762 2692/3333/2692 4036/3332/4036
f 2692/3333/2692 963/1548/963 2693/3327/2693
f 4036/3332/4036 2693/3327/2693 855/1334/855
f 1626/2869/1626 4037/3334/4037 2692/3333/2692
f 208/2852/208 1718/3335/1718 4037/3334/4037
f 1718/3335/1718 854/1549/854 2694/1546/2694
f 4037/3334/4037 2694/1546/2694 963/1548/963
f 2697/3336/2697 4038/3339/4038 1708/3337/1708
f 964/1542/964 2695/1541/2695 4038/3339/4038
f 2695/1541/2695 655/1185/655 2095/1184/2095
f 4038/3339/4038 2095/1184/2095 277/3340/277
f 2150/2391/2150 4039/3342/4039 2284/3341/2284
f 710/2209/710 2696/3343/2696 4039/3342/4039
f 2696/3343/2696 964/1542/964 2697/3336/2697
f 4039/3342/4039 2697/3336/2697 844/3338/844
f 710/2209/710 1574/2208/1574 4040/3344/4040
f 1574/2208/1574 244/2207/244 1721/3345/1721
f 4040/3344/4040 1721/3345/1721 857/3346/857
f 4040/3344/4040 2698/1540/2698 964/1542/964
f 2701/3347/2701 4041/3350/4041 1703/3348/1703
f 965/1536/965 2699/1535/2699 4041/3350/4041
f 2699/1535/2699 606/1216/606 2046/1215/2046
f 4041/3350/4041 2046/1215/2046 268/3351/268
f 2125/2460/2125 4042/3353/4042 2279/3352/2279
f 685/2164/685 2700/3354/2700 4042/3353/4042
f 2700/3354/2700 965/1536/965 2701/3347/2701
f 4042/3353/4042 2701/3347/2701 839/3349/839
f 685/2164/685 1549/2163/1549 4043/3355/4043
f 1549/2163/1549 258/2162/258 1723/3356/1723
f 4043/3355/4043 1723/3356/1723 859/3357/859
f 4043/3355/4043 2702/1534/2702 965/1536/965
f 2705/3358/2705 4044/3359/4044 2304/1230/2304
f 2705/3358/2705 966/1527/966 2703/1529/2703
f 4044/3359/4044 2703/1529/2703 657/1428/657
f 4044/3359/4044 2097/1427/2097 163/3360/163
f 2178/2597/2178 4045/3362/4045 1728/3361/1728
f 738/2088/738 2704/3364/2704 4045/3362/4045
f 4045/3362/4045 2704/3364/2704 966/1527/966
f 4045/3362/4045 2705/3358/2705 864/1228/864
f 738/2088/738 1602/2087/1602 4046/3363/4046
f 1602/2087/1602 228/4979/228 1701/3365/1701
f 4046/3363/4046 1701/3365/1701 837/3366/837
f 2704/3364/2704 4046/3363/4046 2706/1530/2706
f 862/3367/862 2709/3369/2709 4047/3368/4047
f 2709/3369/2709 967/1519/967 2707/1521/2707
f 4047/3368/4047 2707/1521/2707 620/1526/620
f 1726/1274/1726 4047/3368/4047 2060/3370/2060
f 225/2615/225 2179/2699/2179 4048/3371/4048
f 2179/2699/2179 739/2697/739 2708/3373/2708
f 4048/3371/4048 2708/3373/2708 967/1519/967
f 2302/3372/2302 4048/3371/4048 2709/3369/2709
f 739/2697/739 1603/2695/1603 4049/3374/4049
f 1603/2695/1603 219/2692/219 1548/3199/1548
f 4049/3374/4049 1548/3199/1548 684/3194/684
f 2708/3373/2708 4049/3374/4049 2710/1522/2710
f 757/3078/757 2713/3376/2713 4050/3375/4050
f 2713/3376/2713 968/1513/968 2711/1515/2711
f 4050/3375/4050 2711/1515/2711 580/1391/580
f 1621/1777/1621 4050/3375/4050 2020/1390/2020
f 200/1844/200 2206/2944/2206 4051/3377/4051
f 2206/2944/2206 766/1862/766 2712/3378/2712
f 4051/3377/4051 2712/3378/2712 968/1513/968
f 2197/3077/2197 4051/3377/4051 2713/3376/2713
f 766/1862/766 1630/1861/1630 4052/3379/4052
f 1630/1861/1630 204/1860/204 1714/3380/1714
f 4052/3379/4052 1714/3380/1714 850/3381/850
f 2712/3378/2712 4052/3379/4052 2714/1516/2714
f 2717/3382/2717 4053/3383/4053 1727/1261/1727
f 2717/3382/2717 969/1505/969 2715/1507/2715
f 4053/3383/4053 2715/1507/2715 674/1512/674
f 4053/3383/4053 2114/3384/2114 190/3385/190
f 2207/2964/2207 4054/3387/4054 2303/3386/2303
f 767/2961/767 2716/3389/2716 4054/3387/4054
f 4054/3387/4054 2716/3389/2716 969/1505/969
f 4054/3387/4054 2717/3382/2717 863/1259/863
f 767/2961/767 1631/2958/1631 4055/3388/4055
f 1631/2958/1631 202/2960/202 1730/3390/1730
f 4055/3388/4055 1730/3390/1730 866/3391/866
f 2716/3389/2716 4055/3388/4055 2718/1508/2718
f 865/3392/865 2721/3394/2721 4056/3393/4056
f 2721/3394/2721 970/1497/970 2719/1499/2719
f 4056/3393/4056 2719/1499/2719 596/1504/596
f 1729/1251/1729 4056/3393/4056 2036/3395/2036
f 241/2932/241 2155/2539/2155 4057/3396/4057
f 2155/2539/2155 715/2537/715 2720/3398/2720
f 4057/3396/4057 2720/3398/2720 970/1497/970
f 2305/3397/2305 4057/3396/4057 2721/3394/2721
f 715/2537/715 1579/2535/1579 4058/3399/4058
f 1579/2535/1579 231/2532/231 1713/3400/1713
f 4058/3399/4058 1713/3400/1713 849/3401/849
f 2720/3398/2720 4058/3399/4058 2722/1500/2722
f 640/3402/640 2725/3404/2725 4059/3403/4059
f 2725/3404/2725 971/1490/971 2723/1492/2723
f 4059/3403/4059 2723/1492/2723 639/1315/639
f 2080/1110/2080 4059/3403/4059 1503/1314/1503
f 2048/3405/2048 4060/3408/4060 1504/3406/1504
f 608/1346/608 2724/3409/2724 4060/3408/4060
f 2724/3409/2724 971/1490/971 2725/3404/2725
f 4060/3408/4060 2725/3404/2725 640/3402/640
f 1472/1345/1472 4061/3411/4061 2724/3409/2724
f 289/3410/289 2088/3412/2088 4061/3411/4061
f 2088/3412/2088 648/3687/648 2726/1493/2726
f 4061/3411/4061 2726/1493/2726 971/1490/971
f 647/3413/647 2729/3415/2729 4062/3414/4062
f 2729/3415/2729 972/1482/972 2727/1484/2727
f 4062/3414/4062 2727/1484/2727 650/1489/650
f 2087/1126/2087 4062/3414/4062 1514/1785/1514
f 171/1625/171 2077/3418/2077 4063/3416/4063
f 2077/3418/2077 637/1247/637 2728/3419/2728
f 4063/3416/4063 2728/3419/2728 972/1482/972
f 1511/3417/1511 4063/3416/4063 2729/3415/2729
f 1501/1246/1501 4064/3420/4064 2728/3419/2728
f 287/3092/287 2045/3421/2045 4064/3420/4064
f 2045/3421/2045 605/3694/605 2730/1485/2730
f 2728/3419/2728 4064/3420/4064 2730/1485/2730
f 641/3422/641 2733/3424/2733 4065/3423/4065
f 2733/3424/2733 973/1474/973 2731/1476/2731
f 4065/3423/4065 2731/1476/2731 603/1481/603
f 1505/1221/1505 4065/3423/4065 1467/1677/1467
f 2092/3157/2092 4066/3426/4066 2081/3425/2081
f 652/1707/652 2732/3427/2732 4066/3426/4066
f 2732/3427/2732 973/1474/973 2733/3424/2733
f 4066/3426/4066 2733/3424/2733 641/3422/641
f 1516/1706/1516 4067/3428/4067 2732/3427/2732
f 283/3207/283 2075/3429/2075 4067/3428/4067
f 2075/3429/2075 635/3700/635 2734/1477/2734
f 4067/3428/4067 2734/1477/2734 973/1474/973
f 633/3430/633 2737/3433/2737 4068/3431/4068
f 2737/3433/2737 974/1466/974 2735/1468/2735
f 4068/3431/4068 2735/1468/2735 632/1473/632
f 2073/3432/2073 4068/3431/4068 1496/1581/1496
f 2041/3276/2041 4069/3435/4069 1497/3434/1497
f 601/1605/601 2736/3436/2736 4069/3435/4069
f 2736/3436/2736 974/1466/974 2737/3433/2737
f 4069/3435/4069 2737/3433/2737 633/3430/633
f 1465/1604/1465 4070/3438/4070 2736/3436/2736
f 1465/1604/1465 281/1603/281 2096/3437/2096
f 4070/3438/4070 2096/3437/2096 656/1469/656
f 4070/3438/4070 2738/1470/2738 974/1466/974
f 604/3439/604 2741/3441/2741 4071/3440/4071
f 2741/3441/2741 975/1459/975 2739/1461/2739
f 4071/3440/4071 2739/1461/2739 630/1322/630
f 1468/1205/1468 4071/3440/4071 1494/1321/1494
f 2039/3442/2039 4072/3445/4072 2044/3443/2044
f 599/1354/599 2740/3446/2740 4072/3445/4072
f 2740/3446/2740 975/1459/975 2741/3441/2741
f 4072/3445/4072 2741/3441/2741 604/3439/604
f 1463/1353/1463 4073/3448/4073 2740/3446/2740
f 275/3447/275 2098/3449/2098 4073/3448/4073
f 2098/3449/2098 658/3713/658 2742/1462/2742
f 4073/3448/4073 2742/1462/2742 975/1459/975
f 629/3450/629 2745/3453/2745 4074/3451/4074
f 2745/3453/2745 976/1452/976 2743/1454/2743
f 4074/3451/4074 2743/1454/2743 628/1239/628
f 2069/3452/2069 4074/3451/4074 1492/1238/1492
f 2037/3454/2037 4075/3457/4075 1493/3455/1493
f 597/1255/597 2744/3458/2744 4075/3457/4075
f 2744/3458/2744 976/1452/976 2745/3453/2745
f 4075/3457/4075 2745/3453/2745 629/3450/629
f 1461/1254/1461 4076/3460/4076 2744/3458/2744
f 1461/1254/1461 273/1253/273 2100/3459/2100
f 4076/3460/4076 2100/3459/2100 660/1455/660
f 4076/3460/4076 2746/1456/2746 976/1452/976
f 2749/3461/2749 4077/3462/4077 1509/1191/1509
f 977/1446/977 2747/1445/2747 4077/3462/4077
f 2747/1445/2747 626/1451/626 1490/1699/1490
f 4077/3462/4077 1490/1699/1490 272/3463/272
f 271/1095/271 2035/3135/2035 4078/3464/4078
f 2035/3135/2035 595/1729/595 2748/3466/2748
f 4078/3464/4078 2748/3466/2748 977/1446/977
f 2085/3465/2085 4078/3464/4078 2749/3461/2749
f 595/1729/595 1459/1728/1459 4079/3467/4079
f 1459/1728/1459 269/1727/269 2102/3468/2102
f 4079/3467/4079 2102/3468/2102 662/1447/662
f 2748/3466/2748 4079/3467/4079 2750/1444/2750
f 638/3469/638 2753/3472/2753 4080/3470/4080
f 2753/3472/2753 978/1436/978 2751/1438/2751
f 4080/3470/4080 2751/1438/2751 624/1443/624
f 1502/3471/1502 4080/3470/4080 1488/1612/1488
f 2033/3232/2033 4081/3474/4081 2078/3473/2078
f 593/1641/593 2752/3475/2752 4081/3474/4081
f 2752/3475/2752 978/1436/978 2753/3472/2753
f 4081/3474/4081 2753/3472/2753 638/3469/638
f 1457/1640/1457 4082/3477/4082 2752/3475/2752
f 1457/1640/1457 265/1639/265 2104/3476/2104
f 4082/3477/4082 2104/3476/2104 664/1439/664
f 4082/3477/4082 2754/1440/2754 978/1436/978
f 2757/3478/2757 4083/3479/4083 1513/1175/1513
f 979/1431/979 2755/1430/2755 4083/3479/4083
f 2755/1430/2755 622/1073/622 1486/1072/1486
f 4083/3479/4083 1486/1072/1486 264/3109/264
f 263/1502/263 2031/3482/2031 4084/3480/4084
f 2031/3482/2031 591/1089/591 2756/3483/2756
f 4084/3480/4084 2756/3483/2756 979/1431/979
f 2089/3481/2089 4084/3480/4084 2757/3478/2757
f 591/1089/591 1455/1088/1455 4085/3484/4085
f 1455/1088/1455 261/1087/261 2086/3485/2086
f 4085/3484/4085 2086/3485/2086 646/1432/646
f 2756/3483/2756 4085/3484/4085 2758/1429/2758
f 602/3486/602 2761/3489/2761 4086/3487/4086
f 2761/3489/2761 980/1421/980 2759/1423/2759
f 4086/3487/4086 2759/1423/2759 657/1428/657
f 1466/3488/1466 4086/3487/4086 1521/1533/1521
f 2061/3490/2061 4087/3493/4087 2042/3491/2042
f 621/1278/621 2760/3494/2760 4087/3493/4087
f 2760/3494/2760 980/1421/980 2761/3489/2761
f 4087/3493/4087 2761/3489/2761 602/3486/602
f 1485/1277/1485 4088/3496/4088 2760/3494/2760
f 1485/1277/1485 164/1276/164 2029/3495/2029
f 4088/3496/4088 2029/3495/2029 589/1424/589
f 4088/3496/4088 2762/1425/2762 980/1421/980
f 2765/3497/2765 4089/3498/4089 1527/1159/1527
f 981/1415/981 2763/1414/2763 4089/3498/4089
f 2763/1414/2763 661/1420/661 1525/1736/1525
f 4089/3498/4089 1525/1736/1525 165/3323/165
f 166/1587/166 2059/3082/2059 4090/3499/4090
f 2059/3082/2059 619/1773/619 2764/3501/2764
f 4090/3499/4090 2764/3501/2764 981/1415/981
f 2103/3500/2103 4090/3499/4090 2765/3497/2765
f 619/1773/619 1483/1772/1483 4091/3502/4091
f 1483/1772/1483 168/1771/168 2027/3503/2027
f 4091/3502/4091 2027/3503/2027 587/1416/587
f 2764/3501/2764 4091/3502/4091 2766/1413/2766
f 2769/3504/2769 4092/3505/4092 1452/1143/1452
f 982/1407/982 2767/1406/2767 4092/3505/4092
f 2767/1406/2767 671/1412/671 1535/1648/1535
f 4092/3505/4092 1535/1648/1535 169/3506/169
f 170/1524/170 2057/3197/2057 4093/3507/4093
f 2057/3197/2057 617/1671/617 2768/3509/2768
f 4093/3507/4093 2768/3509/2768 982/1407/982
f 2028/3508/2028 4093/3507/4093 2769/3504/2769
f 617/1671/617 1481/1670/1481 4094/3510/4094
f 1481/1670/1481 174/1669/174 2025/3511/2025
f 4094/3510/4094 2025/3511/2025 585/1408/585
f 2768/3509/2768 4094/3510/4094 2770/1405/2770
f 659/3512/659 2773/3514/2773 4095/3513/4095
f 2773/3514/2773 983/1398/983 2771/1400/2771
f 4095/3513/4095 2771/1400/2771 615/1404/615
f 1523/1166/1523 4095/3513/4095 1479/1566/1479
f 176/1683/176 2024/3287/2024 4096/3515/4096
f 584/1597/584 2772/3517/2772 4096/3515/4096
f 4096/3515/4096 2772/3517/2772 983/1398/983
f 2099/3516/2099 4096/3515/4096 2773/3514/2773
f 1448/1596/1448 4097/3519/4097 2772/3517/2772
f 178/3518/178 2109/3520/2109 4097/3519/4097
f 2109/3520/2109 669/3756/669 2774/1401/2774
f 4097/3519/4097 2774/1401/2774 983/1398/983
f 667/3521/667 2777/3523/2777 4098/3522/4098
f 2777/3523/2777 984/1392/984 2775/1394/2775
f 4098/3522/4098 2775/1394/2775 672/1308/672
f 1531/1150/1531 4098/3522/4098 1536/1307/1536
f 180/1328/180 2022/3526/2022 4099/3524/4099
f 2022/3526/2022 582/1338/582 2776/3527/2776
f 4099/3524/4099 2776/3527/2776 984/1392/984
f 2107/3525/2107 4099/3524/4099 2777/3523/2777
f 1446/1337/1446 4100/3528/4100 2776/3527/2776
f 184/3330/184 2113/3529/2113 4100/3528/4100
f 2113/3529/2113 673/3762/673 2778/1395/2778
f 2776/3527/2776 4100/3528/4100 2778/1395/2778
f 654/3530/654 2781/3532/2781 4101/3531/4101
f 2781/3532/2781 985/1384/985 2779/1386/2779
f 4101/3531/4101 2779/1386/2779 580/1391/580
f 1518/1118/1518 4101/3531/4101 1444/1518/1444
f 2083/3533/2083 4102/3536/4102 2094/3534/2094
f 643/1263/643 2780/3537/2780 4102/3536/4102
f 2780/3537/2780 985/1384/985 2781/3532/2781
f 4102/3536/4102 2781/3532/2781 654/3530/654
f 1507/1262/1507 4103/3538/4103 2780/3537/2780
f 190/3385/190 2052/3539/2052 4103/3538/4103
f 2052/3539/2052 612/3768/612 2782/1387/2782
f 4103/3538/4103 2782/1387/2782 985/1384/985
f 586/3540/586 2785/3542/2785 4104/3541/4104
f 2785/3542/2785 986/1377/986 2783/1379/2783
f 4104/3541/4104 2783/1379/2783 579/1383/579
f 1450/1134/1450 4104/3541/4104 1443/1742/1443
f 194/1713/194 2051/3101/2051 4105/3543/4105
f 611/1757/611 2784/3545/2784 4105/3543/4105
f 4105/3543/4105 2784/3545/2784 986/1377/986
f 2026/3544/2026 4105/3543/4105 2785/3542/2785
f 1475/1756/1475 4106/3546/4106 2784/3545/2784
f 191/3310/191 1506/3547/1506 4106/3546/4106
f 1506/3547/1506 642/3681/642 2786/1380/2786
f 4106/3546/4106 2786/1380/2786 986/1377/986
f 2789/3548/2789 4107/3549/4107 1707/1595/1707
f 987/1371/987 2787/1370/2787 4107/3549/4107
f 2787/1370/2787 583/1376/583 2023/3550/2023
f 4107/3549/4107 2023/3550/2023 178/3518/178
f 2196/2914/2196 4108/3551/4108 2283/3291/2283
f 756/2911/756 2788/3552/2788 4108/3551/4108
f 2788/3552/2788 987/1371/987 2789/3548/2789
f 4108/3551/4108 2789/3548/2789 843/1593/843
f 1620/2908/1620 4109/3553/4109 2788/3552/2788
f 203/2910/203 2287/3554/2287 4109/3553/4109
f 2287/3554/2287 847/1372/847 2790/1369/2790
f 4109/3553/4109 2790/1369/2790 987/1371/987
f 691/3193/691 2793/3556/2793 4110/3555/4110
f 2793/3556/2793 988/1362/988 2791/1364/2791
f 4110/3555/4110 2791/1364/2791 609/1224/609
f 1555/1676/1555 4110/3555/4110 2049/1223/2049
f 254/2272/254 2118/2993/2118 4111/3557/4111
f 2118/2993/2118 678/1832/678 2792/3558/2792
f 4111/3557/4111 2792/3558/2792 988/1362/988
f 2131/3192/2131 4111/3557/4111 2793/3556/2793
f 678/1832/678 1542/1831/1542 4112/3559/4112
f 1542/1831/1542 197/1830/197 1586/3119/1586
f 4112/3559/4112 1586/3119/1586 722/3115/722
f 2792/3558/2792 4112/3559/4112 2794/1365/2794
f 850/3381/850 2797/3561/2797 4113/3560/4113
f 2797/3561/2797 989/1355/989 2795/1357/2795
f 4113/3560/4113 2795/1357/2795 614/1121/614
f 2290/1517/2290 4113/3560/4113 2054/1120/2054
f 204/1860/204 2198/2898/2198 4114/3562/4114
f 2198/2898/2198 758/1892/758 2796/3563/2796
f 4114/3562/4114 2796/3563/2796 989/1355/989
f 1714/3380/1714 4114/3562/4114 2797/3561/2797
f 758/1892/758 1622/1891/1622 4115/3564/4115
f 1622/1891/1622 212/1890/212 1710/3318/1710
f 4115/3564/4115 1710/3318/1710 846/3314/846
f 2796/3563/2796 4115/3564/4115 2798/1358/2798
f 2801/3565/2801 4116/3566/4116 1607/1763/1607
f 990/1349/990 2799/1348/2799 4116/3566/4116
f 2799/1348/2799 599/1354/599 2039/3442/2039
f 4116/3566/4116 2039/3442/2039 279/3444/279
f 2146/2410/2146 4117/3567/4117 2183/3097/2183
f 706/2407/706 2800/3568/2800 4117/3567/4117
f 2800/3568/2800 990/1349/990 2801/3565/2801
f 4117/3567/4117 2801/3565/2801 743/1761/743
f 1570/2406/1570 4118/3569/4118 2800/3568/2800
f 243/2384/243 2292/3570/2292 4118/3569/4118
f 2292/3570/2292 852/1350/852 2802/1347/2802
f 4118/3569/4118 2802/1347/2802 990/1349/990
f 2805/3571/2805 4119/3572/4119 2294/1551/2294
f 991/1341/991 2803/1340/2803 4119/3572/4119
f 2803/1340/2803 608/1346/608 2048/3405/2048
f 4119/3572/4119 2048/3405/2048 181/3407/181
f 2120/2851/2120 4120/3573/4120 1718/3335/1718
f 680/2848/680 2804/3574/2804 4120/3573/4120
f 2804/3574/2804 991/1341/991 2805/3571/2805
f 4120/3573/4120 2805/3571/2805 854/1549/854
f 1544/2847/1544 4121/3575/4121 2804/3574/2804
f 257/2486/257 2293/3576/2293 4121/3575/4121
f 2293/3576/2293 853/1342/853 2806/1339/2806
f 4121/3575/4121 2806/1339/2806 991/1341/991
f 856/3577/856 2809/3579/2809 4122/3578/4122
f 2809/3579/2809 992/1333/992 2807/1332/2807
f 2807/1332/2807 582/1338/582 2022/3526/2022
f 2296/1327/2296 4122/3578/4122 2022/3526/2022
f 2199/2893/2199 4123/3581/4123 1720/3580/1720
f 759/2890/759 2808/3582/2808 4123/3581/4123
f 2808/3582/2808 992/1333/992 2809/3579/2809
f 1720/3580/1720 4123/3581/4123 2809/3579/2809
f 1623/2889/1623 4124/3583/4124 2808/3582/2808
f 205/2874/205 2295/3331/2295 4124/3583/4124
f 2295/3331/2295 855/1334/855 2810/1331/2810
f 4124/3583/4124 2810/1331/2810 992/1333/992
f 848/3584/848 2813/3586/2813 4125/3585/4125
f 2813/3586/2813 993/1323/993 2811/1325/2811
f 4125/3585/4125 2811/1325/2811 590/1330/590
f 1712/1086/1712 4125/3585/4125 2030/3587/2030
f 229/2555/229 2173/2832/2173 4126/3588/4126
f 2173/2832/2173 733/2830/733 2812/3590/2812
f 4126/3588/4126 2812/3590/2812 993/1323/993
f 2288/3589/2288 4126/3588/4126 2813/3586/2813
f 733/2830/733 1597/2828/1597 4127/3591/4127
f 1597/2828/1597 209/2825/209 1720/3580/1720
f 4127/3591/4127 1720/3580/1720 856/3577/856
f 2812/3590/2812 4127/3591/4127 2814/1326/2814
f 857/3346/857 2817/3593/2817 4128/3592/4128
f 2817/3593/2817 994/1316/994 2815/1318/2815
f 4128/3592/4128 2815/1318/2815 630/1322/630
f 2297/1543/2297 4128/3592/4128 2070/1465/2070
f 244/2207/244 2148/2361/2148 4129/3594/4129
f 2148/2361/2148 708/2225/708 2816/3595/2816
f 4129/3594/4129 2816/3595/2816 994/1316/994
f 1721/3345/1721 4129/3594/4129 2817/3593/2817
f 708/2225/708 1572/2224/1572 4130/3596/4130
f 1572/2224/1572 248/2223/248 1571/3146/1571
f 4130/3596/4130 1571/3146/1571 707/3142/707
f 2816/3595/2816 4130/3596/4130 2818/1319/2818
f 859/3357/859 2821/3598/2821 4131/3597/4131
f 2821/3598/2821 995/1309/995 2819/1311/2819
f 4131/3597/4131 2819/1311/2819 639/1315/639
f 2299/1537/2299 4131/3597/4131 2079/1496/2079
f 258/2162/258 2122/2835/2122 4132/3599/4132
f 2122/2835/2122 682/1934/682 2820/3600/2820
f 4132/3599/4132 2820/3600/2820 995/1309/995
f 1723/3356/1723 4132/3599/4132 2821/3598/2821
f 682/1934/682 1546/1933/1546 4133/3601/4133
f 1546/1933/1546 207/1932/207 2298/3602/2298
f 4133/3601/4133 2298/3602/2298 858/3603/858
f 2820/3600/2820 4133/3601/4133 2822/1312/2822
f 861/3604/861 2825/3606/2825 4134/3605/4134
f 2825/3606/2825 996/1302/996 2823/1304/2823
f 4134/3605/4134 2823/1304/2823 672/1308/672
f 2301/1268/2301 4134/3605/4134 2112/1397/2112
f 206/1904/206 2201/2858/2201 4135/3607/4135
f 2201/2858/2201 761/1920/761 2824/3609/2824
f 4135/3607/4135 2824/3609/2824 996/1302/996
f 1725/3608/1725 4135/3607/4135 2825/3606/2825
f 761/1920/761 1625/1919/1625 4136/3610/4136
f 1625/1919/1625 210/1918/210 2300/3611/2300
f 4136/3610/4136 2300/3611/2300 860/3612/860
f 2824/3609/2824 4136/3610/4136 2826/1305/2826
f 2829/3613/2829 4137/3614/4137 1724/1306/1724
f 997/1297/997 2827/1296/2827 4137/3614/4137
f 2827/1296/2827 666/1153/666 2106/1152/2106
f 4137/3614/4137 2106/1152/2106 179/1151/179
f 2175/2814/2175 4138/3615/4138 2300/3611/2300
f 735/1948/735 2828/3616/2828 4138/3615/4138
f 2828/3616/2828 997/1297/997 2829/3613/2829
f 4138/3615/4138 2829/3613/2829 860/3612/860
f 1599/1947/1599 4139/3617/4139 2828/3616/2828
f 230/2545/230 1715/3618/1715 4139/3617/4139
f 1715/3618/1715 851/1298/851 2830/1295/2830
f 4139/3617/4139 2830/1295/2830 997/1297/997
f 2833/3619/2833 4140/3620/4140 1716/1352/1716
f 2833/3619/2833 998/1287/998 2831/1289/2831
f 4140/3620/4140 2831/1289/2831 598/1294/598
f 4140/3620/4140 2038/3621/2038 275/3447/275
f 2149/2383/2149 4141/3622/4141 2292/3570/2292
f 709/2380/709 2832/3624/2832 4141/3622/4141
f 4141/3622/4141 2832/3624/2832 998/1287/998
f 4141/3622/4141 2833/3619/2833 852/1350/852
f 709/2380/709 1573/2377/1573 4142/3623/4142
f 1573/2377/1573 246/2379/246 1706/3625/1706
f 4142/3623/4142 1706/3625/1706 842/3626/842
f 2832/3624/2832 4142/3623/4142 2834/1290/2834
f 2837/3627/2837 4143/3628/4143 1717/1344/1717
f 2837/3627/2837 999/1279/999 2835/1281/2835
f 4143/3628/4143 2835/1281/2835 607/1286/607
f 4143/3628/4143 2047/3629/2047 289/3410/289
f 2123/2485/2123 4144/3630/4144 2293/3576/2293
f 683/2482/683 2836/3632/2836 4144/3630/4144
f 4144/3630/4144 2836/3632/2836 999/1279/999
f 4144/3630/4144 2837/3627/2837 853/1342/853
f 683/2482/683 1547/2479/1547 4145/3631/4145
f 1547/2479/1547 235/2481/235 1700/3633/1700
f 4145/3631/4145 1700/3633/1700 836/3634/836
f 2836/3632/2836 4145/3631/4145 2838/1282/2838
f 2841/3635/2841 4146/3638/4146 1545/3636/1545
f 1000/1273/1000 2839/1272/2839 4146/3638/4146
f 2839/1272/2839 621/1278/621 2061/3490/2061
f 4146/3638/4146 2061/3490/2061 259/3492/259
f 2176/2622/2176 4147/3641/4147 2121/3639/2121
f 736/2620/736 2840/3642/2840 4147/3641/4147
f 2840/3642/2840 1000/1273/1000 2841/3635/2841
f 4147/3641/4147 2841/3635/2841 681/3637/681
f 736/2620/736 1600/2618/1600 4148/3643/4148
f 1600/2618/1600 225/2615/225 2302/3372/2302
f 4148/3643/4148 2302/3372/2302 862/3367/862
f 4148/3643/4148 2842/1271/2842 1000/1273/1000
f 858/3603/858 2845/3645/2845 4149/3644/4149
f 2845/3645/2845 1001/1264/1001 2843/1266/2843
f 4149/3644/4149 2843/1266/2843 581/1113/581
f 1722/1313/1722 4149/3644/4149 2021/1112/2021
f 207/1932/207 2203/2879/2203 4150/3646/4150
f 2203/2879/2203 763/1906/763 2844/3647/2844
f 4150/3646/4150 2844/3647/2844 1001/1264/1001
f 2298/3602/2298 4150/3646/4150 2845/3645/2845
f 763/1906/763 1627/1905/1627 4151/3648/4151
f 1627/1905/1627 206/1904/206 1725/3608/1725
f 4151/3648/4151 1725/3608/1725 861/3604/861
f 2844/3647/2844 4151/3648/4151 2846/1267/2846
f 2849/3649/2849 4152/3650/4152 1711/1374/1711
f 1002/1258/1002 2847/1257/2847 4152/3650/4152
f 2847/1257/2847 643/1263/643 2083/3533/2083
f 4152/3650/4152 2083/3533/2083 186/3535/186
f 2204/2989/2204 4153/3651/4153 2287/3554/2287
f 764/2986/764 2848/3652/2848 4153/3651/4153
f 2848/3652/2848 1002/1258/1002 2849/3649/2849
f 4153/3651/4153 2849/3649/2849 847/1372/847
f 1628/2985/1628 4154/3653/4154 2848/3652/2848
f 199/2965/199 2303/3386/2303 4154/3653/4154
f 2303/3386/2303 863/1259/863 2850/1256/2850
f 4154/3653/4154 2850/1256/2850 1002/1258/1002
f 2853/3654/2853 4155/3657/4155 2306/3655/2306
f 1003/1250/1003 2851/1249/2851 4155/3657/4155
f 2851/1249/2851 597/1255/597 2037/3454/2037
f 4155/3657/4155 2037/3454/2037 187/3456/187
f 2152/2938/2152 4156/3660/4156 1730/3658/1730
f 712/2936/712 2852/3661/2852 4156/3660/4156
f 2852/3661/2852 1003/1250/1003 2853/3654/2853
f 4156/3660/4156 2853/3654/2853 866/3656/866
f 712/2936/712 1576/2934/1576 4157/3662/4157
f 1576/2934/1576 241/2932/241 2305/3397/2305
f 4157/3662/4157 2305/3397/2305 865/3392/865
f 4157/3662/4157 2854/1248/2854 1003/1250/1003
f 838/3257/838 2857/3664/2857 4158/3663/4158
f 2857/3664/2857 1004/1242/1004 2855/1241/2855
f 2855/1241/2855 637/1247/637 2077/3418/2077
f 1702/1624/1702 4158/3663/4158 2077/3418/2077
f 2127/2720/2127 4159/3665/4159 2278/3256/2278
f 687/2717/687 2856/3666/2856 4159/3665/4159
f 2856/3666/2856 1004/1242/1004 2857/3664/2857
f 2278/3256/2278 4159/3665/4159 2857/3664/2857
f 1551/2716/1551 4160/3667/4160 2856/3666/2856
f 255/2328/255 1604/3093/1604 4160/3667/4160
f 1604/3093/1604 740/1243/740 2858/1240/2858
f 4160/3667/4160 2858/1240/2858 1004/1242/1004
f 2861/3668/2861 4161/3669/4161 1595/1748/1595
f 2861/3668/2861 1005/1232/1005 2859/1234/2859
f 4161/3669/4161 2859/1234/2859 628/1239/628
f 4161/3669/4161 2068/1458/2068 274/3670/274
f 2154/2918/2154 4162/3671/4162 2171/3114/2171
f 714/1878/714 2860/3673/2860 4162/3671/4162
f 4162/3671/4162 2860/3673/2860 1005/1232/1005
f 4162/3671/4162 2861/3668/2861 731/1746/731
f 714/1878/714 1578/1877/1578 4163/3672/4163
f 1578/1877/1578 201/4978/201 1618/3674/1618
f 4163/3672/4163 1618/3674/1618 754/3675/754
f 2860/3673/2860 4163/3672/4163 2862/1235/2862
f 2865/3676/2865 4164/3677/4164 1541/1647/1541
f 1006/1227/1006 2863/1226/2863 4164/3677/4164
f 2863/1226/2863 668/1145/668 2108/1144/2108
f 4164/3677/4164 2108/1144/2108 169/3506/169
f 2181/2677/2181 4165/3678/4165 2117/3227/2117
f 741/2039/741 2864/3679/2864 4165/3678/4165
f 2864/3679/2864 1006/1227/1006 2865/3676/2865
f 4165/3678/4165 2865/3676/2865 677/1645/677
f 1605/2038/1605 4166/3680/4166 2864/3679/2864
f 226/2598/226 1728/3361/1728 4166/3680/4166
f 1728/3361/1728 864/1228/864 2866/1225/2866
f 4166/3680/4166 2866/1225/2866 1006/1227/1006
f 642/3681/642 2869/3683/2869 4167/3682/4167
f 2869/3683/2869 1007/1217/1007 2867/1219/2867
f 4167/3682/4167 2867/1219/2867 609/1224/609
f 2082/1381/2082 4167/3682/4167 1473/1368/1473
f 2050/3309/2050 4168/3684/4168 1506/3547/1506
f 610/1574/610 2868/3685/2868 4168/3684/4168
f 2868/3685/2868 1007/1217/1007 2869/3683/2869
f 4168/3684/4168 2869/3683/2869 642/3681/642
f 1474/1573/1474 4169/3686/4169 2868/3685/2868
f 285/3158/285 2081/3425/2081 4169/3686/4169
f 2081/3425/2081 641/3422/641 2870/1220/2870
f 4169/3686/4169 2870/1220/2870 1007/1217/1007
f 648/3687/648 2873/3689/2873 4170/3688/4170
f 1008/1211/1008 2871/1210/2871 4170/3688/4170
f 2871/1210/2871 606/1216/606 1470/1539/1470
f 1512/1494/1512 4170/3688/4170 1470/1539/1470
f 2047/3629/2047 4171/3691/4171 2088/3412/2088
f 2047/3629/2047 607/1286/607 2872/3690/2872
f 4171/3691/4171 2872/3690/2872 1008/1211/1008
f 4171/3691/4171 2873/3689/2873 648/3687/648
f 607/1286/607 1471/1285/1471 4172/3692/4172
f 1471/1285/1471 267/1284/267 2078/3693/2078
f 4172/3692/4172 2078/3693/2078 638/1212/638
f 2872/3690/2872 4172/3692/4172 2874/1209/2874
f 605/3694/605 2877/3696/2877 4173/3695/4173
f 2877/3696/2877 1009/1201/1009 2875/1203/2875
f 4173/3695/4173 2875/1203/2875 653/1208/653
f 1469/1486/1469 4173/3695/4173 1517/1721/1517
f 2076/3091/2076 4174/3697/4174 2045/3421/2045
f 636/1765/636 2876/3698/2876 4174/3697/4174
f 2876/3698/2876 1009/1201/1009 2877/3696/2877
f 4174/3697/4174 2877/3696/2877 605/3694/605
f 1500/1764/1500 4175/3699/4175 2876/3698/2876
f 279/3444/279 2044/3443/2044 4175/3699/4175
f 2044/3443/2044 604/3439/604 2878/1204/2878
f 4175/3699/4175 2878/1204/2878 1009/1201/1009
f 635/3700/635 2881/3702/2881 4176/3701/4176
f 1010/1195/1010 2879/1194/2879 4176/3701/4176
f 2879/1194/2879 651/1200/651 1515/1633/1515
f 1499/1478/1499 4176/3701/4176 1515/1633/1515
f 2074/3206/2074 4177/3704/4177 2075/3429/2075
f 2074/3206/2074 634/1663/634 2880/3703/2880
f 4177/3704/4177 2880/3703/2880 1010/1195/1010
f 4177/3704/4177 2881/3702/2881 635/3700/635
f 634/1663/634 1498/1662/1498 4178/3705/4178
f 1498/1662/1498 259/1661/259 2042/3706/2042
f 4178/3705/4178 2042/3706/2042 602/1196/602
f 2880/3703/2880 4178/3705/4178 2882/1193/2882
f 2885/3707/2885 4179/3708/4179 1520/1471/1520
f 1011/1188/1011 2883/1187/2883 4179/3708/4179
f 2883/1187/2883 631/1081/631 1495/1080/1495
f 4179/3708/4179 1495/1080/1495 282/3300/282
f 281/1603/281 2040/3710/2040 4180/3709/4180
f 2040/3710/2040 600/1097/600 2884/3711/2884
f 4180/3709/4180 2884/3711/2884 1011/1188/1011
f 2096/3437/2096 4180/3709/4180 2885/3707/2885
f 600/1097/600 1464/1096/1464 4181/3712/4181
f 1464/1096/1464 271/1095/271 2085/3465/2085
f 4181/3712/4181 2085/3465/2085 645/1189/645
f 2884/3711/2884 4181/3712/4181 2886/1186/2886
f 658/3713/658 2889/3715/2889 4182/3714/4182
f 1012/1180/1012 2887/1179/2887 4182/3714/4182
f 2887/1179/2887 655/1185/655 1519/1545/1519
f 1522/1463/1522 4182/3714/4182 1519/1545/1519
f 2038/3621/2038 4183/3717/4183 2098/3449/2098
f 2038/3621/2038 598/1294/598 2888/3716/2888
f 4183/3717/4183 2888/3716/2888 1012/1180/1012
f 4183/3717/4183 2889/3715/2889 658/3713/658
f 598/1294/598 1462/1293/1462 4184/3718/4184
f 1462/1293/1462 278/1292/278 1497/3719/1497
f 4184/3718/4184 1497/3719/1497 633/1181/633
f 2888/3716/2888 4184/3718/4184 2890/1178/2890
f 2893/3720/2893 4185/3721/4185 1524/1457/1524
f 1013/1172/1013 2891/1171/2891 4185/3721/4185
f 2891/1171/2891 627/1177/627 1491/1749/1491
f 4185/3721/4185 1491/1749/1491 274/3670/274
f 273/1253/273 2036/3395/2036 4186/3722/4186
f 2036/3395/2036 596/1504/596 2892/3723/2892
f 4186/3722/4186 2892/3723/2892 1013/1172/1013
f 2100/3459/2100 4186/3722/4186 2893/3720/2893
f 596/1504/596 1460/1503/1460 4187/3724/4187
f 1460/1503/1460 263/1502/263 2089/3481/2089
f 4187/3724/4187 2089/3481/2089 649/1173/649
f 2892/3723/2892 4187/3724/4187 2894/1170/2894
f 2897/3725/2897 4188/3726/4188 1526/1449/1526
f 2897/3725/2897 1014/1162/1014 2895/1164/2895
f 2895/1164/2895 625/1169/625 1489/1655/1489
f 4188/3726/4188 1489/1655/1489 270/3166/270
f 269/1727/269 2034/3179/2034 4189/3727/4189
f 2034/3179/2034 594/1685/594 2896/3728/2896
f 4189/3727/4189 2896/3728/2896 1014/1162/1014
f 2102/3468/2102 4189/3727/4189 2897/3725/2897
f 594/1685/594 1458/1684/1458 4190/3729/4190
f 1458/1684/1458 176/1683/176 2099/3516/2099
f 4190/3729/4190 2099/3516/2099 659/3512/659
f 2896/3728/2896 4190/3729/4190 2898/1165/2898
f 2901/3730/2901 4191/3731/4191 1528/1441/1528
f 1015/1156/1015 2899/1155/2899 4191/3731/4191
f 2899/1155/2899 623/1161/623 1487/1560/1487
f 4191/3731/4191 1487/1560/1487 266/3265/266
f 265/1639/265 2032/3294/2032 4192/3732/4192
f 2032/3294/2032 592/1589/592 2900/3733/2900
f 4192/3732/4192 2900/3733/2900 1015/1156/1015
f 2104/3476/2104 4192/3732/4192 2901/3730/2901
f 592/1589/592 1456/1588/1456 4193/3734/4193
f 1456/1588/1456 166/1587/166 2103/3500/2103
f 4193/3734/4193 2103/3500/2103 663/1157/663
f 2900/3733/2900 4193/3734/4193 2902/1154/2902
f 2905/3735/2905 4194/3736/4194 1510/1434/1510
f 1016/1146/1016 2903/1148/2903 4194/3736/4194
f 2903/1148/2903 666/1153/666 1530/1301/1530
f 4194/3736/4194 1530/1301/1530 262/3737/262
f 261/1087/261 2030/3587/2030 4195/3738/4195
f 2030/3587/2030 590/1330/590 2904/3739/2904
f 4195/3738/4195 2904/3739/2904 1016/1146/1016
f 2086/3485/2086 4195/3738/4195 2905/3735/2905
f 590/1330/590 1454/1329/1454 4196/3740/4196
f 1454/1329/1454 180/1328/180 2107/3525/2107
f 4196/3740/4196 2107/3525/2107 667/3521/667
f 2904/3739/2904 4196/3740/4196 2906/1149/2906
f 2909/3741/2909 4197/3742/4197 1453/1426/1453
f 1017/1140/1017 2907/1139/2907 4197/3742/4197
f 2907/1139/2907 668/1145/668 1532/1231/1532
f 4197/3742/4197 1532/1231/1532 163/3360/163
f 164/1276/164 2060/3370/2060 4198/3743/4198
f 2060/3370/2060 620/1526/620 2908/3744/2908
f 4198/3743/4198 2908/3744/2908 1017/1140/1017
f 2029/3495/2029 4198/3743/4198 2909/3741/2909
f 620/1526/620 1484/1525/1484 4199/3745/4199
f 1484/1525/1484 170/1524/170 2028/3508/2028
f 4199/3745/4199 2028/3508/2028 588/1141/588
f 2908/3744/2908 4199/3745/4199 2910/1138/2910
f 2913/3746/2913 4200/3747/4200 1451/1418/1451
f 2913/3746/2913 1018/1130/1018 2911/1132/2911
f 2911/1132/2911 644/1137/644 1508/1692/1508
f 4200/3747/4200 1508/1692/1508 167/3126/167
f 168/1771/168 2058/3151/2058 4201/3748/4201
f 2058/3151/2058 618/1715/618 2912/3749/2912
f 4201/3748/4201 2912/3749/2912 1018/1130/1018
f 2027/3503/2027 4201/3748/4201 2913/3746/2913
f 618/1715/618 1482/1714/1482 4202/3750/4202
f 1482/1714/1482 194/1713/194 2026/3544/2026
f 4202/3750/4202 2026/3544/2026 586/3540/586
f 2912/3749/2912 4202/3750/4202 2914/1133/2914
f 2917/3751/2917 4203/3752/4203 1449/1410/1449
f 1019/1122/1019 2915/1124/2915 4203/3752/4203
f 2915/1124/2915 616/1129/616 1480/1619/1480
f 4203/3752/4203 1480/1619/1480 173/3222/173
f 174/1669/174 2110/3252/2110 4204/3753/4204
f 2110/3252/2110 670/1627/670 2916/3754/2916
f 4204/3753/4204 2916/3754/2916 1019/1122/1019
f 2025/3511/2025 4204/3753/4204 2917/3751/2917
f 670/1627/670 1534/1626/1534 4205/3755/4205
f 1534/1626/1534 171/1625/171 1511/3417/1511
f 4205/3755/4205 1511/3417/1511 647/3413/647
f 2916/3754/2916 4205/3755/4205 2918/1125/2918
f 669/3756/669 2921/3758/2921 4206/3757/4206
f 2921/3758/2921 1020/1114/1020 2919/1116/2919
f 4206/3757/4206 2919/1116/2919 614/1121/614
f 1533/1402/1533 4206/3757/4206 1478/1361/1478
f 2023/3550/2023 4207/3759/4207 2109/3520/2109
f 583/1376/583 2920/3760/2920 4207/3759/4207
f 2920/3760/2920 1020/1114/1020 2921/3758/2921
f 4207/3759/4207 2921/3758/2921 669/3756/669
f 1447/1375/1447 4208/3761/4208 2920/3760/2920
f 186/3535/186 2094/3534/2094 4208/3761/4208
f 2094/3534/2094 654/3530/654 2922/1117/2922
f 4208/3761/4208 2922/1117/2922 1020/1114/1020
f 673/3762/673 2925/3764/2925 4209/3763/4209
f 2925/3764/2925 1021/1106/1021 2923/1108/2923
f 4209/3763/4209 2923/1108/2923 581/1113/581
f 1537/1396/1537 4209/3763/4209 1445/1270/1445
f 2053/3329/2053 4210/3765/4210 2113/3529/2113
f 613/1553/613 2924/3766/2924 4210/3765/4210
f 2924/3766/2924 1021/1106/1021 2925/3764/2925
f 4210/3765/4210 2925/3764/2925 673/3762/673
f 1477/1552/1477 4211/3767/4211 2924/3766/2924
f 181/3407/181 1504/3406/1504 4211/3767/4211
f 1504/3406/1504 640/3402/640 2926/1109/2926
f 4211/3767/4211 2926/1109/2926 1021/1106/1021
f 612/3768/612 2929/3770/2929 4212/3769/4212
f 1022/1100/1022 2927/1099/2927 4212/3769/4212
f 2927/1099/2927 665/1105/665 1529/1779/1529
f 1476/1388/1476 4212/3769/4212 1529/1779/1529
f 2114/3384/2114 4213/3772/4213 2052/3539/2052
f 2114/3384/2114 674/1512/674 2928/3771/2928
f 4213/3772/4213 2928/3771/2928 1022/1100/1022
f 4213/3772/4213 2929/3770/2929 612/3768/612
f 674/1512/674 1538/1511/1538 4214/3773/4214
f 1538/1511/1538 187/1510/187 1493/3774/1493
f 4214/3773/4214 1493/3774/1493 629/1101/629
f 2928/3771/2928 4214/3773/4214 2930/1098/2930
f 841/3284/841 2933/3776/2933 4215/3775/4215
f 2933/3776/2933 1023/1090/1023 2931/1092/2931
f 4215/3775/4215 2931/1092/2931 600/1097/600
f 1705/1601/1705 4215/3775/4215 2040/3710/2040
f 249/2348/249 2143/2433/2143 4216/3777/4216
f 2143/2433/2143 703/2431/703 2932/3778/2932
f 4216/3777/4216 2932/3778/2932 1023/1090/1023
f 2281/3283/2281 4216/3777/4216 2933/3776/2933
f 703/2431/703 1567/2429/1567 4217/3779/4217
f 1567/2429/1567 239/2426/239 1575/3137/1575
f 4217/3779/4217 1575/3137/1575 711/3132/711
f 2932/3778/2932 4217/3779/4217 2934/1093/2934
f 849/3401/849 2937/3781/2937 4218/3780/4218
f 2937/3781/2937 1024/1082/1024 2935/1084/2935
f 4218/3780/4218 2935/1084/2935 591/1089/591
f 2289/1501/2289 4218/3780/4218 2031/3482/2031
f 231/2532/231 2170/2562/2170 4219/3782/4219
f 2170/2562/2170 730/2560/730 2936/3783/2936
f 4219/3782/4219 2936/3783/2936 1024/1082/1024
f 1713/3400/1713 4219/3782/4219 2937/3781/2937
f 730/2560/730 1594/2558/1594 4220/3784/4220
f 1594/2558/1594 229/2555/229 2288/3589/2288
f 4220/3784/4220 2288/3589/2288 848/3584/848
f 2936/3783/2936 4220/3784/4220 2938/1085/2938
f 2941/3785/2941 4221/3786/4221 1563/1698/1563
f 1025/1076/1025 2939/1075/2939 4221/3786/4221
f 2939/1075/2939 631/1081/631 2071/1192/2071
f 4221/3786/4221 2071/1192/2071 272/3463/272
f 2145/2414/2145 4222/3787/4222 2139/3171/2139
f 705/2193/705 2940/3788/2940 4222/3787/4222
f 2940/3788/2940 1025/1076/1025 2941/3785/2941
f 4222/3787/4222 2941/3785/2941 699/1696/699
f 1569/2192/1569 4223/3789/4223 2940/3788/2940
f 250/2334/250 1709/3301/1709 4223/3789/4223
f 1709/3301/1709 845/1077/845 2942/1074/2942
f 4223/3789/4223 2942/1074/2942 1025/1076/1025
f 2945/3790/2945 4224/3791/4224 2291/1300/2291
f 1026/1068/1026 2943/1067/2943 4224/3791/4224
f 2943/1067/2943 622/1073/622 2062/1435/2062
f 4224/3791/4224 2062/1435/2062 262/3737/262
f 2172/2544/2172 4225/3792/4225 1715/3618/1715
f 732/2118/732 2944/3793/2944 4225/3792/4225
f 2944/3793/2944 1026/1068/1026 2945/3790/2945
f 4225/3792/4225 2945/3790/2945 851/1298/851
f 1596/2117/1596 4226/3794/4226 2944/3793/2944
f 232/2521/232 1592/3110/1592 4226/3794/4226
f 1592/3110/1592 728/1069/728 2946/1066/2946
f 4226/3794/4226 2946/1066/2946 1026/1068/1026
f 576/3795/576 2949/3806/2949 4227/3796/4227
f 2949/3797/2949 1027/1058/1027 2947/1060/2947
f 4227/3796/4227 2947/4983/2947 578/3799/578
f 1440/1054/1440 4227/3796/4227 1442/3800/1442
f 146/668/146 1378/4984/1378 4228/3801/4228
f 1378/3803/1378 514/662/514 2948/3804/2948
f 4228/3805/4228 2948/3804/2948 1027/1058/1027
f 2016/3802/2016 4228/3801/4228 2949/3806/2949
f 514/662/514 1954/661/1954 4229/3807/4229
f 1954/661/1954 93/660/93 1917/2531/1917
f 4229/3807/4229 1917/2531/1917 477/2124/477
f 2948/3804/2948 4229/3807/4229 2950/1061/2950
f 511/3808/511 2953/3810/2953 4230/3809/4230
f 2953/3810/2953 1028/1050/1028 2951/1052/2951
f 4230/3809/4230 2951/1052/2951 577/1057/577
f 1375/735/1375 4230/3809/4230 1441/3811/1441
f 106/652/106 1338/3814/1338 4231/3812/4231
f 1338/3814/1338 474/670/474 2952/3815/2952
f 4231/3812/4231 2952/3815/2952 1028/1050/1028
f 1951/3813/1951 4231/3812/4231 2953/3810/2953
f 474/670/474 1914/669/1914 4232/3816/4232
f 1914/669/1914 146/668/146 2016/3802/2016
f 4232/3816/4232 2016/3802/2016 576/3795/576
f 2952/3815/2952 4232/3816/4232 2954/1053/2954
f 471/3817/471 2957/3819/2957 4233/3818/4233
f 2957/3819/2957 1029/1042/1029 2955/1044/2955
f 4233/3818/4233 2955/1044/2955 454/1049/454
f 1335/643/1335 4233/3818/4233 1318/1838/1318
f 143/736/143 1441/3811/1441 4234/3820/4234
f 1441/3811/1441 577/1057/577 2956/3822/2956
f 4234/3823/4234 2956/3829/2956 1029/1042/1029
f 1911/3824/1911 4234/3823/4234 2957/3819/2957
f 577/1057/577 2017/1056/2017 4235/3825/4235
f 2017/1056/2017 162/1055/162 2015/3826/2015
f 4235/3825/4235 2015/3826/2015 575/3827/575
f 2956/3829/2956 4235/4985/4235 2958/1045/2958
f 2961/3830/2961 4236/3831/4236 1436/1029/1436
f 1030/1034/1030 2959/1033/2959 4236/3831/4236
f 2959/1041/2959 574/1040/574 1438/3832/1438
f 4236/3833/4236 1438/3832/1438 161/3834/161
f 1374/3836/1374 4237/3839/4237 2012/3837/2012
f 510/638/510 2960/3840/2960 4237/3839/4237
f 2960/3840/2960 1030/1034/1030 2961/3830/2961
f 4237/3839/4237 2961/3830/2961 572/1027/572
f 1950/637/1950 4238/3842/4238 2960/3840/2960
f 99/3841/99 1923/3843/1923 4238/3842/4238
f 1923/3843/1923 483/1035/483 2962/1032/2962
f 4238/3842/4238 2962/1032/2962 1030/1034/1030
f 2965/3844/2965 4239/3845/4239 1371/812/1371
f 1031/1026/1031 2963/1025/2963 4239/3845/4239
f 2963/1025/2963 573/1031/573 1437/3846/1437
f 4239/3845/4239 1437/3846/1437 139/3847/139
f 1334/3848/1334 4240/3851/4240 1947/3849/1947
f 470/746/470 2964/3852/2964 4240/3851/4240
f 2964/3852/2964 1031/1026/1031 2965/3844/2965
f 4240/3851/4240 2965/3844/2965 507/810/507
f 1910/745/1910 4241/3853/4241 2964/3852/2964
f 142/3838/142 2012/3837/2012 4241/3853/4241
f 2012/3837/2012 572/1027/572 2966/1024/2966
f 4241/3853/4241 2966/1024/2966 1031/1026/1031
f 2969/3854/2969 4242/3855/4242 1331/620/1331
f 1032/1018/1032 2967/1017/2967 4242/3855/4242
f 2967/1017/2967 450/1023/450 1314/2170/1314
f 4242/3855/4242 1314/2170/1314 94/2425/94
f 1437/3856/1437 4243/3860/4243 1907/3857/1907
f 573/3859/573 2968/3861/2968 4243/3860/4243
f 2968/3861/2968 1032/1018/1032 2969/3854/2969
f 4243/3860/4243 2969/3854/2969 467/618/467
f 2013/3862/2013 4244/3863/4244 2968/3861/2968
f 161/3834/161 2011/3864/2011 4244/3863/4244
f 2011/3864/2011 571/1019/571 2970/1016/2970
f 4244/3863/4244 2970/1016/2970 1032/1018/1032
f 568/3865/568 2973/3867/2973 4245/3866/4245
f 2973/3867/2973 1033/1008/1033 2971/1010/2971
f 4245/3866/4245 2971/1010/2971 570/1015/570
f 1432/1004/1432 4245/3866/4245 1434/3868/1434
f 138/820/138 1370/3871/1370 4246/3869/4246
f 1370/3871/1370 506/614/506 2972/3872/2972
f 4246/3869/4246 2972/3872/2972 1033/1008/1033
f 2008/3870/2008 4246/3869/4246 2973/3867/2973
f 506/614/506 1946/613/1946 4247/3873/4247
f 1946/613/1946 100/612/100 1924/3874/1924
f 4247/3873/4247 1924/3874/1924 484/3875/484
f 2972/3872/2972 4247/3873/4247 2974/1011/2974
f 503/3876/503 2977/3878/2977 4248/3877/4248
f 2977/3878/2977 1034/1000/1034 2975/1002/2975
f 4248/3877/4248 2975/1002/2975 569/1007/569
f 1367/886/1367 4248/3877/4248 1433/3879/1433
f 104/604/104 1330/3882/1330 4249/3880/4249
f 1330/3882/1330 466/822/466 2976/3883/2976
f 4249/3880/4249 2976/3883/2976 1034/1000/1034
f 1943/3881/1943 4249/3880/4249 2977/3878/2977
f 466/822/466 1906/821/1906 4250/3884/4250
f 1906/821/1906 138/820/138 2008/3870/2008
f 4250/3884/4250 2008/3870/2008 568/3865/568
f 2976/3883/2976 4250/3884/4250 2978/1003/2978
f 463/3885/463 2981/3887/2981 4251/3886/4251
f 2981/3887/2981 1035/992/1035 2979/994/2979
f 4251/3886/4251 2979/994/2979 457/999/457
f 1327/595/1327 4251/3886/4251 1321/3888/1321
f 135/887/135 1433/3879/1433 4252/3889/4252
f 1433/3879/1433 569/1007/569 2980/3891/2980
f 4252/3889/4252 2980/3891/2980 1035/992/1035
f 1903/3890/1903 4252/3889/4252 2981/3887/2981
f 569/1007/569 2009/1006/2009 4253/3892/4253
f 2009/1006/2009 160/1005/160 2007/3893/2007
f 4253/3892/4253 2007/3893/2007 567/3894/567
f 2980/3891/2980 4253/3892/4253 2982/995/2982
f 2985/3895/2985 4254/3898/4254 1428/3896/1428
f 1036/986/1036 2983/985/2983 4254/3898/4254
f 2983/985/2983 566/991/566 1430/3899/1430
f 4254/3898/4254 1430/3899/1430 159/3900/159
f 1366/3901/1366 4255/3904/4255 2004/3902/2004
f 502/590/502 2984/3905/2984 4255/3904/4255
f 2984/3905/2984 1036/986/1036 2985/3895/2985
f 4255/3904/4255 2985/3895/2985 564/3897/564
f 1942/589/1942 4256/3906/4256 2984/3905/2984
f 97/1926/97 1921/2868/1921 4256/3906/4256
f 1921/2868/1921 481/987/481 2986/984/2986
f 4256/3906/4256 2986/984/2986 1036/986/1036
f 2989/3907/2989 4257/3908/4257 1363/963/1363
f 1037/978/1037 2987/977/2987 4257/3908/4257
f 2987/977/2987 565/983/565 1429/3909/1429
f 4257/3908/4257 1429/3909/1429 131/3910/131
f 1326/3911/1326 4258/3914/4258 1939/3912/1939
f 462/897/462 2988/3915/2988 4258/3914/4258
f 2988/3915/2988 1037/978/1037 2989/3907/2989
f 4258/3914/4258 2989/3907/2989 499/961/499
f 1902/896/1902 4259/3917/4259 2988/3915/2988
f 134/3916/134 2004/3918/2004 4259/3917/4259
f 2004/3918/2004 564/979/564 2990/976/2990
f 4259/3917/4259 2990/976/2990 1037/978/1037
f 2993/3919/2993 4260/3920/4260 1323/572/1323
f 1038/968/1038 2991/967/2991 4260/3920/4260
f 2991/967/2991 458/975/458 1322/3921/1322
f 4260/3920/4260 1322/3921/1322 102/3922/102
f 1429/3909/1429 4261/3924/4261 1899/3923/1899
f 565/983/565 2992/3925/2992 4261/3924/4261
f 2992/3925/2992 1038/968/1038 2993/3919/2993
f 4261/3924/4261 2993/3919/2993 459/570/459
f 2005/982/2005 4262/3929/4262 2992/3925/2992
f 159/3900/159 2003/3928/2003 4262/3926/4262
f 2003/3928/2003 563/969/563 2994/971/2994
f 4262/3929/4262 2994/966/2994 1038/968/1038
f 2997/3930/2997 4263/3931/4263 1424/955/1424
f 1039/960/1039 2995/959/2995 4263/3931/4263
f 2995/959/2995 562/965/562 1426/3932/1426
f 4263/3931/4263 1426/3932/1426 158/3933/158
f 1365/3934/1365 4264/3937/4264 2000/3935/2000
f 501/582/501 2996/3938/2996 4264/3937/4264
f 2996/3938/2996 1039/960/1039 2997/3930/2997
f 4264/3937/4264 2997/3930/2997 560/953/560
f 1941/581/1941 4265/3939/4265 2996/3938/2996
f 103/3913/103 1939/3912/1939 4265/3939/4265
f 1939/3912/1939 499/961/499 2998/958/2998
f 4265/3939/4265 2998/958/2998 1039/960/1039
f 3001/3940/3001 4266/3941/4266 1348/1012/1348
f 1040/952/1040 2999/951/2999 4266/3941/4266
f 2999/951/2999 561/957/561 1425/3942/1425
f 4266/3941/4266 1425/3942/1425 116/1013/116
f 1325/3943/1325 4267/3944/4267 1924/3874/1924
f 461/925/461 3000/3945/3000 4267/3944/4267
f 3000/3945/3000 1040/952/1040 3001/3940/3001
f 4267/3944/4267 3001/3940/3001 484/3875/484
f 1901/924/1901 4268/3946/4268 3000/3945/3000
f 133/3936/133 2000/3935/2000 4268/3946/4268
f 2000/3935/2000 560/953/560 3002/950/3002
f 4268/3946/4268 3002/950/3002 1040/952/1040
f 3005/3947/3005 4269/3949/4269 1308/555/1308
f 1041/944/1041 3003/943/3003 4269/3949/4269
f 3003/943/3003 446/949/446 1310/3950/1310
f 4269/3949/4269 1310/3950/1310 90/556/90
f 1425/3942/1425 4270/3952/4270 1884/3951/1884
f 561/957/561 3004/3953/3004 4270/3952/4270
f 3004/3953/3004 1041/944/1041 3005/3947/3005
f 4270/3952/4270 3005/3947/3005 444/3948/444
f 2001/956/2001 4271/3954/4271 3004/3953/3004
f 158/3933/158 1999/3955/1999 4271/3954/4271
f 1999/3955/1999 559/945/559 3006/942/3006
f 4271/3954/4271 3006/942/3006 1041/944/1041
f 3009/3956/3009 4272/3957/4272 1420/931/1420
f 1042/936/1042 3007/935/3007 4272/3957/4272
f 3007/935/3007 558/941/558 1422/3958/1422
f 4272/3957/4272 1422/3958/1422 157/3959/157
f 1888/2665/1888 4273/3961/4273 1996/3960/1996
f 448/2046/448 3008/3962/3008 4273/3961/4273
f 3008/3962/3008 1042/936/1042 3009/3956/3009
f 4273/3961/4273 3009/3956/3009 556/929/556
f 1312/2045/1312 4274/3963/4274 3008/3962/3008
f 92/2641/92 1940/3964/1940 4274/3963/4274
f 1940/3964/1940 500/937/500 3010/934/3010
f 4274/3963/4274 3010/934/3010 1042/936/1042
f 3013/3965/3013 4275/3967/4275 1360/835/1360
f 1043/928/1043 3011/927/3011 4275/3967/4275
f 3011/927/3011 557/933/557 1421/3968/1421
f 4275/3967/4275 1421/3968/1421 128/836/128
f 1928/3052/1928 4276/3970/4276 1936/3969/1936
f 488/1792/488 3012/3971/3012 4276/3970/4276
f 3012/3971/3012 1043/928/1043 3013/3965/3013
f 4276/3970/4276 3013/3965/3013 496/3966/496
f 1352/1791/1352 4277/3972/4277 3012/3971/3012
f 120/2666/120 1996/3960/1996 4277/3972/4277
f 1996/3960/1996 556/929/556 3014/926/3014
f 4277/3972/4277 3014/926/3014 1043/928/1043
f 3017/3973/3017 4278/3975/4278 1320/611/1320
f 1044/920/1044 3015/919/3015 4278/3975/4278
f 3015/919/3015 461/925/461 1325/3943/1325
f 4278/3975/4278 1325/3943/1325 100/612/100
f 1421/3968/1421 4279/3977/4279 1896/3976/1896
f 557/933/557 3016/3981/3016 4279/3977/4279
f 3016/3978/3016 1044/920/1044 3017/3973/3017
f 4279/3979/4279 3017/3973/3017 456/3974/456
f 1997/932/1997 4280/3982/4280 3016/3981/3016
f 157/3959/157 1995/4343/1995 4280/3982/4280
f 1995/3983/1995 555/921/555 3018/918/3018
f 4280/3984/4280 3018/918/3018 1044/920/1044
f 3021/3985/3021 4281/3986/4281 1416/904/1416
f 1045/910/1045 3019/909/3019 4281/3986/4281
f 3019/909/3019 554/4336/554 1418/3987/1418
f 4281/3986/4281 1418/3987/1418 156/3988/156
f 1876/2507/1876 4282/3990/4282 1992/3989/1992
f 436/2142/436 3020/4986/3020 4282/3990/4282
f 3020/3991/3020 1045/910/1045 3021/3985/3021
f 4282/3990/4282 3021/4987/3021 552/3993/552
f 436/3994/436 1300/2140/1300 4283/3995/4283
f 83/2139/83 1933/4982/1933 4283/3995/4283
f 4283/3995/4283 1933/4982/1933 493/3996/493
f 3020/3991/3020 4283/3995/4283 3022/908/3022
f 3025/3997/3025 4284/3998/4284 1364/939/1364
f 1046/900/1046 3023/899/3023 4284/3998/4284
f 3023/907/3023 553/906/553 1417/3999/1417
f 4284/3998/4284 1417/4988/1417 132/4001/132
f 1916/2640/1916 4285/4002/4285 1940/3964/1940
f 476/2062/476 3024/4003/3024 4285/4002/4285
f 3024/4003/3024 1046/900/1046 3025/3997/3025
f 4285/4002/4285 3025/3997/3025 500/937/500
f 1340/2061/1340 4286/4004/4286 3024/4003/3024
f 108/2060/108 1992/3989/1992 4286/4004/4286
f 1992/3989/1992 552/3993/552 3026/898/3026
f 4286/4004/4286 3026/898/3026 1046/900/1046
f 3029/4005/3029 4287/4006/4287 1324/580/1324
f 1047/892/1047 3027/891/3027 4287/4006/4287
f 3027/891/3027 462/897/462 1326/3911/1326
f 4287/4006/4287 1326/3911/1326 103/3913/103
f 1417/3999/1417 4288/4009/4288 1900/4007/1900
f 553/906/553 3028/4010/3028 4288/4009/4288
f 3028/4010/3028 1047/892/1047 3029/4005/3029
f 4288/4009/4288 3029/4005/3029 460/578/460
f 1993/905/1993 4289/4011/4289 3028/4010/3028
f 156/3988/156 1991/4012/1991 4289/4011/4289
f 1991/4012/1991 551/893/551 3030/890/3030
f 4289/4011/4289 3030/890/3030 1047/892/1047
f 548/4013/548 3033/4016/3033 4290/4014/4290
f 3033/4016/3033 1048/882/1048 3031/884/3031
f 4290/4014/4290 3031/884/3031 550/889/550
f 1412/878/1412 4290/4989/4290 1414/4018/1414
f 137/4019/137 1369/4022/1369 4291/4020/4291
f 1369/4022/1369 505/606/505 3032/4023/3032
f 4291/4020/4291 3032/4023/3032 1048/882/1048
f 1988/4021/1988 4291/4020/4291 3033/4016/3033
f 505/606/505 1945/605/1945 4292/4024/4292
f 1945/605/1945 104/604/104 1943/3881/1943
f 4292/4024/4292 1943/3881/1943 503/3876/503
f 3032/4023/3032 4292/4024/4292 3034/885/3034
f 447/1984/447 3037/4026/3037 4293/4025/4293
f 3037/4026/3037 1049/874/1049 3035/876/3035
f 4293/4025/4293 3035/876/3035 549/881/549
f 1887/2760/1887 4293/4025/4293 1413/4027/1413
f 91/2691/91 1329/4029/1329 4294/4028/4294
f 1329/4029/1329 465/847/465 3036/4030/3036
f 4294/4028/4294 3036/4030/3036 1049/874/1049
f 1311/1983/1311 4294/4028/4294 3037/4026/3037
f 465/847/465 1905/846/1905 4295/4031/4295
f 1905/846/1905 137/845/137 1988/4032/1988
f 4295/4031/4295 1988/4032/1988 548/4033/548
f 3036/4030/3036 4295/4031/4295 3038/877/3038
f 487/1999/487 3041/4035/3041 4296/4034/4296
f 3041/4035/3041 1050/866/1050 3039/868/3039
f 4296/4034/4296 3039/868/3039 445/873/445
f 1927/2739/1927 4296/4034/4296 1309/4036/1309
f 119/2761/119 1413/4027/1413 4297/4037/4297
f 1413/4027/1413 549/881/549 3040/4038/3040
f 4297/4037/4297 3040/4038/3040 1050/866/1050
f 1351/1998/1351 4297/4037/4297 3041/4035/3041
f 549/881/549 1989/880/1989 4298/4039/4298
f 1989/880/1989 155/879/155 1987/4040/1987
f 4298/4039/4298 1987/4040/1987 547/4041/547
f 3040/4038/3040 4298/4039/4298 3042/869/3042
f 544/4042/544 3045/4990/3045 4299/4043/4299
f 3045/4044/3045 1051/856/1051 3043/858/3043
f 4299/4043/4299 3043/863/3043 546/865/546
f 1408/852/1408 4299/4043/4299 1410/4046/1410
f 124/2292/124 1892/2291/1892 4300/4047/4300
f 1892/2291/1892 452/2266/452 3044/4049/3044
f 4300/4047/4300 3044/4049/3044 1051/856/1051
f 1984/4048/1984 4300/4047/4300 3045/4044/3045
f 452/2266/452 1316/2265/1316 4301/4051/4301
f 1316/2265/1316 96/2264/96 1944/4052/1944
f 4301/4051/4301 1944/4052/1944 504/4053/504
f 3044/4049/3044 4301/4051/4301 3046/859/3046
f 435/2080/435 3049/4991/3049 4302/4054/4302
f 3049/4055/3049 1052/848/1052 3047/850/3047
f 4302/4054/4302 3047/4992/3047 545/4057/545
f 1875/2614/1875 4302/4054/4302 1409/4058/1409
f 82/2077/82 1932/4061/1932 4303/4059/4303
f 492/4060/492 3048/4062/3048 4303/4059/4303
f 3048/4062/3048 1052/848/1052 3049/4055/3049
f 4303/4059/4303 3049/4055/3049 435/4063/435
f 492/2096/492 1356/2095/1356 4304/4064/4304
f 1356/2095/1356 124/2292/124 1984/4048/1984
f 4304/4064/4304 1984/4048/1984 544/4050/544
f 3048/4062/3048 4304/4993/4304 3050/851/3050
f 475/2031/475 3053/4068/3053 4305/4067/4305
f 3053/4068/3053 1053/839/1053 3051/841/3051
f 4305/4067/4305 3051/841/3051 465/847/465
f 1915/2690/1915 4305/4067/4305 1329/4029/1329
f 107/2029/107 1409/4058/1409 4306/4069/4306
f 1409/4058/1409 545/4057/545 3052/4070/3052
f 4306/4069/4306 3052/4070/3052 1053/839/1053
f 1339/2030/1339 4306/4069/4306 3053/4068/3053
f 545/855/545 1985/854/1985 4307/4071/4307
f 1985/854/1985 154/853/154 1983/4073/1983
f 4307/4071/4307 1983/4073/1983 543/4074/543
f 3052/4070/3052 4307/4994/4307 3054/4075/3054
f 540/4076/540 3057/4078/3057 4308/4077/4308
f 3057/4078/3057 1054/831/1054 3055/833/3055
f 4308/4077/4308 3055/833/3055 542/838/542
f 1404/827/1404 4308/4077/4308 1406/4079/1406
f 112/1822/112 1880/3030/1880 4309/4080/4309
f 1880/3030/1880 440/1808/440 3056/4082/3056
f 4309/4080/4309 3056/4082/3056 1054/831/1054
f 1980/4081/1980 4309/4080/4309 3057/4078/3057
f 440/1808/440 1304/1807/1304 4310/4083/4310
f 1304/1807/1304 87/1806/87 1936/3969/1936
f 4310/4083/4310 1936/3969/1936 496/3966/496
f 3056/4082/3056 4310/4083/4310 3058/834/3058
f 504/4053/504 3061/4085/3061 4311/4084/4311
f 3061/4085/3061 1055/823/1055 3059/825/3059
f 4311/4084/4311 3059/825/3059 541/830/541
f 1368/860/1368 4311/4084/4311 1405/4086/1405
f 96/2264/96 1920/3006/1920 4312/4087/4312
f 1920/3006/1920 480/1824/480 3060/4088/3060
f 4312/4087/4312 3060/4088/3060 1055/823/1055
f 1944/4052/1944 4312/4087/4312 3061/4085/3061
f 480/1824/480 1344/1823/1344 4313/4089/4313
f 1344/1823/1344 112/1822/112 1980/4081/1980
f 4313/4089/4313 1980/4081/1980 540/4076/540
f 3060/4088/3060 4313/4089/4313 3062/826/3062
f 464/4090/464 3065/4092/3065 4314/4091/4314
f 3065/4092/3065 1056/815/1056 3063/817/3063
f 4314/4091/4314 3063/817/3063 466/822/466
f 1328/603/1328 4314/4091/4314 1330/3882/1330
f 136/4093/136 1405/4096/1405 4315/4094/4315
f 1405/4096/1405 541/4098/541 3064/4097/3064
f 4315/4094/4315 3064/4097/3064 1056/815/1056
f 1904/4095/1904 4315/4094/4315 3065/4092/3065
f 541/4098/541 1981/4995/1981 4316/4099/4316
f 1981/829/1981 153/828/153 1979/4100/1979
f 4316/4099/4316 1979/4315/1979 539/4102/539
f 3064/4097/3064 4316/4099/4316 3066/818/3066
f 3069/4103/3069 4317/4104/4317 1400/803/1400
f 1057/809/1057 3067/808/3067 4317/4104/4317
f 3067/808/3067 538/814/538 1402/4105/1402
f 4317/4104/4317 1402/4105/1402 152/4106/152
f 1373/4107/1373 4318/4110/4318 1976/4108/1976
f 509/630/509 3068/4111/3068 4318/4110/4318
f 3068/4111/3068 1057/809/1057 3069/4103/3069
f 4318/4110/4318 3069/4103/3069 536/800/536
f 1949/629/1949 4319/4112/4319 3068/4111/3068
f 105/3850/105 1947/3849/1947 4319/4112/4319
f 1947/3849/1947 507/810/507 3070/807/3070
f 4319/4112/4319 3070/807/3070 1057/809/1057
f 3073/4113/3073 4320/4114/4320 1891/2404/1891
f 1058/799/1058 3071/798/3071 4320/4114/4320
f 3071/798/3071 537/4127/537 1401/4115/1401
f 4320/4114/4320 1401/4115/1401 123/2405/123
f 1333/4116/1333 4321/4117/4321 1315/2200/1315
f 469/770/469 3072/4118/3072 4321/4117/4321
f 3072/4118/3072 1058/799/1058 3073/4113/3073
f 4321/4117/4321 3073/4113/3073 451/2201/451
f 1909/769/1909 4322/4120/4322 3072/4118/3072
f 141/4119/141 1976/4996/1976 4322/4120/4322
f 1976/4108/1976 536/800/536 3074/802/3074
f 4322/4120/4322 3074/797/3074 1058/799/1058
f 491/4122/491 3077/4125/3077 4323/4123/4323
f 3077/4125/3077 1059/789/1059 3075/788/3075
f 4323/4123/4323 3075/788/3075 438/4126/438
f 4323/4123/4323 1302/2233/1302 84/2232/84
f 1401/4115/1401 4324/4128/4324 1355/2216/1355
f 537/4127/537 3076/4997/3076 4324/4128/4324
f 3076/4129/3076 1059/789/1059 3077/4125/3077
f 4324/4128/4324 3077/4998/3077 491/2217/491
f 1977/804/1977 4325/4131/4325 3076/4129/3076
f 152/4106/152 1975/4132/1975 4325/4131/4325
f 1975/4132/1975 535/4306/535 3078/787/3078
f 4325/4131/4325 3078/787/3078 1059/789/1059
f 3081/4133/3081 4326/4137/4326 1396/776/1396
f 1060/781/1060 3079/780/3079 4326/4134/4326
f 3079/780/3079 534/786/534 1398/4136/1398
f 4326/4137/4326 1398/4296/1398 151/4138/151
f 1349/4139/1349 4327/4144/4327 1972/4140/1972
f 485/598/485 3080/4143/3080 4327/4141/4327
f 3080/4143/3080 1060/781/1060 3081/4135/3081
f 4327/4144/4327 3081/4133/3081 532/774/532
f 1925/597/1925 4328/4145/4328 3080/4143/3080
f 101/596/101 1948/4146/1948 4328/4145/4328
f 1948/4146/1948 508/782/508 3082/779/3082
f 4328/4145/4328 3082/779/3082 1060/781/1060
f 3085/4147/3085 4329/4148/4329 1879/2715/1879
f 1061/773/1061 3083/772/3083 4329/4148/4329
f 3083/772/3083 533/778/533 1397/4149/1397
f 4329/4148/4329 1397/4149/1397 111/2248/111
f 1309/4036/1309 4330/4150/4330 1303/2014/1303
f 445/873/445 3084/4151/3084 4330/4150/4330
f 3084/4151/3084 1061/773/1061 3085/4147/3085
f 4330/4150/4330 3085/4147/3085 439/2015/439
f 1885/872/1885 4331/4152/4331 3084/4151/3084
f 117/871/117 1972/4140/1972 4331/4152/4331
f 1972/4140/1972 532/774/532 3086/771/3086
f 4331/4152/4331 3086/771/3086 1061/773/1061
f 3089/4153/3089 4332/4154/4332 1919/2320/1919
f 1062/765/1062 3087/764/3087 4332/4154/4332
f 3087/764/3087 469/770/469 1333/4116/1333
f 4332/4154/4332 1333/4116/1333 95/2199/95
f 1397/4149/1397 4333/4155/4333 1343/2249/1343
f 533/778/533 3088/4156/3088 4333/4155/4333
f 3088/4156/3088 1062/765/1062 3089/4153/3089
f 4333/4155/4333 3089/4153/3089 479/2250/479
f 1973/777/1973 4334/4157/4334 3088/4156/3088
f 151/4138/151 1971/4158/1971 4334/4157/4334
f 1971/4158/1971 531/766/531 3090/763/3090
f 4334/4157/4334 3090/763/3090 1062/765/1062
f 3093/4159/3093 4335/4160/4335 1392/752/1392
f 1063/757/1063 3091/756/3091 4335/4160/4335
f 3091/756/3091 530/762/530 1394/4161/1394
f 4335/4160/4335 1394/4161/1394 150/4162/150
f 1361/4163/1361 4336/4165/4336 1968/4164/1968
f 497/558/497 3092/4166/3092 4336/4165/4336
f 3092/4166/3092 1063/757/1063 3093/4159/3093
f 4336/4165/4336 3093/4159/3093 528/750/528
f 1937/557/1937 4337/4167/4337 3092/4166/3092
f 90/556/90 1935/4168/1935 4337/4167/4337
f 1935/4168/1935 495/758/495 3094/755/3094
f 4337/4167/4337 3094/755/3094 1063/757/1063
f 3097/4169/3097 4338/4170/4338 1372/784/1372
f 1064/749/1064 3095/748/3095 4338/4170/4338
f 3095/748/3095 529/754/529 1393/4171/1393
f 4338/4170/4338 1393/4171/1393 140/4172/140
f 1321/3888/1321 4339/4173/4339 1948/4146/1948
f 457/999/457 3096/4174/3096 4339/4173/4339
f 3096/4174/3096 1064/749/1064 3097/4169/3097
f 4339/4173/4339 3097/4169/3097 508/782/508
f 1897/998/1897 4340/4175/4340 3096/4174/3096
f 129/997/129 1968/4164/1968 4340/4175/4340
f 1968/4164/1968 528/750/528 3098/747/3098
f 4340/4175/4340 3098/747/3098 1064/749/1064
f 3101/4176/3101 4341/4177/4341 1332/628/1332
f 1065/741/1065 3099/740/3099 4341/4177/4341
f 3099/740/3099 470/746/470 1334/3848/1334
f 4341/4177/4341 1334/3848/1334 105/3850/105
f 1393/4171/1393 4342/4179/4342 1908/4178/1908
f 529/754/529 3100/4180/3100 4342/4179/4342
f 3100/4180/3100 1065/741/1065 3101/4176/3101
f 4342/4179/4342 3101/4176/3101 468/626/468
f 1969/753/1969 4343/4181/4343 3100/4180/3100
f 150/4162/150 1967/4182/1967 4343/4181/4343
f 1967/4182/1967 527/742/527 3102/739/3102
f 4343/4181/4343 3102/739/3102 1065/741/1065
f 524/4183/524 3105/4185/3105 4344/4184/4344
f 3105/4185/3105 1066/731/1066 3103/733/3103
f 4344/4184/4344 3103/733/3103 526/738/526
f 1388/725/1388 4344/4184/4344 1390/4186/1390
f 145/694/145 1377/4190/1377 4345/4188/4345
f 1377/4190/1377 513/654/513 3104/4191/3104
f 4345/4188/4345 3104/4191/3104 1066/731/1066
f 1964/4189/1964 4345/4188/4345 3105/4185/3105
f 513/654/513 1953/653/1953 4346/4192/4346
f 1953/653/1953 106/652/106 1951/3813/1951
f 4346/4192/4346 1951/3813/1951 511/3808/511
f 3104/4191/3104 4346/4192/4346 3106/734/3106
f 483/1035/483 3109/4195/3109 4347/4193/4347
f 3109/4195/3109 1067/721/1067 3107/723/3107
f 4347/4196/4347 3107/729/3107 525/730/525
f 1347/1037/1347 4347/4196/4347 1389/4197/1389
f 99/3841/99 1337/4200/1337 4348/4199/4348
f 1337/4200/1337 473/696/473 3108/4201/3108
f 4348/4199/4348 3108/4201/3108 1067/721/1067
f 1923/3843/1923 4348/4199/4348 3109/4195/3109
f 473/696/473 1913/695/1913 4349/4202/4349
f 1913/695/1913 145/694/145 1964/4189/1964
f 4349/4202/4349 1964/4189/1964 524/4183/524
f 3108/4201/3108 4349/4202/4349 3110/724/3110
f 443/546/443 3113/4204/3113 4350/4203/4350
f 3113/4204/3113 1068/713/1068 3111/715/3111
f 4350/4203/4350 3111/715/3111 442/720/442
f 1307/548/1307 4350/4203/4350 1306/1955/1306
f 115/4198/115 1389/4197/1389 4351/4205/4351
f 1389/4197/1389 525/730/525 3112/4207/3112
f 4351/4205/4351 3112/4207/3112 1068/713/1068
f 1883/4206/1883 4351/4205/4351 3113/4204/3113
f 525/730/525 1965/728/1965 4352/4208/4352
f 1965/728/1965 149/727/149 1963/4209/1963
f 4352/4208/4352 1963/4209/1963 523/4210/523
f 3112/4207/3112 4352/4208/4352 3114/716/3114
f 520/4211/520 3117/4213/3117 4353/4212/4353
f 3117/4213/3117 1069/705/1069 3115/707/3115
f 4353/4212/4353 3115/707/3115 522/712/522
f 1384/701/1384 4353/4212/4353 1386/4214/1386
f 118/4215/118 1350/4218/1350 4354/4216/4354
f 1350/4218/1350 486/574/486 3116/4219/3116
f 4354/4216/4354 3116/4219/3116 1069/705/1069
f 1960/4217/1960 4354/4216/4354 3117/4213/3117
f 486/574/486 1926/573/1926 4355/4220/4355
f 1926/573/1926 102/3922/102 1952/4221/1952
f 4355/4220/4355 1952/4221/1952 512/4222/512
f 3116/4219/3116 4355/4220/4355 3118/708/3118
f 495/758/495 3121/4224/3121 4356/4223/4356
f 3121/4224/3121 1070/697/1070 3119/699/3119
f 4356/4223/4356 3119/699/3119 521/704/521
f 1359/760/1359 4356/4223/4356 1385/4225/1385
f 90/556/90 1310/3950/1310 4357/4227/4357
f 1310/3950/1310 446/949/446 3120/4228/3120
f 4357/4227/4357 3120/4228/3120 1070/697/1070
f 1935/4168/1935 4357/4227/4357 3121/4224/3121
f 446/949/446 1886/948/1886 4358/4229/4358
f 1886/948/1886 118/4215/118 1960/4217/1960
f 4358/4229/4358 1960/4217/1960 520/4211/520
f 3120/4228/3120 4358/4229/4358 3122/700/3122
f 455/634/455 3125/4231/3125 4359/4230/4359
f 3125/4231/3125 1071/689/1071 3123/691/3123
f 4359/4230/4359 3123/691/3123 473/696/473
f 1319/636/1319 4359/4230/4359 1337/4200/1337
f 127/4226/127 1385/4225/1385 4360/4232/4360
f 1385/4225/1385 521/704/521 3124/4234/3124
f 4360/4232/4360 3124/4234/3124 1071/689/1071
f 1895/4233/1895 4360/4232/4360 3125/4231/3125
f 521/704/521 1961/703/1961 4361/4235/4361
f 1961/703/1961 148/702/148 1959/4236/1959
f 4361/4235/4361 1959/4236/1959 519/4237/519
f 3124/4234/3124 4361/4235/4361 3126/692/3126
f 516/4238/516 3129/4240/3129 4362/4239/4362
f 3129/4240/3129 1072/681/1072 3127/683/3127
f 4362/4239/4362 3127/683/3127 518/688/518
f 1380/675/1380 4362/4239/4362 1382/4241/1382
f 130/4242/130 1362/4245/1362 4363/4243/4363
f 1362/4245/1362 498/566/498 3128/4246/3128
f 4363/4243/4363 3128/4246/3128 1072/681/1072
f 1956/4244/1956 4363/4243/4363 3129/4240/3129
f 498/566/498 1938/565/1938 4364/4247/4364
f 1938/565/1938 88/1898/88 1929/2824/1929
f 4364/4247/4364 1929/2824/1929 489/1940/489
f 3128/4246/3128 4364/4247/4364 3130/684/3130
f 512/4222/512 3133/4249/3133 4365/4248/4365
f 3133/4249/3133 1073/671/1073 3131/673/3131
f 4365/4248/4365 3131/673/3131 517/680/517
f 1376/709/1376 4365/4248/4365 1381/4250/1381
f 102/3922/102 1322/3921/1322 4366/4251/4366
f 1322/3921/1322 458/975/458 3132/4252/3132
f 4366/4251/4366 3132/4252/3132 1073/671/1073
f 1952/4221/1952 4366/4251/4366 3133/4249/3133
f 458/975/458 1898/4975/1898 4367/4253/4367
f 1898/973/1898 130/4242/130 1956/4244/1956
f 4367/4254/4367 1956/4244/1956 516/4238/516
f 3132/4252/3132 4367/4253/4367 3134/4255/3134
f 472/4256/472 3137/4258/3137 4368/4257/4368
f 3137/4258/3137 1074/663/1074 3135/665/3135
f 4368/4257/4368 3135/665/3135 474/670/474
f 1336/651/1336 4368/4257/4368 1338/3814/1338
f 144/710/144 1381/4250/1381 4369/4259/4369
f 1381/4250/1381 517/680/517 3136/4261/3136
f 4369/4259/4369 3136/4261/3136 1074/663/1074
f 1912/4260/1912 4369/4259/4369 3137/4258/3137
f 517/680/517 1957/679/1957 4370/4262/4370
f 1957/679/1957 147/4999/147 1955/4263/1955
f 4370/4262/4370 1955/4263/1955 515/4264/515
f 3136/4261/3136 4370/4262/4370 3138/666/3138
f 515/4265/515 3141/4268/3141 4371/4266/4371
f 3141/4268/3141 1075/655/1075 3139/657/3139
f 4371/4266/4371 3139/657/3139 514/662/514
f 1379/4267/1379 4371/4266/4371 1378/3803/1378
f 147/677/147 1382/4241/1382 4372/4270/4372
f 1382/4241/1382 518/688/518 3140/4272/3140
f 4372/4270/4372 3140/4272/3140 1075/655/1075
f 1955/4271/1955 4372/4270/4372 3141/4268/3141
f 518/688/518 1958/687/1958 4373/4273/4373
f 1958/687/1958 121/686/121 1889/2554/1889
f 4373/4273/4373 1889/2554/1889 449/2110/449
f 3140/4272/3140 4373/4273/4373 3142/658/3142
f 519/4237/519 3145/4275/3145 4374/4274/4374
f 3145/4275/3145 1076/647/1076 3143/649/3143
f 4374/4274/4374 3143/649/3143 513/654/513
f 1383/693/1383 4374/4274/4374 1377/4190/1377
f 148/702/148 1386/4214/1386 4375/4276/4375
f 1386/4214/1386 522/712/522 3144/4277/3144
f 4375/4276/4375 3144/4277/3144 1076/647/1076
f 1959/4236/1959 4375/4276/4375 3145/4275/3145
f 522/712/522 1962/711/1962 4376/4278/4376
f 1962/711/1962 144/710/144 1912/4260/1912
f 4376/4278/4376 1912/4260/1912 472/4256/472
f 3144/4277/3144 4376/4278/4376 3146/650/3146
f 523/4210/523 3149/4280/3149 4377/4279/4377
f 3149/4280/3149 1077/639/1077 3147/641/3147
f 4377/4279/4377 3147/641/3147 482/646/482
f 1387/717/1387 4377/4279/4377 1346/1884/1346
f 149/727/149 1390/4282/1390 4378/4281/4378
f 1390/4282/1390 526/4284/526 3148/4283/3148
f 4378/4281/4378 3148/4283/3148 1077/639/1077
f 1963/4209/1963 4378/4281/4378 3149/4280/3149
f 526/4284/526 1966/4286/1966 4379/4285/4379
f 1966/4286/1966 143/5000/143 1911/3824/1911
f 4379/4285/4379 1911/3824/1911 471/3817/471
f 3148/4283/3148 4379/4285/4379 3150/642/3150
f 3153/4287/3153 4380/4288/4380 1391/744/1391
f 1078/633/1078 3151/632/3151 4380/4288/4380
f 3151/632/3151 510/638/510 1374/3836/1374
f 4380/4288/4380 1374/3836/1374 142/3838/142
f 1394/4161/1394 4381/4289/4381 1967/4182/1967
f 530/762/530 3152/4290/3152 4381/4289/4381
f 3152/4290/3152 1078/633/1078 3153/4287/3153
f 4381/4289/4381 3153/4287/3153 527/742/527
f 1970/761/1970 4382/4291/4382 3152/4290/3152
f 127/4226/127 1895/4233/1895 4382/4291/4382
f 1895/4233/1895 455/634/455 3154/631/3154
f 4382/4291/4382 3154/631/3154 1078/633/1078
f 3157/4292/3157 4383/4295/4383 1395/4293/1395
f 1079/625/1079 3155/624/3155 4383/4295/4383
f 3155/624/3155 509/630/509 1373/4107/1373
f 4383/4295/4383 1373/4107/1373 141/4109/141
f 1398/4296/1398 4384/5001/4384 1971/4158/1971
f 534/786/534 3156/4298/3156 4384/4297/4384
f 3156/4298/3156 1079/625/1079 3157/4292/3157
f 4384/4297/4384 3157/4292/3157 531/4294/531
f 1974/785/1974 4385/4300/4385 3156/4298/3156
f 140/4172/140 1908/4178/1908 4385/4300/4385
f 1908/4178/1908 468/626/468 3158/623/3158
f 4385/4300/4385 3158/623/3158 1079/625/1079
f 3161/4301/3161 4386/4302/4386 1399/793/1399
f 1080/617/1080 3159/616/3159 4386/4302/4386
f 3159/616/3159 478/622/478 1342/2185/1342
f 4386/4302/4386 1342/2185/1342 110/2184/110
f 1402/4105/1402 4387/4303/4387 1975/4132/1975
f 538/814/538 3160/4307/3160 4387/4303/4387
f 3160/4304/3160 1080/617/1080 3161/4301/3161
f 4387/4303/4387 3161/5002/3161 535/4306/535
f 1978/813/1978 4388/5003/4388 3160/4307/3160
f 139/3858/139 1907/3857/1907 4388/4308/4388
f 1907/3857/1907 467/618/467 3162/615/3162
f 4388/4308/4388 3162/615/3162 1080/617/1080
f 539/4102/539 3165/4311/3165 4389/4310/4389
f 3165/4311/3165 1081/607/1081 3163/609/3163
f 4389/4310/4389 3163/609/3163 506/614/506
f 1403/819/1403 4389/4310/4389 1370/3871/1370
f 153/828/153 1406/4079/1406 4390/4312/4390
f 1406/4079/1406 542/838/542 3164/4313/3164
f 4390/4314/4390 3164/4318/3164 1081/607/1081
f 1979/4315/1979 4390/4314/4390 3165/4311/3165
f 542/838/542 1982/837/1982 4391/4316/4391
f 1982/837/1982 128/836/128 1896/3976/1896
f 4391/4317/4391 1896/3980/1896 456/3974/456
f 3164/4318/3164 4391/4317/4391 3166/610/3166
f 543/4074/543 3169/4320/3169 4392/4319/4392
f 3169/4320/3169 1082/599/1082 3167/601/3167
f 4392/4319/4392 3167/601/3167 505/606/505
f 1407/843/1407 4392/4319/4392 1369/4022/1369
f 154/853/154 1410/4046/1410 4393/4321/4393
f 1410/4046/1410 546/865/546 3168/4322/3168
f 4393/4321/4393 3168/4322/3168 1082/599/1082
f 1983/4073/1983 4393/4321/4393 3169/4320/3169
f 546/865/546 1986/864/1986 4394/4323/4394
f 1986/864/1986 136/4093/136 1904/4095/1904
f 4394/4323/4394 1904/4095/1904 464/4090/464
f 3168/4322/3168 4394/4323/4394 3170/602/3170
f 547/4041/547 3173/4330/3173 4395/4324/4395
f 3173/4325/3173 1083/591/1083 3171/593/3171
f 4395/4326/4395 3171/593/3171 485/598/485
f 1411/870/1411 4395/4324/4395 1349/4139/1349
f 155/879/155 1414/4018/1414 4396/4327/4396
f 1414/4017/1414 550/889/550 3172/4328/3172
f 4396/4329/4396 3172/4328/3172 1083/591/1083
f 1987/4040/1987 4396/4327/4396 3173/4330/3173
f 550/889/550 1990/888/1990 4397/4331/4397
f 1990/888/1990 135/887/135 1903/3890/1903
f 4397/4331/4397 1903/3890/1903 463/3885/463
f 3172/4328/3172 4397/4331/4397 3174/594/3174
f 3177/4332/3177 4398/5004/4398 1415/895/1415
f 1084/585/1084 3175/584/3175 4398/4333/4398
f 3175/584/3175 502/590/502 1366/3901/1366
f 4398/4333/4398 1366/3901/1366 134/3903/134
f 1418/3987/1418 4399/4337/4399 1991/4012/1991
f 554/4336/554 3176/5005/3176 4399/4337/4399
f 3176/4338/3176 1084/585/1084 3177/4334/3177
f 4399/4337/4399 3177/4332/3177 551/893/551
f 1994/915/1994 4400/4340/4400 3176/4338/3176
f 125/2846/125 1893/2845/1893 4400/4340/4400
f 1893/2845/1893 453/586/453 3178/583/3178
f 4400/4340/4400 3178/583/3178 1084/585/1084
f 3181/4341/3181 4401/4342/4401 1419/923/1419
f 1085/577/1085 3179/576/3179 4401/4342/4401
f 3179/576/3179 501/582/501 1365/3934/1365
f 4401/4342/4401 1365/3934/1365 133/3936/133
f 1422/3958/1422 4402/5006/4402 1995/4343/1995
f 558/4344/558 3180/4347/3180 4402/4345/4402
f 3180/4347/3180 1085/577/1085 3181/4341/3181
f 4402/4345/4402 3181/4341/3181 555/921/555
f 1998/4348/1998 4403/4349/4403 3180/4347/3180
f 132/4008/132 1900/4007/1900 4403/4349/4403
f 1900/4007/1900 460/578/460 3182/575/3182
f 4403/4349/4403 3182/575/3182 1085/577/1085
f 3185/4350/3185 4404/4351/4404 1423/947/1423
f 1086/569/1086 3183/568/3183 4404/4351/4404
f 3183/568/3183 486/574/486 1350/4218/1350
f 4404/4351/4404 1350/4218/1350 118/4215/118
f 1426/3932/1426 4405/4352/4405 1999/3955/1999
f 562/965/562 3184/4353/3184 4405/4352/4405
f 3184/4353/3184 1086/569/1086 3185/4350/3185
f 4405/4352/4405 3185/4350/3185 559/945/559
f 2002/964/2002 4406/4354/4406 3184/4353/3184
f 131/3910/131 1899/3923/1899 4406/4354/4406
f 1899/3923/1899 459/570/459 3186/567/3186
f 4406/4354/4406 3186/567/3186 1086/569/1086
f 3189/4355/3189 4407/4356/4407 1427/972/1427
f 1087/561/1087 3187/560/3187 4407/4356/4407
f 3187/560/3187 498/566/498 1362/4245/1362
f 4407/4356/4407 1362/4245/1362 130/4242/130
f 1430/3899/1430 4408/4357/4408 2003/3928/2003
f 566/991/566 3188/4358/3188 4408/4357/4408
f 3188/4358/3188 1087/561/1087 3189/4355/3189
f 4408/4357/4408 3189/4355/3189 563/969/563
f 2006/990/2006 4409/4359/4409 3188/4358/3188
f 113/1912/113 1881/2888/1881 4409/4359/4409
f 1881/2888/1881 441/562/441 3190/559/3190
f 4409/4359/4409 3190/559/3190 1087/561/1087
f 567/3894/567 3193/4361/3193 4410/4360/4410
f 3193/4361/3193 1088/551/1088 3191/553/3191
f 4410/4360/4410 3191/553/3191 497/558/497
f 1431/996/1431 4410/4360/4410 1361/4163/1361
f 160/1005/160 1434/3868/1434 4411/4362/4411
f 1434/3868/1434 570/1015/570 3192/4363/3192
f 4411/4362/4411 3192/4363/3192 1088/551/1088
f 2007/3893/2007 4411/4362/4411 3193/4361/3193
f 570/1015/570 2010/1014/2010 4412/4364/4412
f 2010/1014/2010 116/1013/116 1884/3951/1884
f 4412/4364/4412 1884/3951/1884 444/3948/444
f 3192/4363/3192 4412/4364/4412 3194/554/3194
f 3197/4365/3197 4413/4366/4413 1435/1021/1435
f 1089/545/1089 3195/544/3195 4413/4366/4413
f 3195/544/3195 490/550/490 1354/1969/1354
f 4413/4366/4413 1354/1969/1354 122/2447/122
f 1438/3832/1438 4414/4367/4414 2011/3864/2011
f 574/1040/574 3196/4368/3196 4414/4367/4414
f 3196/4368/3196 1089/545/1089 3197/4365/3197
f 4414/4367/4414 3197/4365/3197 571/1019/571
f 2014/1038/2014 4415/4369/4415 3196/4368/3196
f 115/4198/115 1883/4206/1883 4415/4369/4415
f 1883/4206/1883 443/546/443 3198/543/3198
f 4415/4369/4415 3198/543/3198 1089/545/1089
f 575/4370/575 3201/5007/3201 4416/4371/4416
f 3201/4372/3201 1090/537/1090 3199/536/3199
f 4416/4371/4416 3199/5008/3199 494/1854/494
f 1439/1046/1439 4416/4371/4416 1358/1853/1358
f 162/1055/162 1442/3800/1442 4417/4374/4417
f 1442/3800/1442 578/3799/578 3200/4375/3200
f 4417/4374/4417 3200/4375/3200 1090/537/1090
f 2015/3826/2015 4417/4374/4417 3201/4372/3201
f 578/1065/578 2018/1064/2018 4418/4376/4418
f 2018/1064/2018 109/1063/109 1877/2931/1877
f 4418/4376/4418 1877/2931/1877 437/2930/437
f 3200/4375/3200 4418/5009/4418 3202/535/3202
f 370/4379/370 3205/4381/3205 4419/4380/4419
f 3205/4381/3205 1091/527/1091 3203/529/3203
f 4419/4380/4419 3203/529/3203 333/534/333
f 1810/125/1810 4419/4380/4419 1773/2524/1773
f 65/4382/65 1872/5010/1872 4420/4383/4420
f 1872/4385/1872 432/526/432 3204/4386/3204
f 4420/4383/4420 3204/4392/3204 1091/527/1091
f 1234/4384/1234 4420/4383/4420 3205/4381/3205
f 432/526/432 1296/525/1296 4421/4388/4421
f 1296/525/1296 81/524/81 1298/4389/1298
f 4421/4388/4421 1298/4389/1298 434/4390/434
f 3204/4392/3204 4421/5011/4421 3206/530/3206
f 330/4393/330 3209/4395/3209 4422/4394/4422
f 3209/4395/3209 1092/519/1092 3207/521/3207
f 4422/4394/4422 3207/521/3207 432/526/432
f 1770/133/1770 4422/4394/4422 1872/4385/1872
f 25/118/25 1807/4398/1807 4423/4396/4423
f 1807/4398/1807 367/204/367 3208/4399/3208
f 4423/4396/4423 3208/4399/3208 1092/519/1092
f 1194/4397/1194 4423/4396/4423 3209/4395/3209
f 367/204/367 1231/203/1231 4424/4400/4424
f 1231/203/1231 62/202/62 1297/4401/1297
f 4424/4400/4424 1297/4401/1297 433/4402/433
f 3208/4399/3208 4424/4400/4424 3210/522/3210
f 433/4402/433 3213/4413/3213 4425/4403/4425
f 3213/4404/3213 1093/511/1093 3211/513/3211
f 4425/4403/4425 3211/5012/3211 431/4406/431
f 1873/523/1873 4425/4403/4425 1871/4407/1871
f 62/4408/62 1767/4411/1767 4426/4409/4426
f 1767/4411/1767 327/112/327 3212/4412/3212
f 4426/4409/4426 3212/4412/3212 1093/511/1093
f 1297/4401/1297 4426/5013/4426 3213/4413/3213
f 327/112/327 1191/111/1191 4427/4414/4427
f 1191/111/1191 17/110/17 1174/2948/1174
f 4427/4414/4427 1174/2948/1174 310/2949/310
f 3212/4412/3212 4427/4414/4427 3214/514/3214
f 3217/4415/3217 4428/4416/4428 1806/102/1806
f 1094/503/1094 3215/502/3215 4428/4416/4428
f 3215/502/3215 339/510/339 1779/4417/1779
f 4428/4416/4428 1779/4417/1779 18/4418/18
f 1868/4419/1868 4429/4422/4429 1230/4420/1230
f 428/500/428 3216/4423/3216 4429/4422/4429
f 3216/4423/3216 1094/503/1094 3217/4415/3217
f 4429/4422/4429 3217/4415/3217 366/100/366
f 1292/4424/1292 4430/4428/4430 3216/4423/3216
f 80/4425/80 1294/4427/1294 4430/4426/4430
f 1294/4427/1294 430/504/430 3218/506/3218
f 4430/4428/4430 3218/501/3218 1094/503/1094
f 3221/4429/3221 4431/4430/4431 1766/210/1766
f 1095/494/1095 3219/493/3219 4431/4430/4431
f 3219/493/3219 428/500/428 1868/4419/1868
f 4431/4430/4431 1868/4419/1868 61/4421/61
f 1803/4431/1803 4432/4434/4432 1190/4432/1190
f 363/280/363 3220/4435/3220 4432/4434/4432
f 3220/4435/3220 1095/494/1095 3221/4429/3221
f 4432/4434/4432 3221/4429/3221 326/208/326
f 1227/279/1227 4433/4437/4433 3220/4435/3220
f 58/4436/58 1293/4438/1293 4433/4437/4433
f 1293/4438/1293 429/495/429 3222/492/3222
f 4433/4437/4433 3222/492/3222 1095/494/1095
f 3225/4439/3225 4434/4441/4434 1869/497/1869
f 1096/486/1096 3223/485/3223 4434/4441/4434
f 3223/485/3223 427/491/427 1867/4442/1867
f 4434/4441/4434 1867/4442/1867 80/4425/80
f 1763/4443/1763 4435/4446/4435 1293/4444/1293
f 323/88/323 3224/4447/3224 4435/4446/4435
f 3224/4447/3224 1096/486/1096 3225/4439/3225
f 4435/4446/4435 3225/4439/3225 429/4440/429
f 1187/87/1187 4436/4448/4436 3224/4447/3224
f 13/2416/13 1170/2443/1170 4436/4448/4436
f 1170/2443/1170 306/487/306 3226/484/3226
f 4436/4448/4436 3226/484/3226 1096/486/1096
f 362/4449/362 3229/4451/3229 4437/4450/4437
f 3229/4451/3229 1097/476/1097 3227/478/3227
f 4437/4450/4437 3227/478/3227 340/483/340
f 1802/77/1802 4437/4450/4437 1780/4452/1780
f 57/286/57 1864/4455/1864 4438/4453/4438
f 1864/4455/1864 424/475/424 3228/4456/3228
f 4438/4453/4438 3228/4456/3228 1097/476/1097
f 1226/4454/1226 4438/4453/4438 3229/4451/3229
f 424/475/424 1288/474/1288 4439/4457/4439
f 1288/474/1288 79/473/79 1290/4458/1290
f 4439/4457/4439 1290/4458/1290 426/4459/426
f 3228/4456/3228 4439/4457/4439 3230/479/3230
f 322/4460/322 3233/4462/3233 4440/4461/4440
f 3233/4462/3233 1098/468/1098 3231/470/3231
f 4440/4461/4440 3231/470/3231 424/475/424
f 1762/285/1762 4440/4461/4440 1864/4455/1864
f 23/70/23 1799/4465/1799 4441/4463/4441
f 1799/4465/1799 359/356/359 3232/4466/3232
f 4441/4463/4441 3232/4466/3232 1098/468/1098
f 1186/4464/1186 4441/4463/4441 3233/4462/3233
f 359/356/359 1223/355/1223 4442/4467/4442
f 1223/355/1223 54/354/54 1289/4468/1289
f 4442/4467/4442 1289/4468/1289 425/4469/425
f 3232/4466/3232 4442/4467/4442 3234/471/3234
f 425/4469/425 3237/4471/3237 4443/4470/4443
f 3237/4471/3237 1099/460/1099 3235/462/3235
f 4443/4470/4443 3235/462/3235 423/467/423
f 1865/472/1865 4443/4470/4443 1863/4472/1863
f 54/354/54 1759/4474/1759 4444/4473/4444
f 1759/4474/1759 319/64/319 3236/4475/3236
f 4444/4473/4444 3236/4475/3236 1099/460/1099
f 1289/4468/1289 4444/4473/4444 3237/4471/3237
f 319/64/319 1183/63/1183 4445/4476/4445
f 1183/63/1183 20/62/20 1177/4477/1177
f 4445/4476/4445 1177/4477/1177 313/4478/313
f 3236/4475/3236 4445/4476/4445 3238/463/3238
f 3241/4479/3241 4446/4480/4446 1798/54/1798
f 1100/454/1100 3239/453/3239 4446/4480/4446
f 3239/453/3239 337/459/337 1777/2880/1777
f 4446/4480/4446 1777/2880/1777 16/2840/16
f 1860/4481/1860 4447/4485/4447 1222/4482/1222
f 420/4484/420 3240/4486/3240 4447/4485/4447
f 3240/4486/3240 1100/454/1100 3241/4479/3241
f 4447/4485/4447 3241/4479/3241 358/52/358
f 1284/449/1284 4448/4488/4448 3240/4486/3240
f 78/4487/78 1286/4489/1286 4448/4488/4448
f 1286/4489/1286 422/455/422 3242/452/3242
f 4448/4488/4448 3242/452/3242 1100/454/1100
f 3245/4490/3245 4449/4491/4449 1758/362/1758
f 1101/445/1101 3243/444/3243 4449/4491/4449
f 3243/444/3243 420/451/420 1860/4492/1860
f 4449/4491/4449 1860/4492/1860 53/4493/53
f 1795/4494/1795 4450/4497/4450 1182/4495/1182
f 355/432/355 3244/4498/3244 4450/4497/4450
f 3244/4498/3244 1101/445/1101 3245/4490/3245
f 4450/4497/4450 3245/4490/3245 318/360/318
f 1219/431/1219 4451/4500/4451 3244/4498/3244
f 50/4499/50 1285/4501/1285 4451/4500/4451
f 1285/4501/1285 421/446/421 3246/443/3246
f 4451/4500/4451 3246/443/3246 1101/445/1101
f 3249/4502/3249 4452/4504/4452 1861/4503/1861
f 1102/435/1102 3247/434/3247 4452/4504/4452
f 3247/442/3247 419/441/419 1859/4505/1859
f 4452/4506/4452 1859/4505/1859 78/4487/78
f 1755/4507/1755 4453/4508/4453 1285/4501/1285
f 315/40/315 3248/4509/3248 4453/4508/4453
f 3248/4509/3248 1102/435/1102 3249/4502/3249
f 4453/4508/4453 3249/4502/3249 421/446/421
f 1179/39/1179 4454/4511/4454 3248/4509/3248
f 21/4510/21 1178/4512/1178 4454/4511/4454
f 1178/4512/1178 314/436/314 3250/433/3250
f 4454/4511/4454 3250/433/3250 1102/435/1102
f 3253/4513/3253 4455/4514/4455 1797/46/1797
f 1103/427/1103 3251/426/3251 4455/4514/4455
f 3251/426/3251 355/432/355 1795/4494/1795
f 4455/4514/4455 1795/4494/1795 22/4496/22
f 1856/4515/1856 4456/4518/4456 1221/4516/1221
f 416/424/416 3252/4519/3252 4456/4518/4456
f 3252/4519/3252 1103/427/1103 3253/4513/3253
f 4456/4518/4456 3253/4513/3253 357/44/357
f 1280/423/1280 4457/4521/4457 3252/4519/3252
f 77/4520/77 1282/4522/1282 4457/4521/4457
f 1282/4522/1282 418/428/418 3254/425/3254
f 4457/4521/4457 3254/425/3254 1103/427/1103
f 3257/4523/3257 4458/4524/4458 1757/390/1757
f 1104/419/1104 3255/418/3255 4458/4524/4458
f 3255/418/3255 416/424/416 1856/4515/1856
f 4458/4524/4458 1856/4515/1856 52/4517/52
f 1780/4452/1780 4459/4526/4459 1181/4525/1181
f 340/483/340 3256/4527/3256 4459/4526/4459
f 3256/4527/3256 1104/419/1104 3257/4523/3257
f 4459/4526/4459 3257/4523/3257 317/388/317
f 1204/482/1204 4460/4528/4460 3256/4527/3256
f 35/481/35 1281/4529/1281 4460/4528/4460
f 1281/4529/1281 417/420/417 3258/417/3258
f 4460/4528/4460 3258/417/3258 1104/419/1104
f 3261/4530/3261 4461/4531/4461 1857/422/1857
f 1105/411/1105 3259/410/3259 4461/4531/4461
f 3259/410/3259 415/416/415 1855/4532/1855
f 4461/4531/4461 1855/4532/1855 77/4520/77
f 1740/4533/1740 4462/4534/4462 1281/4529/1281
f 300/24/300 3260/4535/3260 4462/4534/4462
f 3260/4535/3260 1105/411/1105 3261/4530/3261
f 4462/4534/4462 3261/4530/3261 417/420/417
f 1164/23/1164 4463/4536/4463 3260/4535/3260
f 9/22/9 1166/4537/1166 4463/4536/4463
f 1166/4537/1166 302/412/302 3262/409/3262
f 4463/4536/4463 3262/409/3262 1105/411/1105
f 3265/4538/3265 4464/4539/4464 1168/2661/1168
f 1106/403/1106 3263/402/3263 4464/4539/4464
f 3263/402/3263 356/408/356 1796/4540/1796
f 4464/4539/4464 1796/4540/1796 11/2629/11
f 1852/4541/1852 4465/4542/4465 1744/2657/1744
f 412/400/412 3264/4543/3264 4465/4542/4465
f 3264/4543/3264 1106/403/1106 3265/4538/3265
f 4465/4542/4465 3265/4538/3265 304/2659/304
f 1276/399/1276 4466/4545/4466 3264/4543/3264
f 76/4544/76 1278/4546/1278 4466/4545/4466
f 1278/4546/1278 414/404/414 3266/401/3266
f 4466/4545/4466 3266/401/3266 1106/403/1106
f 3269/4547/3269 4467/4548/4467 1208/3026/1208
f 1107/395/1107 3267/394/3267 4467/4548/4467
f 3267/394/3267 412/400/412 1852/4541/1852
f 4467/4548/4467 1852/4541/1852 39/2654/39
f 1792/4549/1792 4468/4550/4468 1784/3022/1784
f 352/304/352 3268/4551/3268 4468/4550/4468
f 3268/4551/3268 1107/395/1107 3269/4547/3269
f 4468/4550/4468 3269/4547/3269 344/3024/344
f 1216/303/1216 4469/4552/4469 3268/4551/3268
f 47/302/47 1277/4553/1277 4469/4552/4469
f 1277/4553/1277 413/396/413 3270/393/3270
f 4469/4552/4469 3270/393/3270 1107/395/1107
f 3273/4554/3273 4470/4558/4470 1853/398/1853
f 1108/387/1108 3271/386/3271 4470/4555/4470
f 3271/386/3271 411/392/411 1851/4557/1851
f 4470/4558/4470 1851/5014/1851 76/4544/76
f 1752/4559/1752 4471/4563/4471 1277/4553/1277
f 312/80/312 3272/4562/3272 4471/4560/4471
f 3272/4562/3272 1108/387/1108 3273/4556/3273
f 4471/4563/4471 3273/4554/3273 413/396/413
f 1176/79/1176 4472/4564/4472 3272/4562/3272
f 19/78/19 1181/4525/1181 4472/4564/4472
f 1181/4525/1181 317/388/317 3274/385/3274
f 4472/4564/4472 3274/385/3274 1108/387/1108
f 292/4565/292 3277/4567/3277 4473/4566/4473
f 3277/4567/3277 1109/377/1109 3275/376/3275
f 4473/4566/4473 3275/376/3275 349/4568/349
f 4473/4566/4473 1789/4569/1789 2/2462/2
f 1848/4570/1848 4474/4572/4474 1732/2493/1732
f 408/4571/408 3276/5015/3276 4474/4572/4474
f 3276/4573/3276 1109/377/1109 3277/4567/3277
f 4474/4572/4474 3277/5016/3277 292/2496/292
f 1272/372/1272 4475/4576/4475 3276/4573/3276
f 75/4575/75 1274/4577/1274 4475/4576/4475
f 1274/4577/1274 410/4917/410 3278/375/3278
f 4475/4576/4475 3278/375/3278 1109/377/1109
f 3281/4578/3281 4476/4579/4476 1196/2634/1196
f 1110/367/1110 3279/366/3279 4476/4579/4476
f 3279/366/3279 408/4571/408 1848/4570/1848
f 4476/4579/4476 1848/4570/1848 27/2495/27
f 1796/4540/1796 4477/4580/4477 1772/2632/1772
f 356/408/356 3280/4581/3280 4477/4580/4477
f 3280/4581/3280 1110/367/1110 3281/4578/3281
f 4477/4580/4477 3281/4578/3281 332/2635/332
f 1220/407/1220 4478/4583/4478 3280/4581/3280
f 51/4582/51 1273/5017/1273 4478/4583/4478
f 1273/4584/1273 409/368/409 3282/370/3282
f 4478/4583/4478 3282/365/3282 1110/367/1110
f 3285/4586/3285 4479/4587/4479 1849/371/1849
f 1111/359/1111 3283/358/3283 4479/4587/4479
f 3283/358/3283 407/364/407 1847/4588/1847
f 4479/4587/4479 1847/4588/1847 75/4575/75
f 1756/4589/1756 4480/4591/4480 1273/4584/1273
f 316/48/316 3284/4592/3284 4480/4591/4480
f 3284/4592/3284 1111/359/1111 3285/4586/3285
f 4480/4591/4480 3285/4586/3285 409/368/409
f 1180/47/1180 4481/4593/4481 3284/4592/3284
f 22/4496/22 1182/4495/1182 4481/4593/4481
f 1182/4495/1182 318/360/318 3286/357/3286
f 4481/4593/4481 3286/357/3286 1111/359/1111
f 361/4594/361 3289/4596/3289 4482/4595/4482
f 3289/4596/3289 1112/349/1112 3287/351/3287
f 4482/4595/4482 3287/351/3287 359/356/359
f 1801/69/1801 4482/4595/4482 1799/4465/1799
f 56/4597/56 1844/4600/1844 4483/4598/4483
f 1844/4600/1844 404/4602/404 3288/4601/3288
f 4483/4598/4483 3288/4601/3288 1112/349/1112
f 1225/4599/1225 4483/4598/4483 3289/4596/3289
f 404/4602/404 1268/4604/1268 4484/4603/4484
f 1268/4604/1268 74/5018/74 1270/4605/1270
f 4484/4603/4484 1270/4605/1270 406/4606/406
f 3288/4601/3288 4484/4603/4484 3290/352/3290
f 321/4607/321 3293/4609/3293 4485/4608/4485
f 3293/4609/3293 1113/341/1113 3291/343/3291
f 4485/4608/4485 3291/343/3291 404/348/404
f 1761/309/1761 4485/4608/4485 1844/4610/1844
f 10/2679/10 1167/2735/1167 4486/4611/4486
f 1167/2735/1167 303/2733/303 3292/4613/3292
f 4486/4611/4486 3292/4613/3292 1113/341/1113
f 1185/4612/1185 4486/4611/4486 3293/4609/3293
f 303/2733/303 1743/2731/1743 4487/4614/4487
f 1743/2731/1743 38/2728/38 1269/4615/1269
f 4487/4614/4487 1269/4615/1269 405/4616/405
f 3292/4613/3292 4487/4614/4487 3294/344/3294
f 405/4616/405 3297/4618/3297 4488/4617/4488
f 3297/4618/3297 1114/333/1114 3295/335/3295
f 4488/4617/4488 3295/335/3295 403/340/403
f 1845/345/1845 4488/4617/4488 1843/4619/1843
f 38/2728/38 1207/2757/1207 4489/4620/4489
f 1207/2757/1207 343/2755/343 3296/4621/3296
f 4489/4620/4489 3296/4621/3296 1114/333/1114
f 1269/4615/1269 4489/4620/4489 3297/4618/3297
f 343/2755/343 1783/2753/1783 4490/4622/4490
f 1783/2753/1783 5/2709/5 1165/4623/1165
f 4490/4622/4490 1165/4623/1165 301/4624/301
f 3296/4621/3296 4490/4622/4490 3298/336/3298
f 308/2285/308 3301/4626/3301 4491/4625/4491
f 3301/4626/3301 1115/323/1115 3299/325/3299
f 4491/4625/4491 3299/325/3299 360/332/360
f 1172/2284/1172 4491/4625/4491 1800/4627/1800
f 43/2279/43 1840/4629/1840 4492/4628/4492
f 1840/4629/1840 400/4639/400 3300/4630/3300
f 4492/4628/4492 3300/4630/3300 1115/323/1115
f 1748/2282/1748 4492/4628/4492 3301/4626/3301
f 400/322/400 1264/321/1264 4493/4631/4493
f 1264/321/1264 73/320/73 1266/4633/1266
f 4493/4631/4493 1266/4633/1266 402/4634/402
f 3300/4630/3300 4493/5019/4493 3302/4635/3302
f 348/2576/348 3305/5020/3305 4494/4636/4494
f 3305/4637/3305 1116/315/1116 3303/317/3303
f 4494/4636/4494 3303/5021/3303 400/4639/400
f 1212/2579/1212 4494/4636/4494 1840/4629/1840
f 1/2569/1 1155/2605/1155 4495/4640/4495
f 291/2607/291 3304/4641/3304 4495/4640/4495
f 3304/4641/3304 1116/315/1116 3305/4637/3305
f 4495/4640/4495 3305/4637/3305 348/4642/348
f 291/2602/291 1731/2599/1731 4496/4643/4496
f 1731/2599/1731 26/2601/26 1265/4645/1265
f 4496/4643/4496 1265/4645/1265 401/4646/401
f 3304/4641/3304 4496/5022/4496 3306/318/3306
f 401/4648/401 3309/5023/3309 4497/4649/4497
f 3309/4650/3309 1117/305/1117 3307/307/3307
f 4497/4649/4497 3307/312/3307 399/314/399
f 1841/319/1841 4497/4649/4497 1839/4652/1839
f 26/2601/26 1195/2684/1195 4498/4653/4498
f 1195/2684/1195 331/2685/331 3308/4654/3308
f 4498/4653/4498 3308/4654/3308 1117/305/1117
f 1265/4645/1265 4498/4653/4498 3309/4650/3309
f 331/2685/331 1771/2682/1771 4499/4655/4499
f 1771/2682/1771 10/2679/10 1185/4612/1185
f 4499/4655/4499 1185/4612/1185 321/4607/321
f 3308/4654/3308 4499/4655/4499 3310/308/3310
f 296/3044/296 3313/4657/3313 4500/4656/4500
f 3313/4657/3313 1118/297/1118 3311/299/3311
f 4500/4656/4500 3311/299/3311 352/304/352
f 1160/3046/1160 4500/4656/4500 1792/4549/1792
f 31/3000/31 1836/4659/1836 4501/4658/4501
f 1836/4659/1836 396/296/396 3312/4660/3312
f 4501/4658/4501 3312/4660/3312 1118/297/1118
f 1736/3042/1736 4501/4658/4501 3313/4657/3313
f 396/296/396 1260/295/1260 4502/4661/4502
f 1260/295/1260 72/294/72 1262/4662/1262
f 4502/4661/4502 1262/4662/1262 398/4663/398
f 3312/4660/3312 4502/4661/4502 3314/300/3314
f 336/2996/336 3317/4665/3317 4503/4664/4503
f 3317/4665/3317 1119/289/1119 3315/291/3315
f 4503/4664/4503 3315/291/3315 396/296/396
f 1200/2998/1200 4503/4664/4503 1836/4659/1836
f 15/2286/15 1800/4627/1800 4504/4666/4504
f 1800/4627/1800 360/332/360 3316/4667/3316
f 4504/4666/4504 3316/4667/3316 1119/289/1119
f 1776/2994/1776 4504/4666/4504 3317/4665/3317
f 360/332/360 1224/331/1224 4505/4668/4505
f 1224/331/1224 55/5024/55 1261/4669/1261
f 4505/4668/4505 1261/4669/1261 397/4670/397
f 3316/4667/3316 4505/4668/4505 3318/292/3318
f 397/4671/397 3321/4674/3321 4506/4672/4506
f 3321/4674/3321 1120/281/1120 3319/283/3319
f 4506/4672/4506 3319/283/3319 395/288/395
f 1837/4673/1837 4506/4672/4506 1835/4675/1835
f 55/329/55 1760/4679/1760 4507/4677/4507
f 1760/4679/1760 320/72/320 3320/4680/3320
f 4507/4677/4507 3320/4680/3320 1120/281/1120
f 1261/4678/1261 4507/4677/4507 3321/4674/3321
f 320/72/320 1184/71/1184 4508/4681/4508
f 1184/71/1184 23/70/23 1186/4464/1186
f 4508/4681/4508 1186/4464/1186 322/4460/322
f 3320/4680/3320 4508/4681/4508 3322/284/3322
f 3325/4682/3325 4509/4683/4509 1805/94/1805
f 1121/275/1121 3323/274/3323 4509/4683/4509
f 3323/274/3323 363/280/363 1803/4431/1803
f 4509/4683/4509 1803/4431/1803 24/4433/24
f 1832/4684/1832 4510/4687/4510 1229/4685/1229
f 392/271/392 3324/4688/3324 4510/4687/4510
f 3324/4688/3324 1121/275/1121 3325/4682/3325
f 4510/4687/4510 3325/4682/3325 365/92/365
f 1256/270/1256 4511/4690/4511 3324/4688/3324
f 71/4689/71 1258/4691/1258 4511/4690/4511
f 1258/4691/1258 394/276/394 3326/273/3326
f 4511/4690/4511 3326/273/3326 1121/275/1121
f 3329/4692/3329 4512/4693/4512 1765/234/1765
f 1122/265/1122 3327/264/3327 4512/4693/4512
f 3327/272/3327 392/271/392 1832/4684/1832
f 4512/4693/4512 1832/5025/1832 60/4695/60
f 1171/2367/1171 4513/4697/4513 1189/4696/1189
f 307/2368/307 3328/4698/3328 4513/4697/4513
f 3328/4698/3328 1122/265/1122 3329/4692/3329
f 4513/4697/4513 3329/4692/3329 325/232/325
f 1747/2365/1747 4514/4699/4514 3328/4698/3328
f 42/2362/42 1257/4700/1257 4514/4699/4514
f 1257/4700/1257 393/4707/393 3330/263/3330
f 4514/4699/4514 3330/263/3330 1122/265/1122
f 3333/4701/3333 4515/4702/4515 1833/269/1833
f 1123/255/1123 3331/254/3331 4515/4702/4515
f 3331/254/3331 391/4885/391 1831/4703/1831
f 4515/4702/4515 1831/4703/1831 71/4689/71
f 1211/2401/1211 4516/4704/4516 1257/4700/1257
f 347/2399/347 3332/5026/3332 4516/4704/4516
f 3332/4705/3332 1123/255/1123 3333/4701/3333
f 4516/4704/4516 3333/5027/3333 393/4707/393
f 347/4708/347 1787/4710/1787 4517/4709/4517
f 3/2340/3 1158/2342/1158 4517/4709/4517
f 4517/4709/4517 1158/2342/1158 294/4711/294
f 3332/4705/3332 4517/4709/4517 3334/253/3334
f 3337/4712/3337 4518/4714/4518 1781/61/1781
f 1124/247/1124 3335/246/3335 4518/4714/4518
f 3335/246/3335 364/252/364 1804/4715/1804
f 4518/4714/4518 1804/4715/1804 20/62/20
f 1828/4716/1828 4519/4718/4519 1205/4717/1205
f 388/244/388 3336/4722/3336 4519/4718/4519
f 3336/4719/3336 1124/247/1124 3337/4712/3337
f 4519/4720/4519 3337/4712/3337 341/4713/341
f 1252/243/1252 4520/4724/4520 3336/4722/3336
f 70/4723/70 1254/5028/1254 4520/4724/4520
f 1254/4725/1254 390/248/390 3338/245/3338
f 4520/4726/4520 3338/245/3338 1124/247/1124
f 3341/4727/3341 4521/4728/4521 1741/337/1741
f 1125/239/1125 3339/238/3339 4521/4728/4521
f 3339/238/3339 388/244/388 1828/4716/1828
f 4521/4728/4521 1828/4716/1828 36/338/36
f 1159/2707/1159 4522/4729/4522 1165/4623/1165
f 295/2705/295 3340/4730/3340 4522/4729/4522
f 3340/4730/3340 1125/239/1125 3341/4727/3341
f 4522/4729/4522 3341/4727/3341 301/4624/301
f 1735/2703/1735 4523/4731/4523 3340/4730/3340
f 30/2314/30 1253/4732/1253 4523/4731/4523
f 1253/4732/1253 389/240/389 3342/237/3342
f 4523/4731/4523 3342/237/3342 1125/239/1125
f 3345/4733/3345 4524/4734/4524 1829/242/1829
f 1126/231/1126 3343/230/3343 4524/4734/4524
f 3343/230/3343 387/236/387 1827/4735/1827
f 4524/4734/4524 1827/4735/1827 70/4723/70
f 1199/2312/1199 4525/4736/4525 1253/4732/1253
f 335/2310/335 3344/4737/3344 4525/4736/4525
f 3344/4737/3344 1126/231/1126 3345/4733/3345
f 4525/4736/4525 3345/4733/3345 389/240/389
f 1775/2307/1775 4526/4738/4526 3344/4737/3344
f 14/2309/14 1189/4696/1189 4526/4738/4526
f 1189/4696/1189 325/232/325 3346/229/3346
f 4526/4738/4526 3346/229/3346 1126/231/1126
f 3349/4739/3349 4527/4741/4527 1793/21/1793
f 1127/223/1127 3347/222/3347 4527/4741/4527
f 3347/222/3347 351/228/351 1791/4742/1791
f 4527/4741/4527 1791/4742/1791 9/22/9
f 1824/4743/1824 4528/4745/4528 1217/4744/1217
f 384/220/384 3348/4746/3348 4528/4745/4528
f 3348/4746/3348 1127/223/1127 3349/4739/3349
f 4528/4745/4528 3349/4739/3349 353/4740/353
f 1248/219/1248 4529/4748/4529 3348/4746/3348
f 69/4747/69 1250/4749/1250 4529/4748/4529
f 1250/4749/1250 386/224/386 3350/221/3350
f 4529/4748/4529 3350/221/3350 1127/223/1127
f 3353/4750/3353 4530/4751/4530 1753/464/1753
f 1128/215/1128 3351/214/3351 4530/4751/4530
f 3351/214/3351 384/220/384 1824/4743/1824
f 4530/4751/4530 1824/4743/1824 48/465/48
f 1804/4715/1804 4531/4752/4531 1177/4477/1177
f 364/252/364 3352/4753/3352 4531/4752/4531
f 3352/4753/3352 1128/215/1128 3353/4750/3353
f 4531/4752/4531 3353/4750/3353 313/4478/313
f 1228/251/1228 4532/4755/4532 3352/4753/3352
f 59/4754/59 1249/4756/1249 4532/4755/4532
f 1249/4756/1249 385/216/385 3354/213/3354
f 4532/4755/4532 3354/213/3354 1128/215/1128
f 3357/4757/3357 4533/4758/4533 1825/218/1825
f 1129/207/1129 3355/206/3355 4533/4758/4533
f 3355/206/3355 383/212/383 1823/4759/1823
f 4533/4758/4533 1823/4759/1823 69/4747/69
f 1764/4760/1764 4534/4761/4534 1249/4756/1249
f 324/96/324 3356/4762/3356 4534/4761/4534
f 3356/4762/3356 1129/207/1129 3357/4757/3357
f 4534/4761/4534 3357/4757/3357 385/216/385
f 1188/95/1188 4535/4763/4535 3356/4762/3356
f 24/4433/24 1190/4432/1190 4535/4763/4535
f 1190/4432/1190 326/208/326 3358/205/3358
f 4535/4763/4535 3358/205/3358 1129/207/1129
f 369/4764/369 3361/4766/3361 4536/4765/4536
f 3361/4766/3361 1130/197/1130 3359/199/3359
f 4536/4765/4536 3359/199/3359 367/204/367
f 1809/117/1809 4536/4765/4536 1807/4398/1807
f 64/160/64 1820/4769/1820 4537/4767/4537
f 1820/4769/1820 380/196/380 3360/4770/3360
f 4537/4767/4537 3360/4770/3360 1130/197/1130
f 1233/4768/1233 4537/4767/4537 3361/4766/3361
f 380/196/380 1244/195/1244 4538/4771/4538
f 1244/194/1244 68/193/68 1246/4772/1246
f 4538/4771/4538 1246/5029/1246 382/4774/382
f 3360/4770/3360 4538/4771/4538 3362/200/3362
f 329/4775/329 3365/4777/3365 4539/4776/4539
f 3365/4777/3365 1131/187/1131 3363/189/3363
f 4539/4776/4539 3363/189/3363 380/196/380
f 1769/159/1769 4539/4776/4539 1820/4769/1820
f 18/4418/18 1779/4417/1779 4540/4778/4540
f 1779/4417/1779 339/510/339 3364/4780/3364
f 4540/4778/4540 3364/4780/3364 1131/187/1131
f 1193/4779/1193 4540/4778/4540 3365/4777/3365
f 339/510/339 1203/4967/1203 4541/4781/4541
f 1203/508/1203 34/4789/34 1245/4782/1245
f 4541/4783/4541 1245/4782/1245 381/4784/381
f 3364/4780/3364 4541/4781/4541 3366/4785/3366
f 381/4784/381 3369/4787/3369 4542/4786/4542
f 3369/4787/3369 1132/179/1132 3367/181/3367
f 4542/4786/4542 3367/181/3367 379/186/379
f 1821/191/1821 4542/4786/4542 1819/4788/1819
f 34/4789/34 1739/4791/1739 4543/4790/4543
f 1739/4791/1739 299/16/299 3368/4792/3368
f 4543/4790/4543 3368/4792/3368 1132/179/1132
f 1245/4782/1245 4543/4790/4543 3369/4787/3369
f 299/16/299 1163/15/1163 4544/4793/4544
f 1163/15/1163 8/2773/8 1162/2797/1162
f 4544/4793/4544 1162/2797/1162 298/2795/298
f 3368/4792/3368 4544/4793/4544 3370/182/3370
f 342/36/342 3373/4795/3373 4545/4794/4545
f 3373/4795/3373 1133/171/1133 3371/173/3371
f 4545/4794/4545 3371/173/3371 368/178/368
f 1782/38/1782 4545/4794/4545 1808/4796/1808
f 37/4797/37 1816/4800/1816 4546/4798/4546
f 1816/4800/1816 376/170/376 3372/4801/3372
f 4546/4798/4546 3372/4801/3372 1133/171/1133
f 1206/4799/1206 4546/4798/4546 3373/4795/3373
f 376/170/376 1240/169/1240 4547/4802/4547
f 1240/169/1240 67/168/67 1242/4803/1242
f 4547/4802/4547 1242/4803/1242 378/4804/378
f 3372/4801/3372 4547/4802/4547 3374/174/3374
f 302/412/302 3377/4806/3377 4548/4805/4548
f 3377/4806/3377 1134/163/1134 3375/165/3375
f 4548/4805/4548 3375/165/3375 376/170/376
f 1742/414/1742 4548/4805/4548 1816/4800/1816
f 9/22/9 1791/4742/1791 4549/4807/4549
f 1791/4742/1791 351/228/351 3376/4808/3376
f 4549/4807/4549 3376/4808/3376 1134/163/1134
f 1166/4537/1166 4549/4807/4549 3377/4806/3377
f 351/228/351 1215/227/1215 4550/4809/4550
f 1215/227/1215 46/4815/46 1241/4810/1241
f 4550/4809/4550 1241/4810/1241 377/4811/377
f 3376/4808/3376 4550/4809/4550 3378/166/3378
f 377/4811/377 3381/4813/3381 4551/4812/4551
f 3381/4813/3381 1135/155/1135 3379/157/3379
f 4551/4812/4551 3379/157/3379 375/162/375
f 1817/167/1817 4551/4812/4551 1815/4814/1815
f 46/4815/46 1751/4817/1751 4552/4816/4552
f 1751/4817/1751 311/104/311 3380/4818/3380
f 4552/4816/4552 3380/4818/3380 1135/155/1135
f 1241/4810/1241 4552/4816/4552 3381/4813/3381
f 311/104/311 1175/103/1175 4553/4819/4553
f 1175/103/1175 18/4418/18 1193/4779/1193
f 4553/4819/4553 1193/4779/1193 329/4775/329
f 3380/4818/3380 4553/4819/4553 3382/158/3382
f 354/28/354 3385/4821/3385 4554/4820/4554
f 3385/4821/3385 1136/147/1136 3383/149/3383
f 4554/4820/4554 3383/149/3383 345/154/345
f 1794/30/1794 4554/4820/4554 1785/2818/1785
f 49/4822/49 1812/4825/1812 4555/4823/4555
f 1812/4825/1812 372/146/372 3384/4826/3384
f 4555/4823/4555 3384/4826/3384 1136/147/1136
f 1218/4824/1218 4555/4823/4555 3385/4821/3385
f 372/146/372 1236/144/1236 4556/4827/4556
f 1236/144/1236 66/143/66 1238/4828/1238
f 4556/4827/4556 1238/4828/1238 374/4829/374
f 3384/4826/3384 4556/4827/4556 3386/150/3386
f 314/436/314 3389/4832/3389 4557/4830/4557
f 3389/4832/3389 1137/137/1137 3387/139/3387
f 4557/4833/4557 3387/145/3387 372/146/372
f 1754/438/1754 4557/4833/4557 1812/4825/1812
f 21/4510/21 1808/4796/1808 4558/4834/4558
f 1808/4796/1808 368/178/368 3388/4835/3388
f 4558/4834/4558 3388/4835/3388 1137/137/1137
f 1178/4512/1178 4558/4834/4558 3389/4832/3389
f 368/178/368 1232/177/1232 4559/4836/4559
f 1232/177/1232 63/176/63 1237/4837/1237
f 4559/4836/4559 1237/4837/1237 373/4838/373
f 3388/4835/3388 4559/4836/4559 3390/140/3390
f 373/4838/373 3393/4840/3393 4560/4839/4560
f 3393/4840/3393 1138/129/1138 3391/131/3391
f 4560/4839/4560 3391/131/3391 371/136/371
f 1813/4842/1813 4560/5030/4560 1811/4843/1811
f 63/176/63 1768/4845/1768 4561/4844/4561
f 1768/4845/1768 328/120/328 3392/4846/3392
f 4561/4844/4561 3392/4846/3392 1138/129/1138
f 1237/4837/1237 4561/4844/4561 3393/4840/3393
f 328/120/328 1192/119/1192 4562/4847/4562
f 1192/119/1192 25/118/25 1194/4397/1194
f 4562/4847/4562 1194/4397/1194 330/4393/330
f 3392/4846/3392 4562/4847/4562 3394/132/3394
f 374/4829/374 3397/4849/3397 4563/4848/4563
f 3397/4849/3397 1139/121/1139 3395/123/3395
f 4563/4848/4563 3395/123/3395 305/128/305
f 1814/151/1814 4563/4848/4563 1745/2548/1745
f 66/143/66 1811/4843/1811 4564/4850/4564
f 1811/4843/1811 371/4852/371 3396/4851/3396
f 4564/4850/4564 3396/4851/3396 1139/121/1139
f 1238/4828/1238 4564/4850/4564 3397/4849/3397
f 371/4852/371 1235/4854/1235 4565/4853/4565
f 1235/4854/1235 65/4382/65 1234/4384/1234
f 4565/4853/4565 1234/4384/1234 370/4379/370
f 3396/4851/3396 4565/4853/4565 3398/124/3398
f 378/4804/378 3401/4856/3401 4566/4855/4566
f 3401/4856/3401 1140/113/1140 3399/115/3399
f 4566/4855/4566 3399/115/3399 328/120/328
f 1818/175/1818 4566/4855/4566 1768/4845/1768
f 67/168/67 1815/4814/1815 4567/4857/4567
f 1815/4814/1815 375/162/375 3400/4858/3400
f 4567/4857/4567 3400/4858/3400 1140/113/1140
f 1242/4803/1242 4567/4857/4567 3401/4856/3401
f 375/162/375 1239/161/1239 4568/4859/4568
f 1239/161/1239 64/160/64 1233/4768/1233
f 4568/4859/4568 1233/4768/1233 369/4764/369
f 3400/4858/3400 4568/4859/4568 3402/116/3402
f 382/4860/382 3405/4863/3405 4569/4861/4569
f 3405/4863/3405 1141/105/1141 3403/107/3403
f 4569/4861/4569 3403/107/3403 327/112/327
f 1822/4862/1822 4569/4861/4569 1767/4411/1767
f 68/193/68 1819/4788/1819 4570/4864/4570
f 1819/4788/1819 379/186/379 3404/4865/3404
f 4570/4864/4570 3404/4865/3404 1141/105/1141
f 1246/4772/1246 4570/4864/4570 3405/4863/3405
f 379/186/379 1243/185/1243 4571/4866/4571
f 1243/185/1243 33/184/33 1202/2902/1202
f 4571/4866/4571 1202/2902/1202 338/2900/338
f 3404/4865/3404 4571/4866/4571 3406/108/3406
f 3409/4867/3409 4572/4868/4572 1826/226/1826
f 1142/99/1142 3407/98/3407 4572/4868/4572
f 3407/98/3407 311/104/311 1751/4817/1751
f 4572/4868/4572 1751/4817/1751 46/4815/46
f 1823/4759/1823 4573/4869/4573 1250/4749/1250
f 383/212/383 3408/4870/3408 4573/4869/4573
f 3408/4870/3408 1142/99/1142 3409/4867/3409
f 4573/4869/4573 3409/4867/3409 386/224/386
f 1247/211/1247 4574/4871/4574 3408/4870/3408
f 61/4421/61 1230/4420/1230 4574/4871/4574
f 1230/4420/1230 366/100/366 3410/97/3410
f 4574/4871/4574 3410/97/3410 1142/99/1142
f 3413/4872/3413 4575/4873/4575 1830/250/1830
f 1143/91/1143 3411/90/3411 4575/4873/4575
f 3411/90/3411 324/96/324 1764/4760/1764
f 4575/4873/4575 1764/4760/1764 59/4754/59
f 1827/4874/1827 4576/4877/4576 1254/4725/1254
f 387/4876/387 3412/4878/3412 4576/4877/4576
f 3412/4878/3412 1143/91/1143 3413/4872/3413
f 4576/4877/4576 3413/4872/3413 390/248/390
f 1251/4879/1251 4577/4880/4577 3412/4878/3412
f 60/4686/60 1229/4685/1229 4577/4880/4577
f 1229/4685/1229 365/92/365 3414/89/3414
f 4577/4880/4577 3414/89/3414 1143/91/1143
f 3417/4881/3417 4578/5031/4578 1834/278/1834
f 1144/83/1144 3415/82/3415 4578/4882/4578
f 3415/82/3415 323/88/323 1763/4443/1763
f 4578/4882/4578 1763/4443/1763 58/4445/58
f 1831/4703/1831 4579/4886/4579 1258/4691/1258
f 391/4885/391 3416/5032/3416 4579/4886/4579
f 3416/4887/3416 1144/83/1144 3417/4883/3417
f 4579/4886/4579 3417/4881/3417 394/276/394
f 1255/260/1255 4580/4889/4580 3416/4887/3416
f 29/2336/29 1198/2420/1198 4580/4889/4580
f 1198/2420/1198 334/84/334 3418/81/3418
f 4580/4889/4580 3418/81/3418 1144/83/1144
f 398/4663/398 3421/4896/3421 4581/4890/4581
f 3421/4891/3421 1145/73/1145 3419/75/3419
f 4581/4892/4581 3419/75/3419 312/80/312
f 1838/301/1838 4581/4890/4581 1752/4559/1752
f 72/294/72 1835/5033/1835 4582/4893/4582
f 1835/4675/1835 395/288/395 3420/4894/3420
f 4582/4895/4582 3420/4894/3420 1145/73/1145
f 1262/4662/1262 4582/4893/4582 3421/4896/3421
f 395/288/395 1259/287/1259 4583/4897/4583
f 1259/287/1259 57/286/57 1226/4454/1226
f 4583/4897/4583 1226/4454/1226 362/4449/362
f 3420/4894/3420 4583/4897/4583 3422/76/3422
f 402/4634/402 3425/4899/3425 4584/4898/4584
f 3425/4899/3425 1146/65/1146 3423/67/3423
f 4584/4898/4584 3423/67/3423 320/72/320
f 1842/327/1842 4584/4898/4584 1760/4679/1760
f 73/320/73 1839/4652/1839 4585/4900/4585
f 1839/4652/1839 399/314/399 3424/4901/3424
f 4585/4900/4585 3424/4901/3424 1146/65/1146
f 1266/4633/1266 4585/4900/4585 3425/4899/3425
f 399/314/399 1263/313/1263 4586/4902/4586
f 1263/313/1263 56/4597/56 1225/4599/1225
f 4586/4902/4586 1225/4599/1225 361/4594/361
f 3424/4901/3424 4586/4902/4586 3426/68/3426
f 406/4606/406 3429/4904/3429 4587/4903/4587
f 3429/4904/3429 1147/57/1147 3427/59/3427
f 4587/4903/4587 3427/59/3427 319/64/319
f 1846/353/1846 4587/4903/4587 1759/4474/1759
f 74/346/74 1843/4619/1843 4588/4905/4588
f 1843/4619/1843 403/340/403 3428/4907/3428
f 4588/4908/4588 3428/4911/3428 1147/57/1147
f 1270/4605/1270 4588/4908/4588 3429/4904/3429
f 403/340/403 1267/339/1267 4589/4909/4589
f 1267/339/1267 36/338/36 1205/4717/1205
f 4589/4910/4589 1205/4721/1205 341/4713/341
f 3428/4911/3428 4589/4910/4589 3430/60/3430
f 3433/4912/3433 4590/4913/4590 1850/381/1850
f 1148/51/1148 3431/50/3431 4590/4913/4590
f 3431/50/3431 309/56/309 1749/2838/1749
f 4590/4913/4590 1749/2838/1749 44/2836/44
f 1847/4588/1847 4591/4914/4591 1274/4577/1274
f 407/364/407 3432/4918/3432 4591/4914/4591
f 3432/4915/3432 1148/51/1148 3433/4912/3433
f 4591/4914/4591 3433/5034/3433 410/4917/410
f 1271/363/1271 4592/5035/4592 3432/4918/3432
f 53/4483/53 1222/4482/1222 4592/4919/4592
f 1222/4482/1222 358/52/358 3434/49/3434
f 4592/4919/4592 3434/49/3434 1148/51/1148
f 3437/4921/3437 4593/4924/4593 1854/4922/1854
f 1149/43/1149 3435/42/3435 4593/4924/4593
f 3435/42/3435 316/48/316 1756/4589/1756
f 4593/4924/4593 1756/4589/1756 51/4590/51
f 1851/4557/1851 4594/4927/4594 1278/4925/1278
f 411/392/411 3436/4928/3436 4594/4927/4594
f 3436/4928/3436 1149/43/1149 3437/4921/3437
f 4594/4927/4594 3437/4921/3437 414/4923/414
f 1275/391/1275 4595/4929/4595 3436/4928/3436
f 52/4517/52 1221/4516/1221 4595/4929/4595
f 1221/4516/1221 357/44/357 3438/41/3438
f 4595/4929/4595 3438/41/3438 1149/43/1149
f 3441/4930/3441 4596/4931/4596 1858/430/1858
f 1150/35/1150 3439/34/3439 4596/4931/4596
f 3439/34/3439 315/40/315 1755/4507/1755
f 4596/4931/4596 1755/4507/1755 50/4499/50
f 1855/4532/1855 4597/4932/4597 1282/4522/1282
f 415/416/415 3440/4933/3440 4597/4932/4597
f 3440/4933/3440 1150/35/1150 3441/4930/3441
f 4597/4932/4597 3441/4930/3441 418/428/418
f 1279/415/1279 4598/4934/4598 3440/4933/3440
f 37/4797/37 1206/4799/1206 4598/4934/4598
f 1206/4799/1206 342/36/342 3442/33/3442
f 4598/4934/4598 3442/33/3442 1150/35/1150
f 3445/4935/3445 4599/4936/4599 1862/457/1862
f 1151/27/1151 3443/26/3443 4599/4936/4599
f 3443/26/3443 297/32/297 1737/2859/1737
f 4599/4936/4599 1737/2859/1737 32/2861/32
f 1859/4505/1859 4600/4937/4600 1286/4489/1286
f 419/441/419 3444/4938/3444 4600/4937/4600
f 3444/4938/3444 1151/27/1151 3445/4935/3445
f 4600/4937/4600 3445/4935/3445 422/455/422
f 1283/439/1283 4601/4939/4601 3444/4938/3444
f 49/4822/49 1218/4824/1218 4601/4939/4601
f 1218/4824/1218 354/28/354 3446/25/3446
f 4601/4939/4601 3446/25/3446 1151/27/1151
f 426/4459/426 3449/4941/3449 4602/4940/4602
f 3449/4941/3449 1152/17/1152 3447/19/3447
f 4602/4940/4602 3447/19/3447 300/24/300
f 1866/480/1866 4602/4940/4602 1740/4533/1740
f 79/473/79 1863/4472/1863 4603/4942/4603
f 1863/4472/1863 423/467/423 3448/4943/3448
f 4603/4942/4603 3448/4943/3448 1152/17/1152
f 1290/4458/1290 4603/4942/4603 3449/4941/3449
f 423/467/423 1287/466/1287 4604/4944/4604
f 1287/466/1287 48/465/48 1217/4744/1217
f 4604/4944/4604 1217/4744/1217 353/4740/353
f 3448/4943/3448 4604/4944/4604 3450/20/3450
f 3453/4945/3453 4605/4946/4605 1870/507/1870
f 1153/11/1153 3451/10/3451 4605/4946/4605
f 3451/10/3451 299/16/299 1739/4791/1739
f 4605/4946/4605 1739/4791/1739 34/4789/34
f 1867/4442/1867 4606/4947/4606 1294/4427/1294
f 427/491/427 3452/4948/3452 4606/4947/4606
f 3452/4948/3452 1153/11/1153 3453/4945/3453
f 4606/4947/4606 3453/4945/3453 430/504/430
f 1291/490/1291 4607/4949/4607 3452/4948/3452
f 41/2438/41 1210/2778/1210 4607/4949/4607
f 1210/2778/1210 346/12/346 3454/9/3454
f 4607/4949/4607 3454/9/3454 1153/11/1153
f 434/4950/434 3457/5036/3457 4608/4951/4608
f 3457/4952/3457 1154/3/1154 3455/2/3455
f 4608/4951/4608 3455/5037/3455 293/2921/293
f 1874/531/1874 4608/4951/4608 1733/2920/1733
f 81/524/81 1871/4407/1871 4609/4954/4609
f 1871/4407/1871 431/4406/431 3456/4955/3456
f 4609/4954/4609 3456/4955/3456 1154/3/1154
f 1298/4389/1298 4609/4954/4609 3457/4952/3457
f 431/518/431 1295/517/1295 4610/4956/4610
f 1295/517/1295 45/516/45 1214/2982/1214
f 4610/4956/4610 1214/2982/1214 350/2980/350
f 3456/4955/3456 4610/5038/4610 3458/1/3458
